elevation,depth,osmid,name,latitude,longitude
4.592501163482666,3.033149242401123,245661519,,19.0241060142708,73.0398492283473
1.79226815700531,1.6341301202774048,245662471,,19.032996887483147,73.08451247439335
4.744401454925537,2.9361820220947266,341820861,Sector 29 Vashi Road,19.088857511890197,73.00782777476726
4.923241138458252,1.3262720108032229,341820861,Sector 29 Vashi Road,19.089140726482395,73.00734173974611
5.475800037384033,1.5286035537719729,341831017,Thane Belapur Road,19.09243203373596,73.0174274632875
4.069923400878906,1.750699520111084,341943797,,19.072086323351677,73.08948843725038
5.973714828491211,1.3122286796569824,344651900,Juinagar Station Service Road,19.05269899509451,73.01907355742607
4.444992542266846,2.541801929473877,344887040,,19.04936942033333,73.01628616280685
5.856371402740479,1.2003889083862305,344887601,Pundalik Mahadu Patil Marg,19.04822708669424,73.0148100506051
4.1282172203063965,2.823477268218994,344887601,Pundalik Mahadu Patil Marg,19.04795405537481,73.01512671034392
5.856371402740479,1.2003889083862305,344887634,Pundalik Mahadu Patil Marg,19.04821387768495,73.0148253694359
4.795014381408691,1.4636015892028809,344887863,Akhandanand Saraswati Marg,19.046592233852977,73.01311453661066
4.458315372467041,1.35105562210083,344889238,,19.0129876010456,73.02410069546721
4.495171070098877,1.4482030868530271,344890457,Shiravne Service Road,19.05189060411273,73.0196849343413
5.310031890869141,2.98330307006836,385752404,,19.06368031171897,73.01338372960922
5.682302951812744,3.428128719329834,386422359,Thane Belapur Road,19.065697986338787,73.01918734617651
4.946022033691406,1.8130507469177248,457089613,Patni Road,19.158838336611176,72.99121371466168
5.750998497009277,2.510739326477051,474660048,,19.01985265391433,73.01519570053895
4.539320945739746,1.3394365310668943,478481915,Dausha Ram Mahatrey Marg,19.008404748392454,73.03558145128302
4.760208606719971,1.91658878326416,478481919,,19.00833636362019,73.03751868146989
5.388124465942383,1.887077808380127,478481941,,19.01383600352197,73.03719620202162
3.48843002319336,1.3173837661743164,478481945,Gopinath Panda Patil Marg,19.01199235374232,73.03779157964092
3.1517581939697266,7.775191307067871,478490052,Darave Road,19.02454690745553,73.02004343415113
1.7600387334823608,1.2074469327926636,571733345,JNPT Road,18.90680405341129,73.01967341573071
2.3676228523254395,1.3939423561096191,571733345,JNPT Road,18.904921444327996,73.01688755137096
2.035355806350708,1.7390315532684326,571733345,JNPT Road,18.904363777340365,73.01608149765272
4.375105381011963,1.785295486450195,571733345,JNPT Road,18.900881150267782,73.01117422438598
2.395838737487793,1.3552594184875488,571733574,,18.899551542287035,72.99343373453127
1.4787285327911377,2.126356363296509,571733758,Uran Koproli Road,18.86225909765134,73.00846924975589
1.4787285327911377,2.126356363296509,571733766,Uran Koproli Road,18.862241683213075,73.00849759406856
3.8944287300109854,3.201674461364746,571736188,Panvel Uran Road,18.897183061976456,72.980851254995
4.735527038574219,1.2128057479858398,628975373,,18.901766444833832,72.97894841873762
2.22435998916626,2.137141704559326,680015166,,19.03120721094573,73.09093989755897
0.5,2.8825953006744385,680015166,,19.031719252839487,73.08946807396777
4.076442241668701,1.262831687927246,680015166,,19.03199679094307,73.08866458663103
5.364297866821289,1.3767900466918943,683793337,,19.0089999789388,73.09618784630351
5.710954189300537,1.297905445098877,683806787,Mahatma Gandhi Road,18.98957704885068,73.10304576758065
2.906494379043579,1.3151304721832275,683806795,Bandar Road,18.991135419696487,73.09812533843937
2.54606556892395,1.2052035331726074,683813616,Uran Road,18.997039896422585,73.09868276186093
2.58223557472229,1.4244754314422607,683813616,Uran Road,18.99565511018334,73.09811635424386
2.762036800384521,2.2567124366760254,683813616,Uran Road,18.99485463635939,73.09758230806044
3.817655086517334,1.8619699478149412,683813616,Uran Road,18.994644822804304,73.09731938761449
4.929409980773926,1.452807903289795,683819162,,18.994620350951585,73.10145690925802
4.929409980773926,1.452807903289795,683819171,,18.994649526391,73.10142622297546
4.934464931488037,1.4712529182434082,693415872,,18.93592934235153,73.01622733679577
4.719028472900391,2.4408421516418457,693416470,,18.962930365071504,72.97028751351708
4.519160747528076,1.2547955513000488,696847679,,19.02982575901749,73.11222821807885
3.5,6.360548973083496,698835354,,18.97412016572527,73.13007918082376
3.4365155696868896,1.2640788555145264,808631834,,18.90757741195174,73.01714437536499
3.915489912033081,1.7766916751861572,808631834,,18.906764645034414,73.01600532378353
3.449049711227417,1.4572641849517822,809924976,,18.902106062669716,73.00746900766008
4.457203388214111,1.2008614540100098,809924976,,18.904559350561605,73.0139467306982
5.684251308441162,2.793897151947021,809924976,,18.905216447316867,73.01344379887905
4.926755905151367,1.573563575744629,809924976,,18.905544609439463,73.01319177603213
5.090475082397461,2.535175323486328,810152155,,19.023812365815463,73.0402074335227
3.919047355651856,1.341442584991455,810156754,Sion-Panvel Highway,19.035234908028404,73.08171652032868
5.332470893859863,1.242159366607666,810170733,,19.021475564140104,73.10171281153276
4.194025039672852,1.2127151489257812,810170940,"['Sion-Panvel Highway', 'Kamothe Flyover']",19.027070186297227,73.09371357237492
5.7269463539123535,2.155639171600342,904356123,Pravesh Marg,19.03305622367452,73.06540245836618
5.863048553466797,1.6819190979003906,904357290,"['Hiranandani Service Road', 'Kharghar Police Station Road']",19.034132903225963,73.06784232024626
5.977185249328613,3.0774974822998047,904357290,"['Hiranandani Service Road', 'Kharghar Police Station Road']",19.03388822067252,73.06750102550421
5.977185249328613,3.0774974822998047,904357292,"['Hiranandani Service Road', 'Kharghar Police Station Road']",19.03388220146008,73.0674924610397
5.863048553466797,1.6819190979003906,904357292,"['Hiranandani Service Road', 'Kharghar Police Station Road']",19.034126796594062,73.06783382446699
5.9196295738220215,2.0694403648376465,904357884,,19.036152709710134,73.06309352220754
5.855438709259033,3.294267177581787,904357884,,19.03582168957709,73.0628565381364
5.086542129516602,1.5865936279296875,904358332,,19.035225771068674,73.0636428578034
5.855438709259033,3.294267177581787,904358332,,19.03579084801803,73.06285657476523
5.9196295738220215,2.0694403648376465,904358332,,19.036128085078992,73.06307399592349
4.425225257873535,2.2336344718933105,904360058,"['Service Road', 'Post Office Road']",19.031791226583245,73.06453321889931
4.040877819061279,1.2600579261779783,968835772,,19.002057776529597,73.10795221973827
3.697768449783325,1.7031762599945068,968909587,Sion-Panvel Highway,19.035239665466975,73.07064274728813
5.272313594818115,2.544292449951172,968909879,,19.02467226179751,73.0392644379722
4.543294429779053,4.020895481109619,968909879,,19.024409659424915,73.03959066784869
4.592501163482666,3.033149242401123,968909879,,19.0241470563768,73.0399168967154
5.368755340576172,2.887361526489258,1078664188,"['Sion-Panvel Highway', 'Kalamboli Flyover']",19.02226802741696,73.10028506834902
4.806055545806885,1.2921948432922363,1160802006,Mar Theophilus Marg,19.084440916920748,72.99785533609877
4.806055545806885,4.38568639755249,1160802006,Juhu Chowpatty Road,19.084405794293907,72.99765919995549
4.961545944213867,2.659459590911865,1160812529,Brahmakumaris Marg,19.084973443641225,73.00375139131042
5.1614670753479,2.55342960357666,1160812529,,19.08555145368154,73.00265390734839
5.1761250495910645,3.8342461585998535,1160812546,,19.089158826329022,73.00522945866258
3.321378231048584,3.242262840270996,1160812547,,19.08818613266912,73.00554027828818
5.571203231811523,4.033644676208496,1160812547,,19.08800225829285,73.00476136965717
5.0679192543029785,2.144132614135742,1160812558,Kopri Road,19.086857406726757,73.00612398437404
5.051207542419434,2.2577691078186035,1160812566,,19.08690584262901,73.00665579855874
5.0679192543029785,2.144132614135742,1160812566,Kopri Road,19.086885834990543,73.00614221650818
5.868178367614746,1.5984539985656738,1164612062,Mar Theophilus Marg,19.08358682580765,72.99894616177082
5.695104122161865,2.321722507476806,1164614042,,19.08039689788352,73.0018786190036
5.925225257873535,1.8753767013549805,1164614045,,19.08086800626692,73.00012576659988
5.925225257873535,2.4770374298095703,1164614045,,19.080830940601416,72.9999283320332
4.906603813171387,2.0181283950805664,1164614047,PKC Road,19.07896613637369,73.00168786568557
5.695104122161865,2.321722507476806,1164614048,,19.08045252557673,73.00191594504678
5.695104122161865,1.2873539924621582,1164614048,,19.080414527051808,73.0017214841779
5.925225257873535,2.4770374298095703,1164614060,,19.08082805693215,72.99992630562389
5.889953136444092,1.42405366897583,1209016089,Thane Belapur Road,19.154536637821003,73.00045203129909
4.748405456542969,2.1720118522644043,1271126541,Thane Belapur Road,19.182135203425293,72.99522484599694
5.951831340789795,1.7474675178527832,1341432653,,19.033447912244423,73.00932933108146
3.1382782459259038,4.419581413269043,1445192180,Baban Patil Marg,19.089918460408203,73.00167559415878
3.1382782459259038,4.419581413269043,1445193391,Baban Patil Marg,19.08988919189822,73.00172547293168
5.684251308441162,2.793897151947021,1446379997,,18.90525427630028,73.01341474694169
4.457203388214111,1.2008614540100098,1446379997,,18.904597234086676,73.01391775741111
2.082695484161377,1.3871853351593018,1645780878,,18.913749579802865,72.98991463174589
1.2192411422729492,1.8343698978424072,1645780883,,18.91523582045904,72.98926207143582
5.284669399261475,1.8116545677185056,1645780911,,18.92429677657674,73.02885627278049
2.796208381652832,1.3300843238830566,1645781019,Panvel Uran Road,18.92541386671713,73.01463633976178
3.097646474838257,1.5390489101409912,1645781019,Panvel Uran Road,18.924307200965654,73.01409879191903
2.548314094543457,1.4779648780822754,1645781019,Panvel Uran Road,18.92382957654008,73.0138304578493
3.3134753704071045,1.6278512477874756,1645781019,Panvel Uran Road,18.921955012192683,73.01268622454099
2.4070401191711426,1.573192119598389,1645781019,Panvel Uran Road,18.917854384988523,73.01018329833047
1.6501392126083374,1.8214102983474727,1645781019,Panvel Uran Road,18.916448450073908,73.0093251787844
2.1783699989318848,1.7607223987579346,1645781019,Panvel Uran Road,18.913998157767644,73.0071221306315
2.229166030883789,1.8493595123291016,1645781019,Panvel Uran Road,18.913732416829436,73.00679894352653
2.39107346534729,1.3622233867645264,1645781019,Panvel Uran Road,18.91289126518,73.00568675572882
1.7342209815979004,1.4376873970031738,1645781019,Panvel Uran Road,18.91151359268692,73.00340174198936
4.133784770965576,2.3997392654418945,1645802103,,19.024074175707906,73.08826143611452
5.713954925537109,1.2344956398010254,1646174872,Prabhakar Krishanati Patil Marg,19.11263979928492,73.00151135601925
2.5,4.407754898071289,1650200540,,19.01377076785353,73.0312482771826
4.463150978088379,2.297368049621582,1951994834,Sudhakar Vishnu Londhe Marg,19.08292648009473,73.00182306829808
5.8097124099731445,3.879249572753906,2176952836,,19.126178855075896,73.00448027401411
5.877627372741699,1.6498136520385742,2211539171,Seawoods NRI Service Road,19.00710890658017,73.01632958140006
2.766167163848877,1.960439682006836,2211539183,,19.00834787592336,73.01160237142186
2.1894009113311768,2.7147204875946045,2211539186,,19.0095529052258,73.01702117416626
4.957923412322998,2.765021800994873,2211539188,,19.00974055486535,73.010477864288
2.1894009113311768,2.7147204875946045,2211539204,,19.009584285925648,73.01701783403688
5.888701915740967,2.476283550262451,2211539221,,19.011864445142244,73.01187198993006
5.888701915740967,2.476283550262451,2211539225,,19.011869470113144,73.01187683946446
2.972609758377075,2.836158514022827,2211539244,,19.01373983412675,73.01066568935306
5.780972480773926,4.617156028747559,2211539284,,19.01516187983132,73.01360608409831
4.089062690734863,1.5833983421325684,2211539425,Palm Beach Marg,19.02319494269206,73.00800115503063
4.458315372467041,1.35105562210083,2214509822,,19.01296888593101,73.02410237186915
0.9709872603416444,3.2950220108032227,2214509835,,19.01450686173752,73.02342340737779
0.9709872603416444,3.2950220108032227,2214509837,,19.014499076119503,73.0233756853394
5.611972332000732,1.7870869636535645,2214509875,,19.017483148013675,73.02488676979799
3.1314938068389893,1.5649693012237549,2214509879,,19.01828315031769,73.02610655269152
5.953235149383545,1.9904866218566892,2214509895,,19.01823869765664,73.02397745832897
5.585237503051758,1.4808454513549805,2214509895,,19.017970008289645,73.02429806376476
5.000735282897949,1.394228458404541,2214509917,Sector 27 Road,19.021353307751003,73.02399751134473
5.910154342651367,1.724815845489502,2214510015,Adi Shankaracharya Marg,19.024205942719423,73.02269974692771
1.1448121070861816,1.3618531227111816,2230613537,,18.86675097896304,72.98932450253959
1.8615331649780276,1.219975471496582,2230613610,,18.86701059883142,72.99477636759711
1.1448121070861816,1.3618531227111816,2230613661,,18.86678696927607,72.98935879741913
0.2272943258285522,2.291006565093994,2230613807,,18.8697390570468,72.9970568408237
3.135167121887207,2.223377227783203,2230613807,,18.86864522878287,72.99621689622462
2.2471508979797363,2.1938037872314453,2230613823,,18.87057735932746,72.99587766645631
2.3995044231414795,2.041450262069702,2230613823,,18.87028904334141,72.99557668076521
3.059746742248535,1.765888214111328,2230613899,Uran Koproli Road,18.87357649056276,72.99923574379459
4.254255771636963,1.7312541007995603,2230613899,Uran Koproli Road,18.87381730762908,72.99889175052769
3.464272975921631,1.7705206871032717,2236470575,,18.885328184318723,72.98869261226521
3.257744550704956,1.6555063724517822,2236470616,Uran Koproli Road,18.88613274842791,72.9871001594487
2.2226665019989014,1.800502061843872,2236470616,Uran Koproli Road,18.885076695838308,72.98799192876203
3.629572629928589,1.3740017414093018,2236471584,,18.89861473053797,72.98327635782745
5.390381813049316,5.091211318969727,2236471687,,18.900177388898832,72.97732503702697
5.270133972167969,2.5188426971435547,2236471707,,18.900216356549947,72.98018761895072
4.688993453979492,2.9307122230529785,2236471734,,18.901562340569697,72.97620804074865
5.270133972167969,2.5188426971435547,2236471763,,18.9002261056162,72.9801798705925
4.735527038574219,1.2128057479858398,2236471811,,18.901750176623175,72.97896186517642
4.688993453979492,2.9307122230529785,2236471842,,18.9015775420109,72.9761957447171
3.729229211807251,2.3477447032928467,2236471842,,18.90125546231241,72.97645626553977
3.6997246742248535,1.670030117034912,2236471931,,18.905690869307723,72.98094095240754
3.6997246742248535,1.670030117034912,2236471956,,18.905629522466374,72.98085442702923
2.1260886192321777,4.112855911254883,2236471991,,18.906715024835226,72.97930524664395
3.0446043014526367,1.3943657875061035,2236471991,,18.90911315285005,72.97745178478866
3.419477939605713,1.2822885513305664,2236472322,,18.911289761290902,72.98684986885961
3.419477939605713,1.2822885513305664,2236472375,,18.91135208081107,72.9868503628228
1.8687106370925903,1.2690974473953247,2236472568,,18.96073052869959,72.985164099017
1.8687106370925903,1.2690974473953247,2236472634,,18.96072110504825,72.98517648704578
1.701425313949585,1.4470407962799072,2236784241,,18.88292158325536,72.98421768995263
1.701425313949585,1.4470407962799072,2236784254,,18.88294045149648,72.98431881228902
0.9194995760917664,1.2496485710144043,2236784317,,18.883654811791704,72.98387244168497
4.086615562438965,1.439556121826172,2236784544,,18.894021082708942,72.97884246354614
3.1404566764831543,2.9206080436706543,2236784769,,18.91558764963378,72.97589318168548
3.5524086952209477,2.184279441833496,2236784812,,18.92032823214761,72.96789116886096
3.366042137145996,1.565162181854248,2236784812,,18.921941520393656,72.96479909069163
4.227816581726074,4.462092399597168,2237058036,Asian Highway 47,19.157313339279742,73.03177483691776
4.420953273773193,1.2347216606140137,2237059232,,19.175626041107883,73.06269788109793
4.513436317443848,3.0829153060913086,2241599354,,19.168311766025525,73.0473850963598
4.513436317443848,3.0829153060913086,2241599537,,19.16831270359294,73.04738652964129
3.4960196018218994,1.5744221210479736,2241599568,,19.17004792844154,73.06468083524734
3.4960196018218994,1.5744221210479736,2241599568,,19.170016297323908,73.06467922139872
4.95206880569458,3.909343242645264,2242266574,,19.159647058214315,72.99097883706109
5.108762741088867,1.2457499504089355,2242577206,,19.062449433832047,72.99850209909869
3.844013214111328,1.2824368476867676,2242577300,,19.087723879323963,73.00298100423117
5.5723876953125,2.646578788757324,2242577954,,19.11204199876462,73.0012227540997
4.51435136795044,1.7879042625427246,2242577978,Shil Phata - Mahape Road,19.111019863535077,73.00365247988874
5.691323280334473,3.051393508911133,2242577990,,19.11152712980805,73.0030184230859
5.691323280334473,3.051393508911133,2242578033,,19.111531190865943,73.00303399173814
4.1672186851501465,1.7641658782958984,2242578080,,19.11211167964207,73.0052576846106
5.5723876953125,2.646578788757324,2242578094,,19.11199512958801,73.00123645622907
2.725846290588379,1.9584202766418457,2242578342,,19.11747387463954,73.00068176838961
1.7484970092773438,1.3618006706237793,2242578342,,19.11797160887625,73.00090709004337
1.7484970092773438,1.3618006706237793,2242578394,,19.11801599173693,73.00092697085498
4.906603813171387,2.0181283950805664,2244775348,PKC Road,19.07901852729328,73.00171892027028
3.5373260974884038,1.323817014694214,2244775421,,19.081259658218706,73.01248402687753
4.463150978088379,2.297368049621582,2244775503,Sudhakar Vishnu Londhe Marg,19.082925331889555,73.00182227450193
1.323101282119751,1.913599729537964,2244775529,,19.0842454862804,73.00797477580906
1.323101282119751,1.913599729537964,2244775556,,19.084298803081623,73.00788344520764
4.0212225914001465,1.207345962524414,2244775610,,19.085873367838055,73.00788804149964
3.785420417785645,1.9226536750793457,2244775625,Groma Road,19.086326943350503,73.01017415876446
4.057469844818115,1.7938189506530762,2244775630,Palm Beach Marg,19.084946075552097,73.00702735791279
5.485129833221436,1.6532526016235352,2244775724,,19.08777053873935,73.01172069993069
5.457813262939453,1.7932124137878418,2244775724,,19.08805317551742,73.0112342946531
5.9713664054870605,1.3848681449890137,2244775796,,19.08859207955504,73.01082903449027
5.807052135467529,1.2209162712097168,2244775956,PKC Road,19.09186139986035,73.01032359827433
4.860925197601318,3.674863338470459,2244775960,Kopri Road,19.09186086089372,73.00981786440104
5.807052135467529,1.2209162712097168,2244775960,PKC Road,19.091878924234805,73.01033522036828
4.860925197601318,3.674863338470459,2244775987,Kopri Road,19.0918665534368,73.00980801553511
5.502940654754639,1.7372565269470217,2244879000,,19.065966446470707,73.01404729280112
4.849339485168457,1.6122069358825684,2244879016,Sanpada Station Road,19.06592928578702,73.01358704695558
5.502940654754639,1.7372565269470217,2244879016,,19.065941229574083,73.01401813362685
4.849339485168457,1.6122069358825684,2244879026,Sanpada Station Road,19.06592950667809,73.01358668853311
2.5,4.407754898071289,2245081628,,19.01379996153109,73.03123857336408
5.338540554046631,1.3944129943847656,2245081695,Palm Beach Marg,19.034473035038488,73.007594333851
4.045300006866455,2.4894790649414062,2245082864,,19.050398787258512,73.01224004549913
2.102069616317749,2.2304112911224365,2245083380,,19.05702532901686,73.00369140862144
3.197128772735596,2.316904067993164,2245083380,Palm Beach Service Road,19.055297041818022,73.00457632692965
4.213384628295898,1.222790241241455,2245083800,,19.05935199567413,73.00990858890563
5.772993564605713,2.0841684341430664,2245083800,,19.059082498902534,73.01022859900611
5.172934532165527,2.651601791381836,2245083800,,19.058813095171985,73.01054869534262
4.964089393615723,1.5933575630187988,2245083923,Sant Dnyaneshwar Marg,19.06145522104807,73.00644989964817
4.683567047119141,1.5977778434753418,2245084066,,19.061480713321235,73.00845592389133
4.683567047119141,1.5977778434753418,2245084174,,19.06145929248472,73.00843478436089
4.964089393615723,1.5933575630187988,2245084324,Sant Dnyaneshwar Marg,19.061367497423703,73.0064258690426
4.684751987457275,2.652139186859131,2245084396,,19.06367586902648,73.0067162630488
4.684751987457275,2.652139186859131,2245084572,,19.06369994476118,73.0067037787433
2.0784618854522705,1.6529936790466309,2246308723,,19.01827279177431,73.04652523001423
4.231846809387207,2.103910446166992,2246464154,Sukir Manya Koli Marg,19.00865953892589,73.04034102396757
5.98173713684082,1.6122221946716309,2246464154,Sukir Manya Koli Marg,19.008391945770256,73.04065147987502
5.612147331237793,2.962759017944336,2246465018,Sakharam Patil Marg,19.02143134733257,73.037857619956
4.65426778793335,1.725900173187256,2246637604,,19.16512431054296,73.06909304145407
4.064959526062012,1.8403120040893557,2246850869,,19.065025418996065,72.99136547927725
5.3836822509765625,3.0994558334350586,2246850877,Swami Pranavanandaji Marg,19.066525064498645,72.99214804765002
3.1564688682556152,1.3040285110473633,2246850897,Vashi Gaon Underpass,19.068467630884957,72.98551172294096
5.8907623291015625,1.9604334831237795,2246851154,,19.07364366888164,72.98747177517397
1.0,2.308011054992676,2246851264,Juhu Chowpatty Road,19.07814825165843,72.99079889301912
1.0,3.797834873199463,2246851264,Juhu Chowpatty Road,19.078448962641914,72.9910865316081
4.481095314025879,2.1845664978027344,2246851264,,19.07603403740124,72.99056803396611
4.9643096923828125,2.122203826904297,2246851317,Juhu Chowpatty Road,19.08186655358601,72.99422148173504
4.438493251800537,1.9977593421936035,2246851317,Juhu Chowpatty Road,19.08311962232783,72.99531115666561
1.0,3.797834873199463,2246851317,Juhu Chowpatty Road,19.078396062092388,72.9910359306315
1.0,2.308011054992676,2246851317,Juhu Chowpatty Road,19.07809148125536,72.99075393719522
4.806055545806885,4.38568639755249,2246851331,Juhu Chowpatty Road,19.084415369717178,72.9976447554254
4.438493251800537,1.9977593421936035,2246851331,Juhu Chowpatty Road,19.08305450407695,72.99525453071344
4.9643096923828125,2.122203826904297,2246851331,Juhu Chowpatty Road,19.08190585843266,72.99425566122422
4.50855016708374,4.176583766937256,2246851638,,19.158667390552434,73.07508422371788
5.6001152992248535,1.7666840553283691,2246852638,,19.17404509326674,73.08750555150804
4.081219673156738,1.5952510833740234,2248640092,Taloja Phase 2 road,19.06732049035816,73.09921421806797
4.743304252624512,1.8529386520385744,2248640093,Taloja Phase 2 road,19.068195363852205,73.1005980848454
3.978857517242432,1.5015039443969729,2248640093,Taloja Phase 2 road,19.06843257915409,73.10094525696755
5.113828182220459,1.6031970977783203,2248640093,Taloja Phase 2 road,19.068727857588804,73.10141754438254
2.0,3.274078369140625,2248640094,,19.06723355923165,73.09556780896159
5.813388824462891,1.6120657920837402,2250274618,,19.074288298036816,73.09211527838025
4.734586238861084,2.0260910987854004,2250274679,,19.079047573756107,73.10396874654982
5.837627410888672,1.4145307540893557,2250274679,,19.079879196771326,73.10559199209145
5.6524858474731445,1.57204008102417,2250274679,,19.080173837030596,73.10623365603293
5.6524858474731445,1.57204008102417,2250274730,,19.080128939868292,73.1061358790984
5.837627410888672,1.4145307540893557,2250274730,,19.079893227575045,73.10562254804725
5.591709613800049,2.388374328613281,2250536561,,19.066680420967963,73.09047121095526
2.5,2.691014289855957,2250536777,,19.06843421516947,73.08873254578437
3.859054088592529,1.9815788269042969,2250537319,,19.068785993388197,73.08472974306795
4.78944206237793,2.2330899238586426,2250537457,,19.069661592668737,73.09436203967621
4.78944206237793,2.2330899238586426,2250537805,,19.06968359301901,73.0943459726999
5.581178665161133,1.3699007034301758,2250538638,,19.07354765242045,73.09807403231648
4.001335144042969,1.5284423828125,2295455541,Palm Beach Marg,19.08641145194628,73.0078222584417
4.616756439208984,1.4255914688110352,2295455541,Palm Beach Marg,19.08675712256501,73.0080471919852
5.324964046478272,1.5701775550842283,2295455546,Palm Beach Marg,19.09068503693745,73.01065822793004
5.316772937774658,2.0882954597473145,2298251408,,19.146949326588057,72.98628671550651
4.764173030853272,1.2106170654296875,2298251409,,19.14572992020597,72.98712585685189
5.867916584014893,2.1784987449646,2298251454,,19.14721481784523,72.98656598903322
4.78939962387085,1.6398558616638184,2298251548,,19.151778325059453,72.99647087286408
5.8970794677734375,1.3088345527648926,2299141600,Palm Beach Marg,19.009975937047997,73.01179315325125
-0.922438383102417,2.4729020595550537,2299861339,Patni Road,19.16781008810438,72.99110391390514
5.276483535766602,4.002671241760254,2299978779,Sakal Bhavan Marg,19.013586353407472,73.03830457615187
5.463230609893799,1.4165563583374023,2299978782,Rajiv Gandhi Marg,19.014759944145567,73.04206786043147
3.337298393249512,1.6938824653625488,2299978828,Jawaharlal Nehru Marg,19.01773183134999,73.04398921724408
3.988496780395508,1.3309030532836914,2299978828,Jawaharlal Nehru Marg,19.01928677735017,73.04220252343923
4.492395877838135,1.2791719436645508,2303768827,Seawoods Station Road,19.02175604348424,73.02234370667854
4.973630905151367,2.109291076660156,2501427841,,19.01447415626388,73.09995903024819
4.899515151977539,1.3745503425598145,2952579268,,19.12154578091581,73.00026616061021
2.900786638259888,1.3425471782684326,3272579902,Kharghar Station Road,19.034765793971573,73.07060305363132
4.972050666809082,3.391124725341797,3272579903,Kopra Road,19.03366256673438,73.07335503432952
4.332305431365967,1.3678293228149414,3272579903,Kopra Road,19.033380078771536,73.07366237647396
5.5237555503845215,1.4748077392578125,3272579935,Kopra Road,19.033392160882592,73.07722873346363
5.277990341186523,1.4360733032226562,3473472173,Kharghar Station Road,19.03224668661819,73.06694630566336
4.0520548820495605,1.8052725791931152,3473472197,,19.03534152475111,73.07261075544751
4.711432456970215,2.1510581970214844,3484430963,D-Mart Road,19.044114421495525,73.0783949191827
5.551812171936035,1.980152130126953,3490413177,"['Gharkul Road', 'Vastu Vihar Marg']",19.038347111292858,73.07907891222729
4.595929145812988,1.2876172065734863,3490413189,Gharkul Road,19.039116658518008,73.07821108302308
5.419276714324951,1.42258882522583,3490413202,BARC Dispensary Road,19.041957770521247,73.07825519105852
5.688682556152344,2.053405284881592,3490413202,BARC Dispensary Road,19.04220954370905,73.07791960950338
5.688682556152344,2.053405284881592,3490413208,BARC Dispensary Road,19.042210693118488,73.07791807748272
5.419276714324951,1.42258882522583,3490413208,BARC Dispensary Road,19.041958919933908,73.07825365904239
4.204024314880371,1.8784093856811523,3490760796,,19.049434456898844,73.08096436742383
4.227816581726074,2.9392518997192383,3537357965,,19.15712440742432,73.031565143159
2.699784517288208,1.289157152175903,3657861140,,19.030581010246028,73.08827603484139
3.0330233573913574,2.0810275077819824,3657861140,Sion-Panvel Highway Flyover,19.030876359020123,73.0879695663376
4.105099201202393,2.2926993370056152,3657861140,Sion-Panvel Highway Flyover,19.031116006015232,73.08762432657592
4.535485744476318,1.3306589126586914,3657861140,Sion-Panvel Highway Flyover,19.03167517946584,73.08681876339068
2.6388914585113525,1.3490009307861328,3657861140,Sion-Panvel Highway Flyover,19.032461568997764,73.08565886753269
3.426398277282715,1.260028839111328,3657861140,Sion-Panvel Highway Flyover,19.03295827778677,73.08480932412247
5.110815525054932,1.4996695518493652,3657861159,,19.03331666639585,73.08466030188087
3.987892389297485,2.093829393386841,3657861159,Sion-Panvel Highway Flyover,19.032436085098997,73.08592225601815
5.027080059051514,1.8482937812805176,3657861159,Sion-Panvel Highway Flyover,19.031962063773843,73.08661663657155
5.057844161987305,1.3399543762207031,3657861159,Sion-Panvel Highway Flyover,19.031165435608017,73.08776912025668
2.9709575176239014,2.0799591541290283,3659085449,,19.037915338064096,73.09054232240644
2.9709575176239014,2.0799591541290283,3659085467,,19.03792071744182,73.09055125145825
2.162636995315552,2.495298147201538,3659085487,Kalamboli Link Road,19.040748663219468,73.09240210394277
1.7964890003204346,3.2676355838775635,3659085487,Kalamboli Link Road,19.04127965349977,73.09322853332564
3.250532865524292,1.3657691478729248,3659085487,Kalamboli Link Road,19.04181064050755,73.09405496816278
4.241944789886475,2.5252671241760254,3659103382,D Mart Road,19.03242255327118,73.10220981291162
2.22435998916626,2.137141704559326,3659126432,,19.03119374306208,73.09097860678
3.911333322525024,1.3609802722930908,3660391306,"['Konkan Belapur Flyover', 'Belapur Flyover']",19.024673361527025,73.03898688830031
4.345902919769287,1.4892363548278809,3660596625,,19.074466729112636,73.08862972849384
3.897944450378418,1.715038776397705,3663320214,,19.012922613332336,73.08814616929236
5.219732284545898,1.2267580032348633,3663320215,,19.01316875588772,73.0878692341484
4.973630905151367,2.109291076660156,3663320218,,19.014474791873404,73.09997516223991
2.7422590255737305,4.33300256729126,3664763150,Sector 34 Seaface,19.018105840064457,73.08581720955314
5.154889583587647,1.920372009277344,3664763150,Sector 34 Seaface,19.018349716256573,73.08547528635457
4.2504472732543945,2.8942742347717285,3664763167,Sector 34 Seaface,19.02047182808352,73.08494970732039
4.38890266418457,2.7558188438415527,3664763194,Sector 34 Seaface,19.02025605764997,73.08518644922742
5.7404465675354,2.596640110015869,3664763200,Sector 35 Seaface,19.02224178970642,73.08632760339285
5.7404465675354,2.596640110015869,3664763205,Sector 35 Seaface,19.022245910804944,73.0863308948548
3.423142671585083,4.977169990539551,3664763209,,19.02386318282107,73.08999023593475
5.896695613861084,2.063075065612793,3664763211,,19.02448311355253,73.096445735795
5.896695613861084,2.063075065612793,3664766427,,19.024515818961373,73.09639697719702
3.423142671585083,4.977169990539551,3664766430,,19.0238872287668,73.09000994446319
5.60954475402832,1.2262835502624512,3666147625,Shiv Temple loop Road,19.01684902687994,73.09441214491521
5.60954475402832,1.2262835502624512,3666147635,Shiv Temple loop Road,19.01677809612619,73.09441545552491
4.390655517578125,2.3634958267211914,3666147658,,19.0206793888986,73.0903457556253
2.0,1.3767576217651367,3666167650,,19.012028351185023,73.10045758999881
4.39470100402832,1.6352906227111816,3674750462,,19.08448691038603,73.00358604314057
4.961545944213867,2.659459590911865,3674750462,Brahmakumaris Marg,19.08494050016852,73.0038117556496
4.287393093109131,2.784512519836426,3674750463,Brahmakumaris Marg,19.083415468165832,73.00304412786181
4.383405685424805,2.8979735374450684,3674750463,Brahmakumaris Marg,19.0836954500506,73.00255604259758
4.383405685424805,3.0747179985046387,3674750463,Brahmakumaris Marg,19.083881664185057,73.0025074563902
4.383405685424805,3.0747179985046387,3674750464,Brahmakumaris Marg,19.08386663312741,73.00249797260246
4.383405685424805,2.8979735374450684,3674750464,Brahmakumaris Marg,19.083686394947,73.00257182819225
4.287393093109131,2.784512519836426,3674750464,Brahmakumaris Marg,19.083406413015304,73.00305991340605
2.4808003902435303,1.863647222518921,3799406424,,18.979622514711977,73.03015614772377
3.080512046813965,1.5038328170776367,3799406837,,18.9835268348592,73.02564322750636
1.7711851596832275,1.624840259552002,3799406978,,18.9880162198956,73.03353443651818
3.8057806491851807,1.3222644329071045,3799406984,,18.990685804293133,73.03032136164936
3.870573282241821,2.564978837966919,3799406984,,18.992102715984057,73.0296541059166
4.651905536651611,1.531975269317627,3799406984,,18.99265860744461,73.03079491077806
4.651905536651611,1.531975269317627,3799407009,,18.992656172889102,73.03079010654781
3.870573282241821,2.564978837966919,3799407009,,18.99210054780921,73.02964916270157
3.8057806491851807,1.3222644329071045,3799407009,,18.99068195674285,73.03032500455392
1.5,2.9529929161071777,3799407027,,18.994965421313672,73.03315718629794
5.454694271087647,1.670846462249756,3799621834,,19.01247229672497,73.07737589533333
5.454694271087647,1.670846462249756,3799621966,,19.012416474638083,73.07737043744179
4.967242240905762,1.7301015853881836,3799621971,,19.013200285002554,73.08076524741536
4.016653060913086,1.5208196640014648,3803044270,,19.03019387373889,73.10747170022647
4.69202184677124,1.266387939453125,3803044292,,19.033860826763743,73.10842511302829
-3.442153215408325,4.737596035003662,3890222353,Swami Pranavanandji Marg,19.06401269158606,72.99610257711126
3.401775598526001,1.83882737159729,4135892136,Dr. Babasaheb Ambedkar Marg,19.016969335261173,73.02635220957099
3.214804410934448,5.009886741638184,4138453650,,19.088331461263827,73.01298032554932
3.214804410934448,5.009886741638184,4138453666,,19.08830547961392,73.0129645913149
5.9713664054870605,1.3848681449890137,4138453669,,19.088586927784597,73.01086497934959
5.1761250495910645,3.8342461585998535,4138453687,,19.089099924925392,73.00519121215247
5.775486469268799,3.184814929962158,4140318672,,19.14255084295838,72.99081726375918
5.993589878082275,2.416149616241455,4142304186,,18.994521281280843,73.13080682766903
2.928548574447632,1.9717566967010496,4146373159,,19.151980702461227,72.98652460986123
3.63803505897522,3.529886484146118,4146373181,,19.15426289270581,72.98764171514576
5.260985374450684,1.6359286308288574,4146696217,,19.11407073829713,73.003544718633
5.585237503051758,1.4808454513549805,4160788532,,19.017954766157715,73.02431855116518
5.953235149383545,1.9904866218566892,4160788532,,19.018222328704045,73.0239969611126
5.108762741088867,1.2457499504089355,4162615452,,19.062414196521623,72.99844616356187
4.064959526062012,1.8403120040893557,4162615477,,19.06502962207512,72.99136938302979
2.245980978012085,1.359107255935669,4163268795,,18.86684727026405,73.0014795903988
2.245980978012085,1.359107255935669,4163268816,,18.866867805671397,73.00142412432749
3.424222469329834,2.589598655700684,4163268868,,18.87467100669536,72.97504016361044
4.034773826599121,1.4888930320739746,4163268868,,18.87530770751715,72.97450918077222
2.0,2.27921199798584,4163268870,,18.87576241528541,72.97820241723863
2.0,2.334430694580078,4163268870,,18.8760154011502,72.97853663136576
2.483793258666992,3.114851951599121,4163268888,,18.876798083514824,72.97326625792886
4.53700065612793,1.3898849487304688,4163268888,,18.87684916864703,72.9693296850327
4.550921440124512,1.6281309127807615,4163268935,,18.896050047826066,73.0032993310334
4.617783069610596,2.142735004425049,4163268935,,18.898037511421293,73.00303438817495
2.512889862060547,1.9854950904846191,4163268952,,18.89960276881389,73.00135646700727
4.617783069610596,2.142735004425049,4163268952,,18.89809053994364,73.00299466609813
2.457324743270874,1.5080268383026123,4163269227,,18.921988021810247,72.97297785410719
3.5524086952209477,2.184279441833496,4163269235,,18.92032688412989,72.96789343815614
5.225364685058594,1.6848149299621582,4163269246,,18.927136547795243,73.00058777174166
5.695277690887451,2.170046806335449,4163269261,,18.92595261165509,73.00758689072256
5.824636936187744,3.934943675994873,4163269261,,18.92646647151717,73.00842312127763
5.024750709533691,5.238631248474121,4163269393,,18.92753795265083,73.0008931525941
2.928813934326172,1.299314022064209,4163269445,,18.931334476595985,73.00170015482058
3.405975103378296,1.7759993076324463,4163274294,,18.980469026059424,73.1139071032995
4.823151588439941,1.8712472915649412,4163274680,,18.992567100432076,73.10041854501652
5.304732322692871,1.231037139892578,4164759353,,19.11800940155405,72.99877974633955
5.304732322692871,1.231037139892578,4164759357,,19.117981361303467,72.99887984515372
5.973714828491211,1.3122286796569824,4164921681,Juinagar Station Service Road,19.052668655785077,73.0190791569094
5.395296096801758,2.0821404457092285,4165376924,,18.90064938260585,73.04699687743165
1.978726029396057,1.341525673866272,4165376955,,18.918319495105997,73.03858175479274
1.978726029396057,1.341525673866272,4165377045,,18.918323141725928,73.03858009990437
3.451838254928589,2.231468439102173,4165377151,,18.92818100662113,73.0318842412004
5.949686050415039,3.223875045776367,4233302132,Sector 14 Nerul Road,19.0365683165766,73.00899750807568
4.949764728546143,1.6262574195861816,4819939176,,19.08619115461657,73.01249007565849
4.394454002380371,2.062371730804444,4819939177,MAFCO Road,19.08617042435448,73.01332936360937
3.9239187240600586,1.300356388092041,5227740369,Casa Bella Road,19.168815583102788,73.07504528857682
3.321378231048584,3.242262840270996,5266078477,,19.088243918711797,73.00557650893211
5.1852312088012695,1.4639978408813477,5309680030,,18.977279453533345,73.03507930667911
5.750998497009277,2.510739326477051,5382778904,,19.019835758274706,73.01521552308776
3.0253143310546875,2.249431133270264,5388727688,Seawoods NRI Service Road,19.00756754857951,73.01464956219247
3.89567756652832,1.8617682456970213,5414169344,Palm Beach Marg,19.011817711326717,73.00953447449982
2.9695119857788086,1.3030939102172852,5418171825,Amra Marg,18.979025412624686,73.0376284487755
3.0800790786743164,1.4951400756835938,5423992482,Ulwe Main Road,18.97710313194322,73.02614748947771
2.4808003902435303,1.863647222518921,5423992516,,18.97964939277636,73.03017432558329
5.776311874389648,1.2682580947875977,5424057899,,18.96979035941442,73.02301328467101
5.358838081359863,1.2117643356323242,5424058039,Vedanta Road,18.969947261753827,73.01913281373285
5.358838081359863,1.2117643356323242,5424058049,Vedanta Road,18.969968888954508,73.01909716699187
4.792881965637207,2.324970245361328,5424058049,,18.970290976037063,73.01830143248279
4.43237829208374,2.232466220855713,5424058049,,18.969945904012967,73.01807563052223
4.792881965637207,1.5200252532958984,5424058049,Vedanta Road,18.97047888684796,73.01825664549789
5.816160678863525,2.36621618270874,5424075025,,18.972489989713253,73.02873162618765
3.474794387817383,1.8362746238708496,5425891867,,18.852103296807687,73.12993949112476
4.761593341827393,1.7065420150756836,5425971079,,19.06080647565211,73.00242521106628
3.028522253036499,1.39017653465271,5437019099,,18.98469872087111,73.02155035768214
2.6538286209106445,1.2994842529296875,5437019099,,18.98548180421256,73.0221122576669
2.817362070083618,1.201747179031372,5441912534,,18.97924306287324,73.0259631514726
5.919162273406982,1.2495322227478027,5461225950,Seawoods Service Road,19.011868222224344,73.01013599615233
5.919162273406982,1.2495322227478027,5461225966,Seawoods Service Road,19.011890753229885,73.010113101264
5.16144323348999,2.862566471099853,5470840244,Gopinath Panda Patil Marg,19.00540208796233,73.03187334788402
3.1535236835479736,2.871699571609497,5498535571,Ramesh Sankarrow Hebbar Marg,19.011969696294884,73.01757105973392
5.26513671875,1.900238037109375,5498535596,,19.010387833026357,73.01163410616515
2.972609758377075,2.836158514022827,5498601605,,19.013764631876505,73.01064602158387
5.252841472625732,3.8086323738098153,5498601605,Jairam Tukaram Tandel Marg,19.01335404823836,73.0106189540811
4.946074485778809,1.2276349067687988,5498609702,Shyamrao Ramchandra Tandel Marg,19.02095619325525,73.0132209334837
5.7715678215026855,1.3235507011413574,5498624641,Seawoods Rail-Over Bridge,19.02171321874085,73.02201133716622
5.8029961585998535,1.6076512336730957,5498624641,Seawoods Rail-Over Bridge,19.0220138715777,73.0222988101497
5.794060230255127,2.425986766815185,5498645852,Seawoods Station Road,19.02041504248735,73.01840415661776
4.309732913970947,1.6765103340148926,5507313289,,19.075215003853213,73.01395299926735
5.255950450897217,1.531515121459961,5507313289,,19.077914069795995,73.01420666684494
4.373669147491455,2.3220043182373047,5508317418,Palm Beach Marg,19.082924393428065,73.00555001693384
4.099142074584961,1.765878677368164,5544733055,Sanpada Flyover,19.06259908373905,73.00549974342209
2.544494152069092,9.723590850830078,5611354260,Uran Road,18.991179490318213,73.09471819344535
5.925930023193359,1.3013668060302734,5611354265,Uran Road,18.98974031110548,73.09393732036898
4.916261672973633,1.6723036766052246,5641667481,Sion-Panvel Highway,19.052090111862174,73.02015858571107
2.37033748626709,2.433131217956543,5694694611,NMMC Flyover,19.006859730345315,73.02984118076603
5.309553146362305,2.073240280151367,5707644523,Gharkul Road,19.03810090724753,73.07928401752791
4.53965950012207,1.6656785011291504,5710417992,,18.979945792555288,73.02726754655212
3.781237363815308,1.2981650829315186,5727570451,Vashi Gaon Road,19.066099358512112,72.99119106286659
5.3836822509765625,3.0994558334350586,5727570452,Swami Pranavanandaji Marg,19.066537915129427,72.99213150475886
5.876063346862793,1.4816503524780271,5729545593,Seawoods Rail-Over Bridge,19.01956403854312,73.02006697469027
5.53195858001709,1.8610424995422363,5729545593,Seawoods Rail-Over Bridge,19.01926680649605,73.01977545432946
5.159139633178711,2.2338614463806152,5729545593,Seawoods Rail-Over Bridge,19.018969574073783,73.01948393499927
5.304808616638184,1.7891111373901367,5750721603,Gagangiri Maharaj Marg,19.09520429156548,73.00205004525807
3.893038034439087,1.9393870830535889,5761252249,Sector 29 Vashi Road,19.090225821353982,73.00588954525568
4.0,4.652435302734375,5765698424,,18.88637981605651,73.16539443739532
5.773902416229248,3.035233974456787,5765698424,,18.88608320712113,73.16512317022296
5.545347213745117,2.0023069381713867,5765698424,,18.883600317547813,73.1598394662298
5.5,3.062136650085449,5767402969,Sukapur Road,18.99801087752652,73.13340007483924
3.3910934925079346,1.623032808303833,5772931515,,18.87145693287641,73.00586082364691
3.3910934925079346,1.623032808303833,5772931520,,18.87145219294325,73.00586020324633
1.3348015546798706,1.657134175300598,5772931520,,18.87236791118567,73.0060978119117
5.365347385406494,3.1736178398132324,5795954872,Palm Beach Marg,19.08403959462311,73.00643891709062
2.0,2.1455721855163574,5956625061,,18.970953459806573,73.11772917221
2.0,1.972951412200928,5956625061,,18.971260723386123,73.11744943712843
2.5,6.098998069763184,5956689648,,18.86988876573324,73.15813749620061
2.5,4.937277793884277,5956689737,,18.86991982288164,73.15814677234442
1.810880780220032,2.889788627624512,6052646155,"['Vashi-Sanpada Link Road', 'Vashi Station Road']",19.06644486954638,72.99836489634939
4.486210823059082,1.924379825592041,6091905974,Vashi Station Road,19.067115143675583,72.99809758096617
5.5969648361206055,2.672215461730957,6110379586,,18.959172265646814,73.01872597024007
5.168543815612793,2.403684139251709,6116237984,Central Park Metro Road,19.04958825015696,73.07552401876328
3.3588716983795166,1.4544165134429932,6117587715,Kalamboli Link Road,19.04402276396494,73.0977508928352
3.3287999629974365,2.509913206100464,6118207562,,19.04763101066705,73.07735041698216
5.018334865570068,1.7624263763427734,6118751981,D-Mart Road,19.04461044454167,73.0786875234721
5.00556755065918,1.2290277481079102,6606709737,,19.163996405116656,72.9914927450226
5.666321277618408,1.2609610557556152,6606709741,,19.164294411015145,72.99207091088881
3.493225336074829,3.5268304347991943,6615925846,Nirmaladevi Marg,19.022532139266573,73.0386151585128
5.410967350006104,1.5304789543151855,6616198210,Kharghar Station Road,19.028456330532084,73.06144279564056
5.179234981536865,1.340433120727539,6616342532,,19.088434672474207,73.0138883281167
4.014662742614746,1.6411747932434082,6616397029,Kharghar Station Road,19.03422195464766,73.06966754712413
1.7638531923294067,1.6027559041976929,7165427690,,18.894829892776176,73.00217082935266
3.653034210205078,1.4609074592590332,7165427785,,18.868611034392615,72.99531106414013
3.653034210205078,1.4609074592590332,7165428085,,18.868643309953057,72.99525758457776
4.43237829208374,2.232466220855713,7239435040,,18.969946724052967,73.0180761671239
4.792881965637207,2.324970245361328,7239435040,,18.970291796076577,73.01830196908656
3.0878379344940186,2.7020537853240967,7239512509,,18.98745746819844,73.03295425571805
1.7711851596832275,1.624840259552002,7239512509,,18.98803218693792,73.0335524087936
5.974340915679932,1.2996845245361328,7244612752,,18.85969708209845,73.09619541742654
5.545347213745117,2.0023069381713867,7252952967,,18.883601713303012,73.1598476292881
5.278032302856445,2.2696218490600586,7252952967,,18.88379566622141,73.16002507692323
5.773902416229248,3.035233974456787,7252952967,,18.88608748291584,73.16513014231438
4.0,4.652435302734375,7252952967,,18.886387380713032,73.16539681038869
3.0,4.194052219390869,7263214675,JNPT Road,18.96702859139285,73.1232973966698
2.365907430648804,1.5029385089874268,7271942395,,18.928426560605377,73.01571314521188
5.63758659362793,1.453773021697998,7271994282,,18.955526390535383,73.00768546187099
4.383243083953857,1.393474578857422,7272390641,,18.96455650910426,73.02259202822977
4.383243083953857,1.393474578857422,7272390647,,18.964545519311944,73.02260218853374
5.500473499298096,1.233109474182129,7279096207,,18.957053372693967,73.01677085377356
5.500473499298096,1.233109474182129,7279096214,,18.95704225226592,73.01676808848215
5.905642032623291,1.6484723091125488,7279827690,,19.164040313653476,73.0436663746307
5.922464370727539,1.223656177520752,7283999908,,18.9665244237084,73.01465465312435
5.922464370727539,1.223656177520752,7283999912,,18.96655339558253,73.0146688998452
2.890488624572754,1.9936127662658687,7302434779,Kopra Road,19.03450746398252,73.07836392204639
4.864651203155518,4.813472270965576,7302434779,Kopra Road,19.036258352257875,73.07803487775273
2.846859931945801,1.9452142715454104,7302519060,Kalamboli Link Road,19.040982726107,73.09293279267202
3.059945821762085,1.446446657180786,7306022147,Mansarovar Station Road,19.01540492359811,73.08338126000999
3.5846617221832275,1.398726224899292,7306022147,Mansarovar Station Road,19.016012985438596,73.08555417483429
5.450062274932861,1.383103370666504,7308716771,,19.157605964787912,73.07746978439842
4.693574905395508,1.850006103515625,7308964597,Casa Rio Main Road,19.154007788274143,73.07459357084984
5.1852312088012695,1.4639978408813477,7309244962,,18.977227533523404,73.03513486864443
5.974279403686523,1.4760675430297852,7311268248,,19.067533617864143,72.98786011195587
3.1564688682556152,1.3040285110473633,7311268275,Vashi Gaon Underpass,19.068518696750218,72.98546469185895
4.420953273773193,1.2347216606140137,7312284296,,19.175630474729825,73.06267116958237
5.273377895355225,1.5388312339782717,7320888570,,19.172881940803837,73.08180023559443
4.0520548820495605,1.8052725791931152,7320958029,,19.035341827527503,73.07261052358048
-0.7888624668121338,3.1780636310577397,7321670649,Swami Pranavanandji Marg,19.063744244008504,72.99631503613243
5.844559669494629,1.3207006454467771,7334166938,,18.972056862773627,73.06951563702674
3.744999647140503,1.8961265087127688,7334166946,,18.9735503669101,73.07322249977736
4.69202184677124,1.266387939453125,7335566059,,19.03383343304466,73.10838100404928
5.559594631195068,1.4543685913085938,7349785865,,18.91367806807153,73.02752393465373
5.287195682525635,1.665945053100586,7349900144,,19.03063059878757,73.11358386334241
4.988467216491699,2.8214573860168457,7349929293,,19.02902370751335,73.11134755021664
1.9513767957687376,1.3854116201400757,7350078172,,18.913663277769903,73.02556185807046
5.701794147491455,2.677584171295166,7350101282,Sai Baba Temple Road,19.08305446760401,72.99990275362099
3.699586868286133,1.4347858428955078,7350334509,,18.91486856076175,73.0267744870337
1.7841694355010986,1.370070219039917,7350611221,,18.918342040435636,73.02717252952158
5.682521343231201,1.2586946487426758,7358613356,,18.98536496969469,73.09138588144216
2.291676521301269,3.1695456504821777,7358613367,,18.98836773977364,73.0933893223356
2.291676521301269,3.1695456504821777,7358613402,,18.98837357783397,73.09339337068938
3.1362884044647217,2.8093059062957764,7358613406,,18.98755416283295,73.09282516172807
4.4665207862854,1.371346950531006,7358613408,,18.986711702370837,73.09224103632206
2.0,1.972951412200928,7361786198,,18.97127529659697,73.11743742253648
2.0,2.1455721855163574,7361786198,,18.97096764277398,73.11771663505067
4.548895359039307,1.430436134338379,7362542486,,19.00253199780216,73.10064235475126
3.646174430847168,1.2798871994018557,7362542491,,19.004274494599034,73.10351568788705
3.646174430847168,1.2798871994018557,7417874351,,19.00427932844595,73.1035065565318
5.262246608734131,1.904745101928711,7544553174,JNPT Terminal 3,18.90259208963819,72.98403580924762
3.791614294052124,2.5877459049224854,7544553174,JNPT Terminal 3,18.90292885751913,72.98379666297436
5.968623638153076,2.5189433097839355,7544553174,JNPT Terminal 3,18.904837201124757,72.98244148195268
5.904339790344238,2.583227157592773,7544824572,JNPT Terminal 3,18.904627218305134,72.98270194976355
4.639973640441895,2.6133503913879395,7545495821,,18.892004195170124,72.98023136422904
4.556855201721191,1.7382378578186035,7545495821,,18.892319485843625,72.97996184482602
3.0490617752075195,1.3319392204284668,7545495838,,18.87876063480828,72.99715799896467
2.558283567428589,1.20503568649292,7545495838,,18.882080415905392,72.99944587549444
2.619553565979004,1.3775408267974854,7551206167,,18.917542687239685,72.97739711775864
1.7450023889541626,1.5869492292404177,7551206174,,18.91014871021289,72.97510343933449
1.7963151931762695,1.293405294418335,7551206191,JNPT Terminal 3,18.92403014071365,72.95871890583132
4.204163551330566,1.8580260276794436,7554013726,Panvel Uran Road,18.89632945081345,72.97965532258692
5.868966579437256,1.9657130241394043,7554013731,,18.892823627489992,72.9796308271306
2.028908491134644,1.3168420791625977,7554013749,,18.89526622404612,73.00278197016397
2.425351858139038,1.2052910327911377,7554013756,,18.874298784206044,72.99242471261005
2.976811647415161,1.6968810558319092,7554013756,,18.87121879007271,72.98942495914886
2.3916807174682617,1.239085674285889,7554013756,,18.86853864117553,72.98661594091621
1.4805676937103271,1.619585037231445,7555543259,,18.91672226353865,73.00962210853814
0.9692301750183104,1.822681427001953,7555543259,,18.915129043592927,73.00854925992954
1.721122980117798,1.4359560012817385,7555566198,,18.918109370685585,73.01046699143915
2.4092164039611816,1.785679817199707,7555566238,Panvel Uran Road,18.909328170785287,72.99975998287091
2.2511487007141118,1.278503656387329,7555566238,Panvel Uran Road,18.90846097361919,72.99831491281232
1.7421056032180786,1.8615907430648804,7560520680,,18.99088220075274,73.09438472541042
5.461222171783447,3.6137518882751465,7560520683,,18.98857378457972,73.09335477748814
5.945594310760498,4.796667575836182,7560520683,,18.98777491772268,73.09281728424604
5.679625034332275,1.5145630836486816,7560542492,Uran Road,18.99490867141558,73.09725243203017
4.636214256286621,1.5767407417297363,7563577492,Uran Road Flyover,19.002409169467256,73.09970814534626
2.9584131240844727,1.2181100845336914,7580880341,"['JNPT Road Flyover', 'JNPT Road']",18.90166899305177,72.9908804035315
2.7359015941619877,1.4920899868011477,7580880342,JNPT Road,18.896380868994427,72.99879616394014
2.73569655418396,1.470569372177124,7580880342,JNPT Road,18.896055673409453,72.99925167837769
2.512615442276001,1.2615158557891846,7580880342,JNPT Road,18.895242524004168,73.0003903335587
2.668365955352783,1.4644527435302734,7580880344,,18.90635052164891,73.01846949129384
1.4646754264831543,1.3016579151153564,7595820397,,18.907632957393705,73.0211638243197
0.5453984141349792,1.6706736087799072,7595820420,"['JNPT Road Flyover', 'JNPT Road']",18.92220815282248,73.02799758101548
3.3822550773620605,1.4153847694396973,7597527870,,18.90013606397431,73.0023673094415
0.9980722069740297,1.3446602821350098,7597563101,,18.91093895965013,72.98971506913514
2.268519639968872,1.2831881046295166,7597584799,,18.908629432824704,72.97784551125281
2.1260886192321777,4.112855911254883,7597584799,,18.90676729244633,72.97926365285353
2.07340931892395,2.4807417392730717,7597584799,,18.90644326768555,72.97952150637434
5.5969648361206055,2.672215461730957,7598310823,,18.959177002090456,73.01873444382355
1.6499497890472412,1.275221586227417,7602273800,Amra Marg,18.99614519338025,73.03625844175032
3.3096492290496826,1.3440349102020264,7602273800,Amra Marg,18.997211935626524,73.03563758741656
2.7265021800994877,1.423708200454712,7602273812,Amra Marg,18.98564160045513,73.03778249065476
-0.2877524495124817,2.5032501220703125,7614794303,Ulwe Exit,18.966867922740065,73.00946130216116
5.969783782958984,1.3651647567749023,7658543134,MIDC Service Road,19.051392980856367,73.02111703774837
4.169607162475586,1.373870849609375,7728028038,Sion-Panvel Highway,19.0654774436687,72.9825014818966
4.053854942321777,1.3554301261901855,7728028038,Sion-Panvel Highway,19.06492354334444,72.9818763944779
3.956085443496704,2.0259311199188232,7728028038,Sion-Panvel Highway,19.064433919159487,72.98102395659795
4.828159809112549,1.2304425239562988,7728028052,Swami Pranavanandaji Marg,19.06704045070377,72.99157698685745
4.640669345855713,1.60756254196167,7731220370,,19.00541871946608,73.03137594985652
4.856543064117432,1.427532196044922,7803568945,Sector 17 Road,19.070675831024623,73.00145894448994
5.211070537567139,2.92537260055542,8671144991,,19.16273478892684,73.07688661166334
5.199810028076172,2.877182006835937,8693507296,,18.998684516970027,73.03599315956941
5.000735282897949,1.394228458404541,8894174502,Sector 27 Road,19.02128453456153,73.02396640642544
3.207267999649048,1.6110775470733645,8963723815,Palm Beach Marg,19.07186414994244,73.00231229772807
3.9719531536102295,1.3381316661834717,9054257941,Ulwe Flyover,18.97488065161046,73.03617761418934
4.598174571990967,1.3477482795715332,9067722991,,18.85130725666924,73.09599648861463
-2.148317575454712,3.2961678504943848,9136014519,,18.920178171174648,72.97824997074231
1.746264934539795,1.2529807090759275,9136014706,,18.91360993022201,72.99875106447087
2.2387688159942627,1.2412467002868652,9136014710,,18.91627513499308,72.98939086615871
2.0,2.334430694580078,9140432719,,18.87598218261369,72.97849274698193
2.483793258666992,3.114851951599121,9140432735,,18.876750536881183,72.9733059087115
4.034773826599121,1.4888930320739746,9140432735,,18.87526490389804,72.9745448774457
2.694962501525879,1.2683918476104736,9140432813,Uran Koproli Road,18.88456735611689,72.9882642590077
1.9003241062164309,1.93369722366333,9140432825,,18.87709889712511,72.97036008835418
0.0,1.5724014043807983,9153468942,JNPT Terminal 3,18.92456371152037,72.95810577802729
0.0,1.7403619289398191,9153468942,JNPT Terminal 3,18.92433324862516,72.95845760473742
3.487449884414673,1.272465467453003,9166424895,,18.99361303635689,73.0323473045054
2.640693664550781,1.6974706649780271,9166424895,,18.993945371123413,73.03259270534025
1.5,2.9529929161071777,9166424895,,18.99502278836528,73.03318363543973
4.0370917320251465,1.6260924339294434,9167774559,,18.895076044332363,72.9798178603165
4.862712860107422,3.815827369689941,9167774559,,18.89474586810412,72.97936632928098
4.086615562438965,1.439556121826172,9167774570,,18.89404717116708,72.97882115014859
3.4731576442718506,1.7099483013153076,9167774570,,18.89336482959631,72.97973903920382
0.26395183801651,2.050909757614136,9167774576,,18.879358587820825,72.9831675922848
1.2473164796829224,1.6451503038406372,9167774576,,18.881641596176816,72.98292194656828
1.2473164796829224,1.6451503038406372,9167774597,,18.881645135415617,72.98292237639883
0.26395183801651,2.050909757614136,9167774597,,18.87936100909958,72.98316484662402
0.0,1.6840636730194092,9167774608,,18.882310136756,72.98188892268327
0.0,1.4634780883789062,9167774608,,18.88205563940942,72.98155596400039
0.9194995760917664,1.2496485710144043,9167774608,,18.88365959563822,72.9838787496828
3.674691438674927,1.5512988567352295,9454903493,"['Panvel Uran Road', 'Panvel Uran Road Flyover']",18.932681123998396,73.01704201206061
2.87631893157959,1.5162897109985352,9454903493,"['Panvel Uran Road', 'Panvel Uran Road Flyover']",18.93023386377943,73.01620244921759
2.29302716255188,1.3489577770233154,9454903510,,18.91215764299748,73.00391524780073
1.956511378288269,1.718269944190979,9454903510,,18.91266568636228,73.00475677272243
2.029454708099365,1.6989035606384275,9454903510,,18.91376346716033,73.00637652200999
2.4078962802886963,1.6584656238555908,9454903510,,18.915217074198967,73.00806472292471
5.265670299530029,1.732892990112305,9537861342,Kopra Road,19.033129951714077,73.07695803217493
3.1802570819854736,1.5199830532073977,9608304561,,18.98662550597248,73.03722403012914
3.636507511138916,2.762080192565918,9608304655,Seawoods Station Road,19.02206386007307,73.01659126036755
4.307431697845459,2.075070381164551,9608304655,Seawoods Station Road,19.021782079090155,73.01689911297767
3.1517581939697266,7.775191307067871,9608304664,Darave Road,19.024546705401843,73.02004367827692
1.1379107236862185,2.127596378326416,9631638405,JNPT Road Flyover,18.91179751744725,72.98363117128717
1.6470732688903809,1.3428754806518557,9631638405,JNPT Road Flyover,18.910758212706725,72.98454281496248
2.102771520614624,1.8481862545013428,9631638405,JNPT Road Flyover,18.904736818390823,72.98838084941876
2.0031774044036865,1.2770514488220217,9631638410,,18.91511662238088,72.98056262302657
-0.2306504100561142,2.801938533782959,9631638410,,18.91600846699847,72.97968880164908
2.580527782440185,1.2919461727142334,9631642820,JNPT Road,18.90542107092072,72.99005636179784
2.4141383171081543,1.3102664947509766,9631642821,JNPT Road,18.907643756986484,72.98754675250429
1.475532293319702,1.4674403667449951,9631642853,JNPT Road Flyover,18.912139788096734,72.98309309204447
1.9798341989517207,1.205013394355774,9631642876,,18.91685237823256,73.00924418752214
2.331744909286499,1.3351609706878662,9631642876,,18.92142691950592,73.01202358889732
1.8026002645492556,1.977554202079773,9631642876,,18.92424283605754,73.0137324803526
2.397562026977539,1.5479249954223633,9631642876,,18.9253332261153,73.01430527340564
5.644473552703857,2.425572872161865,9632917639,Adi Shankaracharya Marg,19.026033670712444,73.02020613279055
0.0,1.3902690410614014,9685181432,Seawoods Harbour Road,19.002829055643343,73.02368565920791
3.488881349563598,1.4599649906158447,9778641844,Sion-Panvel Highway,19.067807588168176,72.98468027589247
3.1564688682556152,1.3657760620117188,9778641844,Sion-Panvel Highway,19.068521247035303,72.98533724248126
4.204024314880371,1.8784093856811523,9798857336,,19.049472430584977,73.0809786266645
5.368856430053711,5.2014570236206055,9805620649,,19.152889134640493,72.98855903568038
1.5,2.619276523590088,9817235234,,19.054910663447348,73.08289753310306
4.636129379272461,1.6951308250427246,9867330427,Palm Beach Marg,19.00882947312228,73.02499527482132
3.550644397735596,1.876126289367676,9867330428,,19.008759881654743,73.02411339580392
4.2730913162231445,1.2263779640197754,9867487255,Bhagwan Mahaveer Road,19.06654487147004,72.99993313408139
5.837867736816406,6.237448692321777,9880746218,,18.98694596470545,73.09226263281403
3.4512977600097656,1.298354148864746,9891102558,,19.069138239353663,72.98495928370656
5.8907623291015625,1.9604334831237795,9891102591,,19.073603362238728,72.98746804962992
3.3683021068573,1.688800573348999,9967226442,Dattatray Tandel Marg,19.018265928097147,73.02176434696392
3.8313300609588623,1.2130062580108645,10026636291,Roadpali Lake Road,19.04158385212697,73.09786686574863
1.5,3.0634336471557617,10026636291,,19.0409877581112,73.09826456629476
3.5,2.88450288772583,10166091984,,18.972985142905824,73.1290548047048
5.974279403686523,2.3847055435180664,10246391077,,19.06752906772711,72.98805070475025
5.974279403686523,2.3847055435180664,10246391078,,19.067554433153,72.98807374855778
5.974279403686523,1.4760675430297852,10246391078,,19.067530579544638,72.9878645917785
4.128378391265869,1.45704984664917,10264433230,Sai Mannat road,19.069365023255443,73.08358510511651
5.6001152992248535,1.7666840553283691,10277516973,,19.174008758351256,73.08751331045275
2.581291913986206,1.7729575634002686,10281685549,Mumbai Pune National Highway,19.06215003505178,73.09541091337466
5.458150863647461,1.3977413177490234,10281709468,,19.001349999220867,73.03364470542684
5.014703750610352,1.6818256378173828,10281709468,,19.00168549112828,73.03340473882305
4.15518856048584,1.8130741119384768,10281742522,,18.92154899561595,72.96972555109755
3.781002759933472,1.4913103580474854,10281742522,,18.92071416124985,72.97119158537782
3.696635246276856,1.3757920265197754,10281883203,,18.89707751607221,72.99860154170537
4.550921440124512,1.6281309127807615,10281883203,,18.89606520358422,73.00332150276184
3.981351137161255,1.2946898937225342,10290639114,,19.014883909837696,73.00916992077859
3.981351137161255,1.2946898937225342,10290639116,,19.014894090235074,73.00918517909432
3.847273826599121,1.2104945182800293,10343491579,,19.06508529395973,72.99268526026454
4.481095314025879,2.1845664978027344,10548781976,,19.07599466250081,72.99056494849299
4.759797096252441,1.4019198417663574,10725443478,,19.07447650515609,73.01397617860319
5.241441249847412,1.9832763671875,10837083876,,19.07063120247547,73.10011250675258
4.918428897857666,1.329315185546875,10926137557,,19.0873209040908,73.01236591184586
4.063777446746826,2.827390670776367,10939012926,,19.085782001991525,72.99812202100698
4.8691911697387695,2.184467315673828,10939012926,,19.0861216047921,72.99835695328345
2.9996187686920166,1.4460728168487549,10939012926,,19.089075734904803,73.00032677010833
2.899465560913086,1.7770404815673828,10939012926,,19.08938434346095,73.00059885217128
2.000352382659912,2.007044792175293,10939012926,,19.089664884481824,73.00090823903335
2.7405455112457275,1.2668516635894775,10939012926,,19.08994542506966,73.00121762694356
4.65426778793335,1.725900173187256,10942292172,,19.1651296601467,73.06906567138222
3.748816967010498,1.5886530876159668,10943518784,Gagangiri Maharaj Marg,19.09445302297038,73.00119229573025
1.297255277633667,1.7506496906280518,10943547113,,19.09044371333988,73.00179759761517
2.7405455112457275,1.2668516635894775,10943547113,,19.089897493350307,73.00116476641128
2.000352382659912,2.007044792175293,10943547113,,19.08961695268848,73.00085537868014
2.9996187686920166,1.4460728168487549,10943547113,,19.08913271948656,73.00036188339566
3.566816568374634,2.2904398441314697,10943547113,,19.086628921229337,72.99870941948349
3.059945821762085,1.446446657180786,10970186796,Mansarovar Station Road,19.015434979793277,73.08334994201226
3.142493963241577,1.363898515701294,10970186796,Mansarovar Station Road,19.015146258996808,73.08365078298395
2.5279335975646973,3.376406192779541,11019861252,,18.90490316189573,72.98272102369054
2.0502209663391118,2.450995922088623,11019861252,,18.904581658404705,72.98298233653846
5.506592273712158,2.43479061126709,11019861252,,18.90383148175941,72.9835920625317
3.5008039474487305,5.475068092346191,11019861252,,18.90350997669739,72.98385337196376
4.291410446166992,2.5112104415893555,11019861252,,18.90243828975388,72.98472439600351
2.7315497398376465,1.5101909637451172,11027232412,,18.876016693373572,73.03144730674606
5.464581489562988,1.463582992553711,11027232435,,18.87517180631108,73.02827887069475
5.998034477233887,1.381260871887207,11027235855,,18.870854639430583,73.04966419932629
2.9005770683288574,2.236820697784424,11027244282,,18.864022963841563,73.04177532961897
2.9005770683288574,2.236820697784424,11027244346,,18.864034917891846,73.04178367107893
5.270224571228027,1.811601161956787,11027331889,,18.85772283825564,73.01679904905362
5.394028186798096,1.37977933883667,11027337904,,18.861083480278324,73.0198418006929
3.450269222259521,1.4523639678955078,11029496822,,18.927153200941436,73.0423905563871
3.450269222259521,1.4523639678955078,11029496826,,18.92715209293031,73.04242569055648
1.81795072555542,2.1185970306396484,11036720290,,18.9251860328749,73.02086377981314
1.655124306678772,1.6254292726516724,11036803232,,18.91060047048958,73.02419549026007
2.13012433052063,1.2812721729278564,11036803232,,18.909826206513024,73.02362130218653
1.4675710201263428,1.5631306171417236,11036803232,,18.90846086145682,73.02224494502029
5.299747943878174,2.012346744537353,11037315333,,18.99307616291652,73.10366673701826
5.299747943878174,2.012346744537353,11037315342,,18.99309441401025,73.10363303880034
4.583505153656006,1.3535680770874023,11038523145,,19.145453583100878,73.0730097887884
4.583505153656006,1.3535680770874023,11038523155,,19.1454585092069,73.07300631391381
4.526859760284424,2.434144973754883,11038588735,,18.85488924908207,73.1322454816754
4.526859760284424,2.434144973754883,11038588737,,18.854888616544653,73.13224462609772
3.134972095489502,6.223633289337158,11038674043,,19.01551241924588,73.09443571080423
2.8048813343048096,1.2354109287261963,11043838709,Mumbai - Pune Road,19.162747025953863,73.02886210669672
5.696694850921631,1.509376049041748,11043864732,,19.164806918315804,73.02975539365914
5.731017112731934,6.102434158325195,11047690520,,19.015930856848136,73.08708858807037
5.731017112731934,6.102434158325195,11047690524,,19.015933693902834,73.08707963528651
4.937207221984863,2.3071413040161133,11050911823,D Mart Road,19.030760496647463,73.10194376633504
5.868178367614746,1.5984539985656738,11061220463,Mar Theophilus Marg,19.0835558901363,72.99899512152612
5.144925117492676,1.5694904327392578,11064529914,Turbhe Village Road,19.07161046486609,73.00999319003586
3.781237363815308,1.2981650829315186,11066424429,Vashi Gaon Road,19.06611814154437,72.99116963722459
5.403739929199219,2.2247509956359863,11066609235,,19.02962129079799,73.06068702348638
4.78939962387085,1.6398558616638184,11068749200,,19.15174784840152,72.99648745581712
4.839078903198242,1.438617706298828,11070577446,,19.16252395608308,73.04854799101388
4.839078903198242,1.438617706298828,11070577448,,19.1624921137044,73.0485249762365
5.394028186798096,1.37977933883667,11118793473,,18.86115386594225,73.01988652460018
3.173747062683105,1.3395638465881348,11569787896,Panvel Uran Road,18.913223184722447,73.00590046347467
2.7068278789520264,1.2699568271636963,11569787896,Panvel Uran Road,18.915422895090984,73.0084123880978
2.125020742416382,1.659617900848389,11569787896,Panvel Uran Road,18.917141414638778,73.00954195092166
3.666905879974365,1.4931516647338867,11569787896,Panvel Uran Road,18.921243144493225,73.01204286789762
2.8150579929351807,1.942669153213501,11569787896,Panvel Uran Road,18.921711912076564,73.0123286943294
3.177388906478882,1.4593064785003662,11569787896,Panvel Uran Road,18.92453050482939,73.01403246419284
5.982980251312256,3.924981594085693,11921430019,Uran Road,18.987667142742264,73.09217402976195
3.9016406536102295,3.451847791671753,11921430019,Uran Road,18.98845874048273,73.09272327802735
3.221662998199463,1.9867801666259768,11921430019,Uran Road,18.989233021012044,73.09329900639713
3.711601734161377,2.395935535430908,11921430019,Uran Road,18.98956356723124,73.0935477177796
2.287993907928467,1.722029685974121,11930133020,Sion-Panvel Highway,19.035411530169934,73.08107904689494
1.852165460586548,1.2456319332122805,11977554916,Mumbai Pune National Highway,19.06320895714616,73.09478980925712
3.013504981994629,1.5182504653930664,12046217754,,18.96048705936307,73.01359030643819
2.8952558040618896,2.208485841751098,12088479400,,18.994027161289768,73.09700617654845
4.640669345855713,1.60756254196167,12135252771,,19.00539498073793,73.03139725055313
5.014703750610352,1.6818256378173828,12135252771,,19.00166180604528,73.03342350196252
5.458150863647461,1.3977413177490234,12135252771,,19.001324351298315,73.03366035894497
4.045639514923096,1.209664821624756,12137305720,Nag Devi Marg,19.02174280581657,73.01343713529255
4.317617416381836,1.63633394241333,12272821050,,18.96899460134622,73.02643235084214
4.213384628295898,1.222790241241455,12272972779,,19.05934385226579,73.00991825570738
5.206159114837647,2.070047378540039,12395276866,,19.108793193314387,73.00183102624183
5.206159114837647,2.070047378540039,12395347002,,19.10871982687703,73.00185499561248
5.288763999938965,1.4624552726745603,12461201943,Atal Setu,18.95918528025054,73.01166799371221
5.310031890869141,2.98330307006836,12488092978,,19.06367578900918,73.01340757680435
2.5325441360473637,2.8790245056152344,12577856835,,18.922161748154547,73.0129497441146
5.742865085601807,1.643259048461914,12583406423,Amra Marg,19.00476129808486,73.03068425799768
5.502203464508057,1.214792251586914,12893285365,,19.03766866641032,73.06509723501956
3.4422996044158936,1.373767614364624,12992247008,,18.992149488097912,73.05428607506417
-0.3651211559772491,1.382040023803711,13050384872,,18.91465959984091,73.01205167525595
-0.454814463853836,1.7882176637649536,13050384875,,18.914910999100787,73.01250470388213
-0.2306504100561142,2.801938533782959,13094131089,,18.91598490332667,72.9797118893078
4.079868793487549,1.2107973098754885,13096307799,"['Targhar Flyover', 'Ambuja Jetty Flyover', 'Amra Marg']",18.996747458691413,73.03625678783894
5.543643951416016,1.352530002593994,13096307799,Amra Marg,18.99986668991382,73.03446817740395
4.24673318862915,1.980496883392334,13201244761,,19.0304232568024,73.06368975963707
5.447898387908936,2.321723937988281,13272154901,,19.058334830390702,73.0111187810541
5.404332160949707,2.3652901649475098,13272154901,,19.058603354793178,73.01079790046803
5.172934532165527,2.651601791381836,13272154901,,19.058872759035392,73.01047780492782
5.772993564605713,2.0841684341430664,13272154901,,19.05914216262039,73.0101577083648
5.205194473266602,1.746657371520996,13284832557,,19.067903892436075,73.10663445474161
1.2048900127410889,1.3007495403289795,13285046492,NMIA North Boundary Road,19.002286531764646,73.07350200933433
5.307971000671387,1.2056093215942385,13350626017,Kalyan - Shil Road,19.16221321301865,73.07166110265186
5.307971000671387,1.2056093215942385,13350626017,Kalyan - Shil Road,19.16225404194205,73.07161888713858
5.747142791748047,1.974931240081787,13350626017,Kalyan - Shil Road,19.16490269153755,73.07529584489713
5.971784591674805,3.669008255004883,13350626017,Kalyan - Shil Road,19.16689490542316,73.07722795441725
5.793602466583252,2.8596596717834477,13350626017,Kalyan - Shil Road,19.167181379504505,73.07753143039984
2.8399057388305664,1.3340134620666504,13410353970,"['Amra Marg', 'Targhar Flyover']",18.98657176499991,73.03754103629255
3.3771376609802246,1.460648536682129,13410353970,"['Amra Marg', 'Targhar Flyover']",18.985953840307044,73.0378322912253
2.7703633308410645,1.3798470497131348,13410353970,"['Amra Marg', 'Targhar Flyover']",18.9853175587758,73.03807554786421
5.666321277618408,1.2609610557556152,13434015871,,19.16433038898647,72.9920721891153
3.4422996044158936,1.373767614364624,13437295116,,18.992080027722608,73.0543436312568
3.744999647140503,1.8961265087127688,13506702144,,18.973583366298516,73.07326190018358
3.101049423217773,1.2353019714355469,13523848282,Kharghar Station Road,19.035365670548646,73.0713285580772
4.757309913635254,2.04351806640625,13523867403,Taloja Phase 2 road,19.06702385269745,73.09902645450582
3.197128772735596,2.316904067993164,13543195456,Palm Beach Service Road,19.055292829671757,73.00458103163061
3.0057971477508545,1.5459473133087158,13543195462,,19.055053787582988,73.00699046800806
5.98173713684082,1.6122221946716309,13543270807,Sukir Manya Koli Marg,19.00838821560421,73.040665570201
4.231846809387207,2.103910446166992,13543270807,Sukir Manya Koli Marg,19.00864822892372,73.04034954037346
3.9068799018859854,2.4756221771240234,13545534867,Seawoods Station Road,19.02151328647841,73.01719498907877
4.824863910675049,2.3804664611816406,13545534867,Seawoods Station Road,19.021232556048684,73.01750406670014
1.1005617380142212,1.830665707588196,13755575827,Kalamboli Link Road,19.033916724531867,73.08625291322271
4.45546817779541,1.7856602668762207,13766219946,,19.069532070098536,73.00286643419764
5.199810028076172,2.877182006835937,13769114583,,18.99869297950591,73.03598693421941
1.5,3.0634336471557617,13779642265,,19.040988646110797,73.09826584347942
5.502203464508057,1.214792251586914,13779738520,,19.037676258882527,73.06507371909558
4.693432807922363,1.2895474433898926,13851588770,,18.98764958327979,73.09187840697966
5.665083408355713,2.6346755027771,13893419217,Dr. Babasaheb Ambedkar Marg,19.05617764732299,73.01485406288847
3.919924020767212,1.5057218074798584,13893419217,Dr. Babasaheb Ambedkar Marg,19.05644693479721,73.01453386203917
4.481411933898926,2.5399246215820312,13936494396,,19.155086248806317,73.05410450534502
4.291224956512451,1.4335479736328125,352470440,Eastern Express Highway,19.20910277161791,73.00412300547754
5.446486949920654,1.5860204696655271,352470440,Eastern Express Highway,19.20857153338667,73.00297273839311
5.1551008224487305,1.273182392120361,904824687,,19.295651571385285,73.0118409722526
1.3584357500076294,1.4362417459487915,1235720554,,19.265335468169887,72.98757194707433
5.561290264129639,1.6225318908691406,1647015838,Shree Swami Samarth Marg,19.18074337237224,72.98105216791144
4.139474868774414,1.8210806846618648,1650406080,Salvi Road,19.195473264022965,72.99429213255867
5.6239776611328125,2.419034004211426,1708083270,,19.203828670461828,73.09010407329754
5.482614040374756,3.8912291526794434,1708083270,,19.203532362771472,73.08932667465963
3.493337631225586,2.795343399047852,1960734350,RW Sawant Road,19.209625128917324,72.98186257912776
0.5823198556900024,1.3266319036483765,2193781125,,19.177711353189338,73.03380012288724
4.206358432769775,1.3012795448303225,2221087644,,19.25806151940176,73.01670206127494
3.2920563220977783,1.56111741065979,2221088240,,19.26156113288622,73.01463376732674
3.973253011703491,2.086503744125366,2221090658,,19.30005336824391,73.17596513510047
3.000235319137573,1.854266881942749,2221471571,,19.323452964808062,73.07230553904334
3.000235319137573,1.854266881942749,2221471740,,19.32343142355976,73.07230194620844
2.5577516555786133,3.1132607460021973,2224423922,,19.233290486393315,73.06604219812138
2.9925811290740967,4.307106018066406,2224423922,,19.233607635840453,73.0663098636948
2.783158540725708,5.407957077026367,2224423922,,19.23390994025126,73.06659439754503
3.4199438095092773,2.3456687927246094,2224424457,,19.236348816609677,73.06309963727445
4.599239349365234,5.23729419708252,2224424557,,19.23753297276233,73.04019373482737
4.599239349365234,5.23729419708252,2224424732,,19.23753001523084,73.04019001128327
5.06956672668457,2.9441795349121094,2224424845,,19.23674365394055,73.0628585865341
2.855733633041382,2.557711362838745,2224424845,,19.238755482810024,73.0646608533538
2.8843436241149902,1.8786959648132324,2224425155,,19.242860398480037,73.02286684763111
4.205812931060791,1.47275972366333,2224425254,,19.24514373700061,73.02429754325382
2.8843436241149902,1.8786959648132324,2224425254,,19.24285408884469,73.02286026885777
4.205812931060791,1.47275972366333,2224425602,,19.24516899054654,73.02425874983403
5.127276420593262,2.688924789428711,2224426222,,19.245806135875792,73.0692241081632
4.316410064697266,1.7405948638916016,2224426807,,19.249610912855445,73.01297622584819
4.628396511077881,1.4517560005187988,2224871254,,19.18760199692148,73.04258227907434
5.2814226150512695,7.571738243103027,2224871557,,19.188628418307168,73.04519987889965
4.059118747711182,3.1502156257629395,2224873151,,19.198180231478727,73.07177262850291
5.966919898986816,2.7004966735839844,2224873496,,19.215772957086656,73.03872611585324
5.59661865234375,1.991757869720459,2227586937,Majiwada Village Road,19.215630374249518,72.98354363156245
5.59661865234375,1.991757869720459,2227610325,Majiwada Village Road,19.21563447985008,72.98355386806274
2.0245583057403564,2.267231702804565,2228291385,Chendani Bunder Road,19.19392555642368,72.98260485231985
2.0245583057403564,2.267231702804565,2228291496,Chendani Bunder Road,19.19394212556368,72.9826131757746
3.194936037063598,2.129812479019165,2228291677,,19.198230367856773,72.99587329293398
3.493337631225586,2.795343399047852,2228292629,RW Sawant Road,19.209672827621908,72.98190711684003
5.526731967926025,1.8398046493530276,2230420381,,19.190010220932184,73.04455074664726
5.966919898986816,2.7004966735839844,2230421638,,19.215808773852604,73.03878883046404
3.5206539630889893,1.668186902999878,2230498732,,19.20835763374037,73.03295563749239
3.5206539630889893,1.668186902999878,2230498818,,19.208408963170843,73.03293443950942
5.198029041290283,1.2741847038269043,2230499069,,19.218688838000183,73.06273901548711
5.67181396484375,1.367605686187744,2230499243,,19.22917793132098,73.04356566214254
4.744554996490479,1.8581624031066892,2230499258,,19.22884512150324,73.02534081130588
4.2522149085998535,1.7066068649291992,2230499258,,19.22937472739361,73.02616909713845
3.383033275604248,1.2060227394104004,2230499258,,19.229900861749805,73.02699984803046
4.800746440887451,2.118580818176269,2231219734,,19.20948988311413,73.0799350977345
4.800746440887451,2.118580818176269,2231219794,,19.20942398962106,73.07990126269756
4.980621337890625,3.203913688659668,2231220102,,19.21336685829812,73.0781367710222
5.30992603302002,1.5302653312683103,2231220260,,19.216502507416383,73.07617787530667
5.533695697784424,2.698766231536865,2231220506,,19.21578481312321,73.0758570322101
4.403707027435303,1.606396198272705,2236479317,,19.23485158533428,73.12491249579689
5.133482933044434,4.181836128234863,2236480435,,19.24548096496404,73.1146841045017
3.516335964202881,2.066218376159668,2236480544,Kon Piplas Rd,19.246966856352863,73.09626704246108
3.5440444946289062,1.942027568817139,2236480544,Kon Piplas Rd,19.24518296654196,73.0828724452795
0.5823198556900024,1.3266319036483765,2237059412,,19.177700185960425,73.03381382863611
4.666812896728516,1.2278356552124023,2237059606,,19.180413976879404,73.04034719928869
3.2167904376983643,1.2306625843048096,2237059665,,19.181041077921464,73.04197460971584
5.055834770202637,1.2658214569091797,2237059994,,19.183886352258853,73.04034766411937
2.8055994510650635,1.3824527263641355,2242078217,,19.32540875804693,72.97407387040523
3.977919101715088,1.3334393501281738,2242267475,,19.186188414464617,72.98867026078184
3.977919101715088,1.3334393501281738,2242267475,,19.185927461803598,72.98870252709796
5.600008964538574,1.2862558364868164,2244912349,,19.312205555994016,73.04339472192808
1.9349448680877688,1.2175707817077637,2245096737,,19.29539403743745,72.9884655027943
2.4767775535583496,2.016798973083496,2245096737,,19.29560497055428,72.98809957989666
2.0777781009674072,1.4825284481048584,2245096737,,19.29588640937054,72.98761180710241
2.925374746322632,1.4806067943572998,2245096737,,19.296675834444606,72.98611587290415
1.9317892789840696,1.3899680376052856,2245096999,,19.29815577165513,72.98477080838386
2.5586555004119877,2.271132707595825,2245097516,,19.303179380719968,72.9758903459857
2.2364840507507324,1.8729472160339355,2245097524,,19.303078819506517,72.97545652105626
3.175020217895508,1.397667407989502,2245097524,,19.3020395686548,72.97725918491709
5.697089672088623,1.3461699485778809,2246571938,,19.252158372614907,73.1579270048639
5.601468086242676,3.56198787689209,2246572737,,19.264376875765205,73.15693067333564
4.832828521728516,1.8842005729675293,2269782618,Mumbai Agra National Highway,19.228058084867016,73.02494814079809
3.40317440032959,1.6146588325500488,2269782636,Mumbai Agra National Highway,19.2296926133742,73.02761546513811
5.065309524536133,1.4333429336547852,2269782638,Mumbai Agra National Highway,19.231848062515702,73.03073821408208
4.592498779296875,2.047473907470703,2269782638,Mumbai Agra National Highway,19.23215361039241,73.03120940616833
5.432572841644287,1.4861798286437988,2269782638,Mumbai Agra National Highway,19.232483040525565,73.03166246609166
5.452467918395996,1.7182917594909668,2269782638,Mumbai Agra National Highway,19.232746831970115,73.03198782935829
4.383224487304688,1.6170320510864258,2299204467,Thane Belapur Road,19.193432005064142,72.98744089639007
5.829215049743652,2.062434673309326,3797743020,,19.25218598751603,73.02573792558196
5.829215049743652,2.062434673309326,3797743022,,19.252187671048585,73.02574972471237
5.588829517364502,1.371490478515625,3797743031,,19.251404524214244,73.0138759192577
5.198981285095215,1.3451032638549805,3797743226,,19.254233047498392,73.01498090596692
3.825940132141113,1.4570088386535645,3797743249,,19.255078097821684,73.01466022170594
4.963660717010498,2.3811583518981934,3797743368,,19.256694168798465,73.01608050209784
5.327793598175049,2.488458633422852,3797743368,,19.25639751388417,73.0154961227802
3.2920563220977783,1.56111741065979,3797743462,,19.26158672935227,73.01460817079226
4.206358432769775,1.3012795448303225,3797743462,,19.258110403257277,73.0166487034271
3.0027377605438232,1.3340332508087158,4140598033,,19.183753030647004,72.98859412382343
4.47798490524292,2.223297119140625,4233697105,Agra Road,19.235481576710125,73.01410756130396
4.148327827453613,2.151751041412353,4233697105,Agra Road,19.23523798877765,73.01376514374464
4.135171890258789,1.97383451461792,4233697153,,19.24791310824229,73.0132792666614
4.667126178741455,1.435002326965332,4233708806,,19.237957950026093,73.01576687738888
5.666698932647705,1.7781453132629397,4367712924,Wood Street,19.25837890257747,72.98243023737191
4.13556718826294,1.4480562210083008,4946969898,,19.23248143609016,73.00898570184572
5.6176581382751465,1.7684454917907717,4946969898,,19.23272397806816,73.00932908967506
4.667126178741455,1.435002326965332,4946969910,,19.237932536062228,73.01574592930702
5.427612781524658,1.9061932563781736,5355360602,"['Majiwada Flyover', 'Eastern Express Highway']",19.211315682070577,72.98196306417093
5.611447334289551,2.649311065673828,5428709958,Bhiwandi-Kharbao Road,19.297320006062943,73.04414502946193
5.30992603302002,1.5302653312683103,5689747287,,19.21648664083791,73.07618742105747
5.3399505615234375,1.4228978157043457,5757749708,,19.25721255973061,73.03536189242574
5.600008964538574,1.2862558364868164,5758317603,,19.31224779609597,73.04345573806856
5.824473857879639,2.058600425720215,5763005616,,19.25278980648453,73.1085263606632
5.824473857879639,2.058600425720215,5763005628,,19.252787110681982,73.10851839616521
3.256820678710937,1.931149959564209,5923862802,,19.195242299603887,72.9832100541812
3.599973201751709,2.7628612518310547,6134580034,,19.19624211018267,72.9940084038591
4.013223171234131,2.349611282348633,6134580034,,19.19650645605287,72.9943333911823
3.611385583877564,2.0663111209869385,6409061734,Mumbai Agra National Highway,19.268196509284078,73.08185126430038
3.8678059577941895,3.339901924133301,6409061734,Mumbai Agra National Highway,19.26789925230233,73.08137405812877
4.44867467880249,2.285329341888428,6409061734,Mumbai Agra National Highway,19.267379049920088,73.08053895163641
5.362321853637695,1.9800000190734863,6560194597,,19.205014543934396,73.01835145586104
5.699755668640137,1.2048883438110352,6627481778,,19.295556080821203,72.99447078895987
3.709548950195313,1.810234546661377,7113040831,Regent Street,19.258192949416568,72.98806132487947
4.589633941650391,1.3942670822143557,7257349649,,19.327088942395065,73.01207699975753
2.084315776824951,1.6576933860778809,7259985366,,19.29161556259232,73.01188024018228
2.625612735748291,1.436239242553711,7273598656,Chinchoti Anjur Phata Road,19.29553134541369,73.00080437797693
3.907500505447388,2.9124252796173096,7278735410,,19.183750974068975,73.03910598443427
3.907500505447388,2.9124252796173096,7278735414,,19.18374159445098,73.0391337935161
4.904928207397461,1.2244791984558103,7278910210,,19.30572095669571,73.0571955391067
5.039742946624756,3.078066349029541,7284224909,,19.301508838048488,73.05118768487102
5.039742946624756,3.078066349029541,7284224965,,19.30150754849118,73.05118448376882
3.973253011703491,2.086503744125366,7284240255,,19.300070457884893,73.17597071111102
5.5,1.4739751815795898,7284397004,,19.295388719342128,73.04642393653128
5.9038615226745605,2.1043248176574707,7287240759,,19.33632388741069,73.07904656771304
3.383033275604248,1.2060227394104004,7298318661,,19.229903413631835,73.0270038774044
4.2522149085998535,1.7066068649291992,7298318661,,19.22937727929179,73.02617312648569
4.744554996490479,1.8581624031066892,7298318661,,19.2288477644609,73.02534477485068
3.6844754219055176,1.4356842041015625,7298407846,,19.23793050658535,73.01721517153116
3.742225408554077,1.5978000164031982,7298407847,Agra Road,19.236886626796352,73.01576107367958
3.6844754219055176,1.4356842041015625,7298407848,,19.2379268514832,73.0172106323079
5.5,1.4739751815795898,7298709965,,19.29537664797441,73.04641917969505
3.297450304031372,4.022418022155762,7306020689,,19.25148006369031,73.00385931582638
4.39025354385376,1.770456314086914,7306020689,,19.25225300357713,73.00360745536453
3.988560676574707,2.9246106147766118,7306020689,,19.25357036213018,73.00298813796529
2.127699375152588,1.9674434661865237,7306020689,,19.25818586345548,73.00294134974457
2.6505110263824463,1.4599659442901611,7306020689,,19.25973254787811,73.0035053532312
2.4677417278289795,1.642735242843628,7306020689,,19.260047390140944,73.00377516288245
4.930835723876953,1.4499788284301758,7311293794,,19.22537245483053,73.05028939974314
4.38275146484375,1.4097299575805664,7312806381,,19.327654271277584,73.02286879907915
4.930835723876953,1.4499788284301758,7315958424,,19.225382069615502,73.0503039507546
4.903075695037842,2.2225217819213867,7324673523,,19.2690290241462,73.08184809002411
5.013026714324951,1.759481430053711,7324673523,,19.26926305224141,73.08219806200368
3.5440444946289062,1.942027568817139,7325214857,Kon Piplas Rd,19.2451807315619,73.08288083447528
3.516335964202881,2.066218376159668,7325214857,Kon Piplas Rd,19.246971939254188,73.09627391837148
5.222103118896484,4.138337135314941,7330612966,,19.27293888516216,73.16879153731789
5.143242835998535,2.2266502380371094,7330693275,,19.264914532827845,73.07677119060361
5.954360485076904,1.269585132598877,7330967748,,19.259530050184114,73.10333253852865
4.133055210113525,1.3654046058654783,7331361857,Kolshet Road,19.243809888708515,72.9959360944438
4.49904203414917,1.2760672569274902,7331361857,Pipeline Road,19.23986909056533,72.9968510563459
2.844961643218994,1.9983396530151367,7334231514,,19.244274604578724,73.07076167108809
2.941560745239258,2.419295310974121,7334778683,,19.2104237041203,73.0772030031232
4.656478404998779,1.324389934539795,7335089440,,19.22535686493003,73.10388470927599
5.875484466552734,2.77040958404541,7339636336,,19.298926492291702,72.9812848528214
1.9317892789840696,1.3899680376052856,7339636351,,19.29815514122397,72.98477161641111
2.925374746322632,1.4806067943572998,7339636367,,19.296682268918044,72.98610395904005
2.0777781009674072,1.4825284481048584,7339636367,,19.29589320285649,72.98760011644737
2.4767775535583496,2.016798973083496,7339636367,,19.29561172423249,72.98808786370137
1.9349448680877688,1.2175707817077637,7339636367,,19.29540079114204,72.98845378662757
5.635936737060547,1.2550668716430664,7339706432,,19.298603346002096,72.9806795033946
4.197640419006348,1.6778440475463867,7339706432,,19.2991338129714,72.98127041323542
2.2257957458496094,1.9578652381896973,7339706456,,19.30230726102717,72.97666633265976
2.640864133834839,2.037980318069458,7339706456,,19.30257588540454,72.97634545788029
2.2364840507507324,1.8729472160339355,7339706456,,19.303055395844652,72.97548848182161
1.97548246383667,2.494715690612793,7339706456,,19.3012526963706,72.97861810641517
5.954360485076904,1.269585132598877,7349804226,,19.259528354206303,73.10332952083907
1.924151062965393,4.064909934997559,7350264587,,19.244859219193163,73.11776658403744
4.116779327392578,1.3335752487182615,7350403536,,19.21788052190112,72.99570319192937
5.660299301147461,2.19795560836792,7350736744,,19.25234391369505,73.02779644651591
5.660299301147461,2.19795560836792,7350736745,,19.252356218020733,73.0277954448278
4.334204196929932,3.01061487197876,7350751421,,19.256635366457804,73.0160782952303
4.612687110900879,2.200292587280273,7350824157,,19.230175424407857,73.0959482862623
2.6208362579345703,1.6261086463928225,7353234650,,19.24347649891498,73.07136867296148
4.054797172546387,5.43956184387207,7353234661,,19.24238669745732,73.07190088058688
2.844961643218994,1.9983396530151367,7353234661,,19.244332357452837,73.0707195933593
4.167377471923828,3.814685821533203,7353308444,,19.24368057101564,73.07041925244818
5.542150497436523,4.358527183532715,7353308444,,19.243345050777915,73.0706608381826
3.651990175247192,3.396606206893921,7353308444,,19.242902950935797,73.07099081583328
4.337635517120361,4.123453617095947,7353308444,,19.24257387656285,73.071242036677
3.965701103210449,3.010660171508789,7353308444,,19.241804466901264,73.07182593078112
4.401695251464844,2.532676696777344,7353308444,,19.245051643472227,73.06951329271979
4.054797172546387,5.43956184387207,7353314286,,19.24241906992228,73.07187731387594
4.246944904327393,4.313815593719482,7353314286,,19.243201154665115,73.07131280108807
5.677696704864502,2.39119291305542,7353724840,Mumbai - Agra National Highway,19.26815077986736,73.08161799473244
4.642979145050049,3.7106680870056152,7353724840,Mumbai - Agra National Highway,19.26761495243188,73.0807939433115
4.44867467880249,2.285329341888428,7353724840,Mumbai - Agra National Highway,19.267383478489176,73.08044209668402
4.337635517120361,4.123453617095947,7353821465,,19.24260742389018,73.0712164261527
5.356851577758789,4.618200302124023,7353821465,,19.24416921999041,73.0700837506925
3.838904857635498,3.226320266723633,7353821465,,19.2445046610842,73.06984285231754
2.783158540725708,5.407957077026367,7353994926,,19.233913221664125,73.066598161997
2.9925811290740967,4.307106018066406,7353994926,,19.23361140686998,73.06631307988025
2.5577516555786133,3.1132607460021973,7353994926,,19.233294274592534,73.0660453918572
5.666698932647705,1.7781453132629397,7357675157,Wood Street,19.25838668764301,72.98243388144398
5.3399505615234375,1.4228978157043457,7362071335,,19.25721229273857,73.03536154575805
3.907597541809082,1.8430514335632324,7362963614,Kalyan Bypass,19.236274417234185,73.11840530697194
4.107272624969482,1.421083927154541,7374253459,,19.207397008341683,73.07969273775413
5.482614040374756,3.8912291526794434,7375076202,,19.203584084834844,73.08943783703663
5.6239776611328125,2.419034004211426,7375076202,,19.203836352058357,73.09008705328553
5.300424575805664,2.258817195892334,7379630125,Old Mumbai - Pune Road,19.199835167222723,72.99743249864464
3.194936037063598,2.129812479019165,7383945680,,19.198233815676485,72.99588447505911
3.264659881591797,2.44979190826416,7397580513,Chinchoti Anjur Phata Road,19.321070061402423,72.95907141977378
3.059272527694702,1.268373727798462,7397580513,Chinchoti Anjur Phata Road,19.32135889596835,72.959716872513
3.137666702270508,1.821715831756592,7397580612,Chinchoti Anjur Phata Road,19.297849294657865,72.99384331016095
3.6401498317718506,1.4115078449249268,7397723398,Chinchoti Anjur Phata Road,19.317733025696068,72.94977314371634
3.088468074798584,2.651048183441162,8231514941,,19.212163542078876,73.00954653383037
5.097231864929199,1.261648654937744,8231514941,,19.212944829509865,73.0103373817044
4.640289783477783,1.3721575736999512,8231514941,,19.2132379235354,73.01063383336796
3.792595624923706,2.2198517322540283,8231514941,,19.213531017166595,73.0109302860794
-1.1106598377227783,2.865095376968384,8639406606,Regent Street,19.260071098406343,72.98688678740733
4.112548351287842,1.3230414390563965,8731028158,Mumbai - Agra National Highway,19.26908715537438,73.08268353035903
4.460433006286621,1.2387375831604004,8780753141,,19.2171530580867,72.9951594628922
4.116779327392578,1.3335752487182615,8780753141,,19.217926370327145,72.9957374606523
4.710373878479004,1.4975366592407229,8780753141,,19.21869968117085,72.99631546364468
4.259521961212158,1.3071274757385254,8780753141,,19.219031099676243,72.99656318081466
3.055600643157959,1.2323079109191897,8780753156,"['Saket - Kalwa Rd', 'Saket - Kalwa Road']",19.201591361586527,72.98653318851358
3.328507423400879,2.4445395469665527,8780753168,"['Saket - Kalwa Rd', 'Saket - Kalwa Road']",19.20237706193034,72.9873416508591
5.934373378753662,2.391359806060791,8780753183,Saket - Kalwa Road,19.209021281351585,72.9944617844204
5.013596057891846,2.352827548980713,8780753195,Saket - Kalwa Road,19.208173524210668,72.99360146946674
2.790452003479004,1.947500705718994,8828308662,Chinchoti Anjur Phata Road,19.30080841513647,72.98476485247173
4.586086750030518,1.9658560752868648,8842938271,"['Mumbai Agra National Highway Flyover', 'Mumbai Agra National Highway']",19.239263358675625,73.04000819598264
4.854999542236328,1.696943283081055,8842938271,"['Mumbai Agra National Highway Flyover', 'Mumbai Agra National Highway']",19.23899104597087,73.03969048429404
5.014281749725342,2.5658211708068848,8842938271,"['Mumbai Agra National Highway Flyover', 'Mumbai Agra National Highway']",19.237375509236177,73.0377671999421
4.497156143188477,2.969282627105713,8842938271,"['Mumbai Agra National Highway Flyover', 'Mumbai Agra National Highway']",19.237113707849453,73.03743984549122
3.8715126514434814,1.5336263179779053,8842938271,"['Mumbai Agra National Highway Flyover', 'Mumbai Agra National Highway']",19.236227478336364,73.03636088433016
2.896589517593384,2.508549451828003,8842938271,"['Mumbai Agra National Highway Flyover', 'Mumbai Agra National Highway']",19.23596086004032,73.03603787053618
3.300585985183716,2.088787794113159,8842938271,"['Mumbai Agra National Highway Flyover', 'Mumbai Agra National Highway']",19.235694241258948,73.03571485779973
3.4649598598480225,2.1104390621185303,8842938271,"['Mumbai Agra National Highway Flyover', 'Mumbai Agra National Highway']",19.23434450598521,73.03411521318658
3.415618658065796,1.2965309619903564,8842938271,"['Mumbai Agra National Highway Flyover', 'Mumbai Agra National Highway']",19.23407178138908,73.03379790492434
3.015098094940185,1.6970515251159668,8842938271,"['Mumbai Agra National Highway Flyover', 'Mumbai Agra National Highway']",19.233799016393704,73.03348063535225
5.133482933044434,4.181836128234863,9169841073,,19.2455021528862,73.11475243553625
5.6151957511901855,1.5833053588867188,9447929178,,19.197241199564463,73.00021115677538
5.984611034393311,2.182095050811768,9447929178,,19.19662908156134,72.99991109630747
5.827476501464844,1.3309645652770996,9449324904,,19.196744546118392,72.9946169315766
4.013223171234131,2.349611282348633,9449324904,,19.196475943985543,72.99429587950327
3.599973201751709,2.7628612518310547,9449324904,,19.19621159805885,72.99397089230177
3.981994867324829,1.220677137374878,9781473696,,19.2103250842004,73.06338864659703
2.6870150566101074,1.9566535949707031,9781474058,,19.203022094599472,73.03305709771976
2.760622024536133,1.744853973388672,9781474058,,19.20328148850775,73.03272769442404
4.7742600440979,1.9419245719909668,9931632082,,19.280881998153276,73.18161478758736
5.1879706382751465,1.6809940338134766,9936124555,Chendani Bunder Road,19.19550121906564,72.98314728403003
3.2839198112487797,2.8460536003112797,9936124555,Saket Flyover,19.196143010467157,72.98345473010635
4.080341815948486,2.387661457061768,10199117107,,19.25042185092216,73.01349430111281
4.080341815948486,2.387661457061768,10199117108,,19.25044530537104,73.01356584948617
5.362321853637695,1.9800000190734863,10299481293,,19.20496326166524,73.01830040410373
5.761177062988281,2.8982458114624023,10734422802,Kalyan - Padgha Road,19.247029087354004,73.12345866594245
5.9565749168396,5.016787052154541,10923685685,,19.189603595565004,72.9751545008349
5.9565749168396,5.016787052154541,10923685689,,19.18958286245894,72.97509814539508
4.612687110900879,2.200292587280273,11036583212,,19.230173616930408,73.09594337294038
0.089533694088459,1.5208948850631714,11037212344,,19.294808815304545,72.98307905902278
1.810024380683899,1.4234713315963743,11042192645,,19.24701223942154,72.99708117676283
5.905296325683594,1.3666043281555176,11046089580,Kalyan Bhiwandi Road,19.26820209802347,73.08436916168186
5.627603530883789,1.2899808883666992,11056440731,,19.24369902604401,73.01784936468724
5.627603530883789,1.2899808883666992,11056440734,,19.24369497661541,73.01783231389076
4.71954345703125,1.202631950378418,11060878902,,19.24365121989763,73.04076205822685
4.316410064697266,1.7405948638916016,11061390328,,19.249606088001244,73.01296217337452
5.72257661819458,1.5003318786621094,11068260686,Kalyan Bhiwandi Road,19.262006776038252,73.08956900687242
3.4556326866149902,1.5786175727844238,11068720747,,19.218211501317437,72.99374210834671
3.2167904376983643,1.2306625843048096,11068856103,,19.181041198250277,73.04197215319483
2.972179412841797,1.4632973670959473,11133981624,,19.23538144163436,73.0343227254125
2.787536859512329,1.3252074718475342,11133981624,,19.236815417099272,73.03603438573863
3.0872535705566406,1.581071853637695,11133981624,,19.237083224683705,73.03635630884216
1.810024380683899,1.4234713315963743,11173641630,,19.247020828174715,72.99707928508647
4.354975700378418,1.818607807159424,11206987064,,19.27313888440832,73.08065560674926
3.226339101791382,1.5072228908538818,11276515725,,19.238206905101656,73.03771107758749
3.0872535705566406,1.581071853637695,11276515725,,19.23704831130059,73.0363143404658
2.787536859512329,1.3252074718475342,11276515725,,19.23678050365339,73.03599241750021
2.972179412841797,1.4632973670959473,11276515725,,19.235436100145844,73.0343877835625
2.7338709831237797,1.4331402778625488,11276515725,,19.235166800853968,73.03406724650718
2.9149298667907715,1.2372536659240725,11276515725,,19.23489750108565,73.03374671051007
0.0,4.839348316192627,11919209525,Saket Flyover Ramp,19.200509096110537,72.98650547481822
4.46961784362793,1.7848076820373535,12210555553,"['Mumbai Agra National Highway Flyover', 'Mumbai Agra National Highway']",19.23962834328538,73.04015311973112
4.203779220581055,1.6661639213562012,12210555554,,19.238812288406024,73.03900612940122
4.410277366638184,3.933627128601074,12361591688,,19.23817882459654,73.03892966645428
3.5667953491210938,2.8136610984802246,12361591688,,19.23791810931856,73.03860135295857
2.7342898845672607,2.6975553035736084,12361591688,,19.23765635165033,73.03827395844473
2.114980459213257,1.7565321922302246,12361591688,,19.23622005379542,73.0365644777635
3.6820785999298096,2.958326578140259,12375169761,,19.21043481718791,73.0058717332142
3.609602451324463,4.031400203704834,12375169761,,19.21014027952601,73.00557688567972
3.7573883533477774,3.069685697555542,12375169761,,19.20939304268445,73.00475218710079
3.673254013061523,2.159601211547852,12375716735,Mumbai Agra National Highway,19.21332513859373,73.00829672030333
3.102773666381836,2.730081558227539,12375716735,Mumbai Agra National Highway,19.21351970296321,73.0084952617519
3.4198505878448486,3.3915884494781494,12375716735,Mumbai Agra National Highway,19.21381155070673,73.00879307314689
4.7420973777771,3.643043041229248,12375716735,Mumbai Agra National Highway,19.21410339805165,73.00909088559098
5.1725263595581055,3.979951858520508,12375716735,Mumbai Agra National Highway,19.214395244997977,73.00938869908416
5.230123519897461,3.922354698181152,12375716735,Mumbai Agra National Highway,19.214687091545663,73.00968651362648
5.724772930145264,1.6587934494018557,12375716737,Eastern Express Highway,19.209106248787585,73.00386111566081
5.885767459869385,1.427462100982666,12375716737,Eastern Express Highway,19.209405352175374,73.00433629614159
3.66527271270752,1.3424654006958008,12375716737,Eastern Express Highway,19.21106543574924,73.00600913066698
3.3481101989746094,1.659627914428711,12375716737,Eastern Express Highway,19.211365052135044,73.0062982623606
5.2947611808776855,1.7679829597473145,12375716737,,19.2100183683202,73.00483750331034
4.682207107543945,1.9637436866760252,12375716737,,19.210318866059517,73.00512561752964
2.350849866867065,2.409533739089966,12375720039,,19.228551595380747,73.0261777626284
5.021819591522217,1.44437837600708,12375720039,,19.227498607095274,73.02451700765432
1.3701621294021606,3.062837600708008,12384170126,,19.235975621869216,73.0063037736429
3.4654603004455566,1.8361520767211916,12526053305,Service Road,19.21519406235782,73.01114082089518
4.032215118408203,1.8141131401062007,12526053305,Service Road,19.21491986816144,73.01145667946106
5.3541460037231445,1.9128355979919436,12526053305,Service Road,19.214645673318227,73.0117725369874
5.073984146118164,2.205254077911377,12526053305,Service Road,19.214371477828205,73.01208839347417
3.984839916229248,1.3167724609375,12526053305,,19.215460219813693,73.01096652671268
5.745105743408203,1.6883211135864258,12577856994,,19.264941033955655,73.1517058090275
4.719721794128418,1.354115009307861,12738209907,,19.22723320931419,73.04915501057428
1.6812708377838137,2.898481607437134,12743767547,,19.22621031710138,73.04665039477582
5.579134464263916,3.1203808784484863,12816681569,,19.26675522655058,73.07962061401231
5.396666049957275,2.5234169960021973,13055706664,,19.230589470815463,73.02854654690488
5.405025005340576,1.234947681427002,13055706664,,19.232243484232672,73.03115685721032
3.7908565998077393,1.4933974742889404,13055706664,,19.23499215865189,73.03449667937488
3.301154136657715,2.052801609039306,13055706664,,19.23526784624476,73.0348111391868
2.789114236831665,2.068804979324341,13055706664,,19.23554108324919,73.03512793907501
2.7513742446899414,2.6145052909851074,13055706664,,19.237160321319443,73.03704794349814
3.617358446121216,3.345540761947632,13055706666,,19.22888899949272,73.02598514912611
5.690316200256348,2.5369443893432617,13055706677,Mumbai Agra National Highway,19.221818999977124,73.01674768482724
4.381120681762695,3.173109531402588,13055706677,Mumbai Agra National Highway,19.222009599791484,73.01695045483311
4.032713413238525,2.264981746673584,13055706677,Mumbai Agra National Highway,19.222295499163344,73.01725461072043
3.770271062850952,2.139615297317505,13055706677,Mumbai Agra National Highway,19.22257947452501,73.01756073756482
2.825124979019165,1.8261845111846924,13055706677,Mumbai Agra National Highway,19.22286028351898,73.0178701040701
4.451197147369385,1.530214786529541,13055706677,Mumbai Agra National Highway,19.22480585879956,73.02005456381758
3.3483223915100098,1.587411880493164,13055706677,Mumbai Agra National Highway,19.22506429363389,73.02038478838003
3.931719303131104,1.7718467712402344,13055706677,Mumbai Agra National Highway,19.22563856110861,73.02117922146972
5.690316200256348,2.5369443893432617,13055706677,,19.2218484951306,73.016701839986
2.825124979019165,1.8261845111846924,13055706677,,19.222913880966964,73.01778992396808
3.242849111557007,1.4952833652496338,13055706677,,19.224225463458424,73.01923249736659
3.255044460296631,1.4944801330566406,13055706677,,19.22450606447328,73.01954207790565
4.749524593353272,1.9919037818908687,13055706684,Mumbai Agra National Highway,19.22453943991248,73.01986380249406
4.552010536193848,2.189417839050293,13055706684,,19.22446875383015,73.01993590758654
3.5011403560638428,2.2888777256011963,13055706684,,19.22418705562825,73.01962743772101
2.940269947052002,2.6973509788513184,13055706684,,19.223901902578177,73.01932250219014
3.8308162689208975,3.192309856414795,13055706685,Mumbai Agra National Highway,19.229386813295346,73.02697698254698
4.102927207946777,1.3662080764770508,13055706685,Mumbai Agra National Highway,19.2299201271022,73.0278024858498
4.763574123382568,1.7026238441467283,13055706686,,19.227834058326597,73.0243715624782
4.196310997009277,3.0145182609558105,13055706686,,19.228366958543376,73.025197509038
5.526731967926025,1.8398046493530276,13060002769,,19.189997357741763,73.04452862226661
1.3701621294021606,3.062837600708008,13236716714,,19.235974338987205,73.0062328172002
5.533695697784424,2.698766231536865,13366747559,,19.215742273093785,73.07588669957732
5.337015151977539,1.7920570373535156,13426557887,,19.273854753654238,72.99360179705063
2.272115707397461,2.277914524078369,13426557887,,19.260445706303518,73.00403338086855
2.6505110263824463,1.4599659442901611,13426557887,,19.25979263564711,73.00356514861059
2.127699375152588,1.9674434661865237,13426557887,,19.258265200927244,73.0029168595784
4.39025354385376,1.770456314086914,13426557887,,19.252330307762342,73.00357658737164
3.297450304031372,4.022418022155762,13426557887,,19.251427401595745,73.00386349230787
1.6494461297988892,2.7184767723083496,13426557887,,19.25113695847004,73.00460885042929
2.0675270557403564,1.3009355068206787,13426557887,,19.24984859281068,73.00509099282847
3.8931849002838135,1.2819859981536863,13432120733,,19.27126036721564,73.00871248764737
4.197640419006348,1.6778440475463867,13479112597,,19.299161641037784,72.98128071814708
5.635936737060547,1.2550668716430664,13479112597,,19.2986142726886,72.98070836105067
1.97548246383667,2.494715690612793,13479112597,,19.301198467515167,72.9786967428246
5.875484466552734,2.77040958404541,13479138402,,19.298853010924667,72.981238260721
4.788409233093262,2.911915779113769,13504152592,,19.30097082113331,72.97587134567127
4.3108625411987305,1.4070734977722168,13504212421,,19.298878603733755,72.99528965746549
5.301307678222656,1.3591842651367188,13506212149,Chinchoti Anjur Phata Road,19.31091489606009,72.97624969238512
5.34498929977417,1.893982410430908,13543358085,,19.323150524408515,73.0240595850315
5.34498929977417,1.893982410430908,13543392501,,19.323128262209185,73.02409083196667
5.699755668640137,1.2048883438110352,13569372804,,19.295529157896382,72.99446703615024
4.107272624969482,1.421083927154541,13701129458,,19.20745779086032,73.07967040948526
5.662612438201904,2.4830164909362797,13754390045,,19.183187645325606,73.06251387164065
5.860815525054932,3.802977085113525,13766721064,,19.23472917443589,73.11760844696575
3.4066414833068848,1.2380380630493164,13770424272,Waghbil road,19.266012827112583,72.9823726032333
3.4066414833068848,1.2380380630493164,13770424273,Waghbil road,19.26605824504343,72.98230492280241
4.222028732299805,1.315720558166504,13811630338,Agra Road,19.22477497992441,72.9949450507924
4.133938789367676,2.221621036529541,13811630338,Agra Road,19.226698506897712,72.99838663531987
4.544602870941162,3.3029909133911133,13811630338,Agra Road,19.22723935678651,72.99953716607597
5.328189849853516,2.9332427978515625,13817343553,Fire Brigade Road,19.1914787840771,72.97947672119535
5.679836750030518,2.559462070465088,13823987262,,19.21142737436715,73.01548894847832
2.189218759536743,2.556048631668091,13823987270,Service Road,19.21464842294676,73.00706296536214
2.261841297149658,2.483426094055176,13823987270,Service Road,19.21494281470217,73.00735799060475
2.8710923194885254,1.8602385520935056,13823987270,Service Road,19.21600124314209,73.00846089573041
4.49904203414917,1.2760672569274902,13851829870,Pipeline Road,19.23981238000128,72.99686191749689
3.964910745620728,1.2401673793792725,13851829870,Pipeline Road,19.2414141835319,72.99656864851038
3.441765069961548,2.025995969772339,13852702697,Pipeline Road,19.22364108772044,72.99277731059357
5.601248264312744,1.2432026863098145,13852702698,Agra Road,19.223675241411947,72.9930035982998
3.534604787826538,1.7188336849212646,206291065,Sion Panvel Highway,19.055372357820737,72.94870558499667
3.833449125289917,1.4464771747589111,206291065,Sion Panvel Highway,19.0526111897948,72.94096860220417
5.381859302520752,2.077005386352539,245653223,S Vaswani Road,18.91306629551673,72.81825715805678
2.397334098815918,1.8350858688354488,245653338,Lala Ningam Road,18.915329950484413,72.83024658412995
0.0,9.881288528442385,245653408,V Desai Marg,18.917421006206776,72.83135830537178
3.45798397064209,8.5640287399292,245653505,P J Ramchandani Marg,18.920734771607776,72.83300348378833
4.613451480865479,1.7937273979187012,245653788,Free Press Journal Road,18.922781992087817,72.82343732961735
5.271941661834717,3.366426944732666,245653828,NCPA Marg,18.92567834337877,72.8210067747059
5.271941661834717,3.366426944732666,245653829,NCPA Marg,18.9257043886972,72.82102887104107
3.805174827575684,4.022230625152588,245653928,Marine Drive,18.93095932806696,72.82253399277042
3.606316328048706,2.64513897895813,245654682,Bhagwanal Indrajit Road,18.95044245273795,72.79270843055079
4.245312690734863,1.2760419845581057,245654682,Bhagwanal Indrajit Road,18.950934529898845,72.79294560774372
1.8227688074111936,1.6524978876113892,245654765,Marine Drive,18.94716216475621,72.8209151927837
3.3137364387512207,1.5883049964904783,245654765,Marine Drive,18.947612190603024,72.82059790907836
2.133087396621704,1.631120204925537,245654765,Marine Drive,18.947941960704306,72.82034857567336
3.527571678161621,1.796846866607666,245654765,Marine Drive,18.948695056346818,72.81974283793406
2.1569957733154297,2.806244373321533,245654765,Marine Drive,18.94901678662348,72.81948183243925
5.979608058929443,1.710674285888672,245654765,Marine Drive,18.94975980261688,72.81886261852112
2.3691482543945312,2.7109904289245605,245654765,Marine Drive,18.950071694202617,72.81858876539003
4.245312690734863,1.2760419845581057,245655115,Bhagwanal Indrajit Road,18.95099832673146,72.79298270598363
3.606316328048706,2.64513897895813,245655115,Bhagwanal Indrajit Road,18.950384909751534,72.79268262093488
5.629098415374756,4.276719570159912,245655397,,18.95410070512497,72.83148617674726
5.916965484619141,2.067160129547119,245655480,,18.954589702885063,72.83995195463397
5.916965484619141,2.067160129547119,245655529,,18.954682897123067,72.83997114519148
1.7851873636245728,3.013618469238281,245655866,Brig. Usman Marg,18.957871155499248,72.83100650692563
4.098635196685791,1.8966975212097168,245656283,Raja Ram Mohan Roy Road (Charni Road),18.960130854614132,72.81967279959527
5.667493343353272,1.554288387298584,245656387,Dr Dadasaheb Bhadkamkar Marg,18.96221277825232,72.8176669444922
5.302433490753174,2.4093308448791504,245656434,Sir J.J. Road,18.962019892112192,72.83186663429542
5.059204578399658,5.315807819366455,245656703,Allibhai Premji Marg (Foras Road),18.96421819728397,72.81932961201602
5.979557991027832,1.2588472366333008,245656914,"['Patthe Bapurao Marg (Falkland Road)', 'Patthe Bapurao Flyover']",18.96778681294815,72.81700998183013
5.226199150085449,2.012206077575684,245656914,"['Patthe Bapurao Marg (Falkland Road)', 'Patthe Bapurao Flyover']",18.96808447711321,72.81671910978
3.7281813621521,1.2856731414794922,245656914,,18.966057882775534,72.81864543824022
5.80252742767334,1.2723708152770996,245657001,R S Nimkar Marg,18.967381944490462,72.82637662010147
5.80252742767334,1.2723708152770996,245657095,R S Nimkar Marg,18.96736470263042,72.82637306284727
5.256004810333252,2.030423164367676,245657095,J Boman Behram Marg,18.96783602557418,72.8256165022909
1.5590940713882446,2.185238838195801,245657220,J Boman Behram Marg,18.968847035309928,72.82025924563551
2.4588749408721924,7.97890567779541,245657456,,18.97199792135561,72.81359018677576
-1.137609362602234,7.827217102050781,245657456,,18.971483245619726,72.81353711174104
5.294834613800049,1.3387503623962402,245657498,"['1st Lane', 'Quay Street']",18.97482260167936,72.84852092032337
5.294834613800049,1.3387503623962402,245657786,"['1st Lane', 'Quay Street']",18.974844776735576,72.84852326159896
5.3513922691345215,2.293196678161621,245657798,,18.975730690810103,72.82947539616579
5.39500093460083,1.5251169204711914,245657868,4th Lane,18.97784468946308,72.84638437423764
5.370131969451904,2.83150053024292,245657886,Bapurao Jagtap Road,18.97767148219509,72.82940356579182
5.164493560791016,1.8563876152038572,245658000,Pais Street,18.97952077749329,72.83109434571593
5.575521469116211,3.1384410858154297,245658099,,18.980468729065795,72.8462185985092
3.881278514862061,6.02646017074585,245658152,"['Samanthbhai K Rathod Road', 'Samantbhai K Rathod Road']",18.97851044794451,72.8205653660336
5.370131969451904,2.83150053024292,245658184,Bapurao Jagtap Road,18.977675947223645,72.82940005796992
3.9776110649108887,1.3171486854553225,245658275,G Babu Sakpal Marg,18.981614903383655,72.82647106346465
2.9147651195526123,1.326514482498169,245658307,G Babu Sakpal Marg,18.982692473034625,72.82590834234568
4.114699840545654,1.587775707244873,245658362,Barrister Nath Pai Marg,18.984935013352963,72.84212860288591
5.321690082550049,2.5315232276916504,245658432,Dr E Moses Marg Flyover,18.984833875340144,72.82473232167096
3.2186553478240967,1.649749517440796,245658547,Dr E Moses Marg,18.98649908069507,72.82385514605514
5.1590986251831055,1.4150886535644531,245658819,Sakubai Mohite Marg,18.992830783087708,72.82945935134084
4.668189525604248,1.7863192558288574,245659330,,18.99902266555682,72.8544801690171
4.147727012634277,1.5254487991333008,245659359,G M Bhosle Marg,19.00014056950513,72.81802725501134
5.692117214202881,3.889401912689209,245659485,G M Bhosle Marg,19.00247958274931,72.81936370354471
5.029661178588867,1.5777559280395508,245659488,,19.00183947180389,72.86010617134139
5.220035076141357,2.3711438179016118,245659911,Dr Babasaheb Ambedkar Marg (Vincent Road),19.00686987168708,72.84092971985933
5.7708234786987305,2.2895631790161133,245660256,Kakasaheb Gadgil Marg,19.01232941362568,72.83376459716125
5.993471145629883,3.393313407897949,245660337,Anant Patil Marg,19.013119470927023,72.83129054412152
5.993471145629883,2.0695762634277344,245660337,Sayani Marg,19.012908804981656,72.83123064709561
5.993471145629883,3.393313407897949,245660354,Anant Patil Marg,19.013097987516307,72.8312621670319
1.6220916509628296,1.997822403907776,245660499,V. S. Matkar Marg,19.01425315436382,72.83598752053916
4.046472072601318,2.075131416320801,245660908,"['Dadasaheb Phalke Marg', 'Lakhamasi Nappu Road']",19.01772173038702,72.84417682949334
4.534172058105469,1.8982176780700684,245661171,Salt Pan Road,19.01870045193137,72.87105576831057
5.680554866790772,1.6388158798217771,245661262,Dr Babasaheb Ambedkar Marg (Vincent Road),19.02202812103874,72.85078420011102
4.394026279449463,2.0835399627685547,245661595,Senapati Bapat Marg,19.02438631069777,72.84532044400675
4.278988361358643,1.6296110153198242,245663569,Senapati Bapat Marg,19.04180311525907,72.84598564787865
3.727905988693237,1.6076481342315674,245663604,60 Feet Road,19.04231697725359,72.84929310420915
4.557609081268311,1.4133777618408203,245663604,60 Feet Road,19.042000341170805,72.84956084505035
4.890791416168213,2.3303613662719727,245664576,,19.05060254282724,72.84043461339779
2.5162785053253174,4.270246505737305,245665402,Nanasaheb Dharmadhikari Marg,19.056453979410133,72.84853568349581
5.58057165145874,1.901449203491211,245665613,Road No 8,19.05967350789044,72.84288424737684
5.014734745025635,2.99780797958374,245665733,Road No 13,19.060040536997448,72.85395725879671
0.8462696671485901,2.1572539806365967,245665767,,19.059355793250965,72.84404405973393
5.58057165145874,1.901449203491211,245665823,Road No 8,19.059644256636084,72.84289286059061
0.8462696671485901,2.1572539806365967,245665837,,19.059359926107096,72.84411978756265
4.608374118804932,2.5036630630493164,245665873,Ambedkar Chowk,19.06029479448179,72.84965962553156
5.19229793548584,1.2026939392089844,245666351,,19.062106814596792,72.8507893550014
4.493526458740234,1.5926752090454102,245666659,,19.06490181511637,72.87010989987083
5.323444366455078,1.2237401008605957,245666966,,19.06697210622197,72.86560231416196
5.501860618591309,1.4364895820617676,245667237,,19.070614894257115,72.84900407433751
2.8843913078308105,1.4098267555236816,245667676,,19.074514609231624,72.86348117214219
5.6961445808410645,1.8553948402404783,245667676,,19.0743214256136,72.86382316211989
5.919089317321777,3.845835685729981,245668366,Kalina Kurla Road,19.08139968565772,72.87088339301008
4.986067295074463,2.674926280975342,245668366,Jawaharlal Nehru Road,19.08029726163226,72.86879912203437
5.254759788513184,2.801515579223633,245668366,Jawaharlal Nehru Road,19.080002508865856,72.8685047796975
5.5570807456970215,1.639909744262695,245668398,Service Road,19.080870791951902,72.8466018183558
4.638359069824219,2.6117982864379883,245668927,Service Road,19.08678635792448,72.8442884509131
3.133594274520874,3.478039026260376,245668927,Service Road,19.088437355002515,72.84336383262345
3.884900569915772,3.8189797401428223,245669095,,19.08768053039005,72.83481290808126
5.115562915802002,1.313918113708496,245669254,Best Colony Road,19.09065973319229,72.83561914628388
3.133594274520874,3.478039026260376,245669276,Service Road,19.088464613036752,72.84335675057218
4.638359069824219,2.6117982864379883,245669276,Service Road,19.0868075148496,72.84426903540908
5.473206043243408,5.767119884490967,245669481,Airport Flyover,19.094621735428703,72.85211015529138
5.115562915802002,1.313918113708496,245669537,Best Colony Road,19.090657457684674,72.83561930222963
5.403748512268066,2.219536781311035,245671650,Road Number 1,19.10992271102375,72.9337482795953
5.980412483215332,1.3069067001342771,245671660,Vikhroli Flyover,19.10787038104221,72.93198390985539
1.5172643661499023,4.4179277420043945,245672962,,19.11963355179684,72.82845832412339
1.5172643661499023,4.4179277420043945,245673327,,19.119632372586363,72.82845934765024
2.209961175918579,3.004981279373169,245673864,,19.125138662912107,72.82892257970794
5.411709785461426,1.4421372413635254,245675024,Wamanrao Mahadik Marg,19.13450938054422,72.82541722441206
5.175926685333252,2.4074692726135254,245675146,Veer Savarkar Road,19.139571905790508,72.93617758037193
5.016953945159912,1.4873027801513672,245675146,Veer Savarkar Road,19.140337220774835,72.93676622901306
5.447676658630371,1.2199740409851074,245675146,Veer Savarkar Road,19.140630009453147,72.93706286144268
4.062454700469971,1.2333731651306152,245677762,Madh Marve Road,19.162444512511748,72.78829661768656
5.784633159637451,2.130959987640381,346604601,"['Bandra Worli Sea Link Flyover', 'Western Freeway']",19.04814491095916,72.83097327853919
5.614574909210205,2.301018238067627,346604601,"['Bandra Worli Sea Link Flyover', 'Western Freeway']",19.04844573941926,72.83126067237367
5.760746955871582,1.567042350769043,347176820,Gurunanak Marg,19.057337298122498,72.83857297174167
0.0,8.081331253051758,348126302,Carter Road,19.06871720592621,72.82278812528016
5.416149616241455,1.730186939239502,459482292,,18.90498937674772,72.80469440896509
5.218162059783936,3.1807780265808105,459482427,,18.897692230018308,72.80812244772413
4.080411434173584,1.7139592170715332,459482427,,18.89860365040074,72.80708608276433
2.942776679992676,3.2109174728393555,459482499,Nanabhai Moos Marg,18.8941960110534,72.80907321043892
2.6442017555236816,3.0877528190612797,459482499,Nanabhai Moos Marg,18.89444900747496,72.80873911454742
3.480027914047241,3.386679410934448,459482532,,18.91055027005604,72.80742584981631
5.295380115509033,1.6534738540649414,476480258,,19.063177214435367,72.86307506321354
4.801282405853272,2.345734119415283,476480258,,19.06123642716706,72.86335424555848
5.295380115509033,1.6534738540649414,476480287,,19.06314023150688,72.86311809790591
5.645216464996338,2.067925453186035,482229835,,19.05737845239605,72.84003581492327
2.7778196334838867,1.8474693298339844,486385346,Marine Drive,18.951193802399988,72.81774868336362
5.979608058929443,1.710674285888672,486385346,Marine Drive,18.94982861653688,72.8189178456276
5.557645320892334,1.6648030281066897,486390343,P Mandal Marg,18.942430588700955,72.82558452318766
5.133903503417969,1.6692485809326172,493925820,4th Lane,18.97762711861669,72.84608822231681
5.39500093460083,1.5251169204711914,493925820,4th Lane,18.97787553479452,72.84642636022927
4.919610977172852,3.379208564758301,494838734,Gilder Path,18.96744003166992,72.81869582505114
3.919535398483277,1.4047062397003174,519469450,Maulana Jiauddin Bukhari Marg,19.153492691522,72.82790199344119
4.534172058105469,1.8982176780700684,528859629,Salt Pan Road,19.018750855137807,72.87109312783498
5.020254135131836,1.3730673789978027,528859629,Salt Pan Road,19.020005346058547,72.87193684824737
5.429020404815674,3.4056124687194824,536813245,Scheme 6 Road no.1,19.02937291792917,72.85176490798074
5.320743083953857,3.432955265045166,561165526,,18.96446416598632,72.82043424408583
2.11963963508606,1.378631591796875,571736104,Panvel Uran Road,18.88078905459034,72.9589291103855
-0.9941224455833436,3.365788221359253,593054844,Kalina-Vakola Flyover,19.083332808338785,72.84626796709236
5.885626792907715,1.3656482696533203,593119792,,19.09138111204798,72.84520879872208
2.075232982635498,4.176846027374268,610943871,Warden Road (Bhula Bhai Desai Marg),18.968903812141573,72.80360983811082
4.062454700469971,1.2333731651306152,615494305,Madh Marve Road,19.162460547931964,72.78833446793318
2.3285388946533203,4.638711929321289,615494357,Danapani Road,19.170372099768063,72.790878676734
2.679588079452514,4.647660255432129,615494357,Danapani Road,19.169917551936024,72.79035977805977
2.0702853202819824,5.256962776184082,615494357,Danapani Road,19.169630774709404,72.7900593620201
5.326433181762695,1.461824893951416,615494357,Danapani Road,19.1668590835066,72.7874875730388
4.762558460235596,2.025699615478516,615494357,Danapani Road,19.16656668053976,72.7871908166838
3.744332790374756,5.803382396697998,619248355,Dr Anand Rao Nair Marg,18.968611133155445,72.82061388319858
4.539705276489258,1.6118359565734863,622060411,,19.07811583943617,72.87512752980602
5.370729446411133,2.234867572784424,622060706,,19.07862486360252,72.87484039527514
2.397334098815918,1.8350858688354488,623362931,Lala Ningam Road,18.915335718733065,72.83021730108852
5.254759788513184,2.801515579223633,623895532,Jawaharlal Nehru Road,19.07997509143789,72.8684762442778
4.986067295074463,2.674926280975342,623895532,Jawaharlal Nehru Road,19.080269271688906,72.86877117100494
5.821033954620361,2.27490758895874,631476231,Anik Wadala Link Road,19.02976370830686,72.87997011845951
3.891906499862671,1.4804890155792236,631487488,,19.042069547228916,72.86955753089576
3.7040531635284415,3.2181966304779053,631507969,,19.06646294247805,72.86635427962146
-2.736026763916016,1.8472816944122317,631525438,Bandra Kurla Complex Road,19.06905687890012,72.86814032624561
5.036277294158936,1.4698944091796875,632310816,Mahul Road,19.021113504372693,72.88920670835421
2.7210214138031006,1.2786040306091309,632310816,Mahul Road,19.02259992953616,72.88048812359723
2.6897225379943848,2.160403251647949,648922124,Killeshwar Mahadev Mandir Marg,19.132403065930003,72.78831854936371
4.631687641143799,1.5588994026184082,667392429,,19.12529769429116,72.93891827499164
3.7376744747161865,2.17726731300354,669253865,,18.91140743548392,72.80664279464442
3.752352237701416,3.443626880645752,674869953,Lady Jamshedji Road,19.0426194568904,72.8402746403827
5.734897613525391,1.2104864120483398,700851657,Fosbery Road,18.989577902192806,72.85339902778654
2.829972982406616,1.6849148273468018,700851700,Sewri Fort Road,18.997691907313005,72.85684692375521
5.734897613525391,1.2104864120483398,700851712,Fosbery Road,18.98966514548992,72.85344016218451
5.652507781982422,1.2186784744262695,701118317,Dattaram Lad Path (Kala Chowky Road),18.989282616124505,72.83412946873177
2.811868906021118,2.355175733566284,768595339,Dr E Moses Marg,18.990215246413197,72.82176861697974
3.740736722946167,2.0725033283233643,768595339,Dr E Moses Marg,18.991655713990912,72.82097634689057
4.089427471160889,2.263425350189209,768599593,Khan Abdul Gaffar Khan Marg,18.997149374542943,72.81204130776746
3.2210092544555664,1.6971592903137207,768599611,Mumbai Coastal Road - Phase I,19.00512014256491,72.81334990649637
5.79468297958374,2.723938465118408,864905281,Cross Road No 5,19.11395282170315,72.83292440934588
5.79468297958374,2.723938465118408,864905295,Cross Road No 5,19.113937956996413,72.83297518151592
3.1992228031158447,4.446751594543457,864915101,,19.11257648659626,72.83313444176034
5.697916507720947,4.706429958343506,864915215,,19.11314365929068,72.83189150607052
5.070672988891602,2.30134916305542,864915240,,19.11283309408689,72.83354808030556
4.536070346832275,3.110716819763184,864964228,Gulmohar Road,19.11559376096075,72.83497223769999
4.266134738922119,2.1075897216796875,864964228,Gulmohar Road,19.114765030639838,72.83608788192494
4.7304792404174805,1.596604824066162,866749863,,19.11747003681321,72.82624154041807
4.803471088409424,1.5236129760742188,866749863,,19.11776668758448,72.82594926620126
3.806498289108277,3.578401803970337,866758851,East West Road No 3,19.109923598201096,72.83320273988207
4.050740718841553,2.306736469268799,866806795,Gulmohar Road,19.10261254581293,72.8371030598355
5.411709785461426,1.4421372413635254,884182590,Wamanrao Mahadik Marg,19.134519736807786,72.8253945954305
3.0230181217193604,2.8489692211151123,884182590,Wamanrao Mahadik Marg,19.13474255468098,72.82418792207305
5.841753482818604,1.634516716003418,884364447,,19.132809780797647,72.82509130958154
1.2971701622009275,1.2529776096343994,884365053,Maulana Jiauddin Bukhari Marg,19.149608694990487,72.82465974163385
3.2558369636535645,1.3219108581542969,884379396,Daya Kishan Sapru Marg,19.13508636331976,72.83228841773389
3.2558369636535645,1.3219108581542969,884399347,Daya Kishan Sapru Marg,19.13509544586899,72.83232777838326
-0.916973352432251,2.516130924224853,884399347,Pandit Askaran Sharma Marg,19.137027280104448,72.83262307030702
2.5406816005706787,3.828364610671997,884399489,RTO Road,19.132390198459028,72.83116190963749
0.0,1.725589632987976,884467135,"['Sea Beach Road', 'Goma Galli']",19.1429303248978,72.80348564181186
4.420713424682617,2.921628952026367,1232643956,Road 2,19.06868997183845,72.89856377725336
3.968543291091919,1.4310390949249268,1232644316,,19.067231641497493,72.89240569447325
4.567509174346924,3.5205349922180176,1232644443,,19.067495495895752,72.89841566460048
5.456207275390625,1.51361083984375,1232644505,Amar Mahal Junction Flyover,19.066238758787254,72.90043041091678
5.237946510314941,3.58388900756836,1232644913,"['Shanti Path', 'Road No. 4']",19.070908489286893,72.90608341708607
4.420321464538574,1.747286319732666,1232644913,"['Shanti Path', 'Road No. 4']",19.07143166188776,72.90691536881094
5.966482162475586,3.2857141494750977,1278343377,,18.901230956125804,72.81084697794532
5.381859302520752,2.077005386352539,1278343815,S Vaswani Road,18.91306449209278,72.81825566849525
5.966482162475586,3.2857141494750977,1278343929,,18.901230909496338,72.81084632978043
5.576510906219482,1.83381462097168,1278570148,,18.911918680451336,72.81747723539945
5.330000400543213,2.503859043121338,1286566730,Sane Guruji Marg,18.980620394702186,72.82644260312365
5.515919208526611,2.823686122894287,1359253455,Swadeshi Mills Road,19.054570478453183,72.87138762699219
2.080053329467773,2.129136085510254,1365949227,Mahim Sion Link Road,19.045873093734404,72.84813405184948
3.642873525619507,3.907626867294312,1365949280,,19.045751331402837,72.85753170797489
4.8951191902160645,1.3167319297790527,1366054221,Somaiya College Road,19.074330627026104,72.89747515431554
2.192199945449829,1.9763548374176023,1366794635,V.N. Purav Marg,19.02773769590598,72.95322477112758
5.620247840881348,1.6284103393554688,1366857603,Kamgar Nagar Road,19.065860660909262,72.88867980505005
5.711551189422607,1.3220009803771973,1366900438,,19.06202109922605,72.90319936512196
4.883458614349365,2.6787681579589844,1366938348,"['Road 2', 'Road 3']",19.06783915967967,72.90776654073045
5.58890438079834,2.1568727493286133,1398117087,Bandra Kurla Complex Road,19.059568781392752,72.85504462298081
5.157217502593994,1.4574594497680664,1448146970,,19.14656796855076,72.9520250825766
3.24484920501709,1.2531991004943848,1448146970,,19.14480306607968,72.95096485001807
3.7066688537597656,1.3379287719726562,1448146970,,19.14259448424488,72.94957353834529
2.5,3.237351894378662,1448146970,,19.138502725440414,72.94705205655579
3.7019333839416495,1.4162907600402832,1448146970,,19.13580657428385,72.94540813090221
4.072879314422607,1.284657001495361,1448146970,,19.133924871669823,72.94427571980454
2.0,2.7027664184570312,1448146970,,19.13251360005625,72.9434264115578
2.782292127609253,1.306554079055786,1448146970,,19.128739086027068,72.94118261088491
5.801877975463867,1.7122340202331543,1451810003,Pant Nagar Colony Road,19.086457550023358,72.91520467899791
5.305809020996094,1.400726318359375,1451814011,Pant Nagar Colony Road,19.08477753761217,72.91383218941948
5.305809020996094,1.2919321060180664,1451814011,A.S. Gawde Marg,19.08455801247346,72.91388643723052
5.3126091957092285,1.455709457397461,1451833922,,19.083986360209785,72.9174754090535
4.394619464874268,2.685964107513428,1451880130,90 Feet Road,19.08130404867442,72.91182542928561
5.956833839416504,1.4508161544799805,1451898158,,19.078611896396534,72.91494417386807
4.421875,2.2483606338500977,1451898158,,19.07948786167901,72.91580984665576
4.421875,2.2483606338500977,1451899392,,19.079475341528997,72.91579973564832
5.956833839416504,1.4508161544799805,1451899392,,19.07860692652901,72.91492841575143
5.776590347290039,2.1328277587890625,1489511132,Senapati Bapat Marg,19.01426223632051,72.83809196544057
5.236052989959717,1.495106220245361,1634250074,"['Sion Panvel Highway', 'Mankhurd Flyover']",19.051488541266675,72.93745641389565
5.367333889007568,1.3707118034362793,1634250080,,19.05004179856261,72.93276685558511
5.370655059814453,1.8801140785217283,1642951748,Sewri-Chembur Road,19.052510896968368,72.880259036266
4.958202362060547,1.4716734886169434,1642951851,"['C S M T Kurla Junction Flyover', 'C S T Kurla Junction Flyover']",19.054889951107064,72.88490141752033
5.355576515197754,1.945265293121338,1642951851,"['C S M T Kurla Junction Flyover', 'C S T Kurla Junction Flyover']",19.05635472620755,72.88677059245022
4.434103488922119,2.669137477874756,1642951891,"['C S M T Kurla Junction Flyover', 'C S T Kurla Junction Flyover']",19.056024860350973,72.88657882106985
3.868515491485596,2.857442855834961,1642951891,,19.05804982252711,72.88925536490173
3.248332977294922,1.3675537109375,1642954383,Sewri-Chembur Road,19.05070085908565,72.87749033173063
4.95789098739624,3.200869083404541,1643031072,Pipeline Road,19.070439045580283,72.89465666534373
3.10494065284729,2.751603364944458,1643351862,,19.060498677426583,72.89270980405028
5.789169788360596,1.9721693992614744,1643351864,,19.059280273756784,72.89022715181159
2.827425241470337,1.3971679210662842,1644082876,Eastern Express Highway,19.149032388318336,72.95317944797306
3.2620179653167725,1.2488491535186768,1644082888,30 Feet Road,19.146164946519864,72.9485816705514
4.536819934844971,1.646800518035889,1644082889,30 Feet Road,19.147464153088603,72.94464851693586
4.536819934844971,1.646800518035889,1644082892,30 Feet Road,19.1474638414784,72.94464927094224
5.042464256286621,1.6493768692016602,1644082894,,19.147289788350555,72.94404786163238
5.171356201171875,2.204145908355713,1644082897,Veer Savarkar Road,19.15022675290378,72.94405218181163
4.082069396972656,4.117368698120117,1644085208,90 Feet Road,19.15027057315567,72.94919952217732
5.403748512268066,2.219536781311035,1644089903,Road Number 1,19.109872797301477,72.93372848524724
4.904066562652588,2.460230827331543,1644089919,Road Number 2,19.11511013833202,72.94021607607623
5.447676658630371,1.2199740409851074,1644098773,Veer Savarkar Road,19.140586433778868,72.93709607150096
5.016953945159912,1.4873027801513672,1644098773,Veer Savarkar Road,19.14028974362065,72.93680500960376
1.8527488708496092,1.8663454055786133,1645663824,,18.854830079686767,72.92372851858994
3.365928649902344,2.0669660568237305,1645876418,Senapati Bapat Marg,19.012671044402104,72.83656244916206
2.6545376777648926,1.4663386344909668,1645876420,Elphinstone Flyover,19.008492283432176,72.83274180123007
5.735180854797363,1.4823856353759766,1645876420,Elphinstone Flyover,19.007410850298715,72.83215024874056
5.73272180557251,1.9803709983825684,1645876432,Kavi Keshavsut Flyover,19.0200294507911,72.8431030490785
1.6220916509628296,1.997822403907776,1645886286,V. S. Matkar Marg,19.014220242597847,72.83601244927411
4.523042678833008,1.769805908203125,1647747245,Dharavi Depot Road,19.051645127211945,72.8590545963339
3.731086254119873,1.4381628036499023,1647747259,Sion Bandra Link Road,19.05352570226876,72.84670860091532
1.7851873636245728,3.013618469238281,1648784450,Brig. Usman Marg,18.95788144882825,72.83102839686742
5.057147026062012,3.131535530090332,1650361963,Veer Nariman Marg,19.015526292261384,72.82320832526445
5.057147026062012,3.131535530090332,1650361967,Veer Nariman Marg,19.015536615878712,72.82320545133068
3.535616636276245,1.6484496593475342,1654348887,Tajjushsharia Road,19.05951002569097,72.87793032458785
5.191287517547607,1.4813413619995115,1654348910,,19.06065131734272,72.88436973409058
4.849414348602295,1.6226773262023926,1654348913,A H Wadia Marg,19.062078217749303,72.87453447448728
2.8788015842437744,1.5352160930633545,1654406861,,18.9900982006192,72.83443325549348
5.652507781982422,1.2186784744262695,1654406861,Dattaram Lad Path (Kala Chowky Road),18.98928664915428,72.83413336685186
4.281217098236084,1.646803855895996,1654406861,Dattaram Lad Path (Kala Chowky Road),18.988575300443937,72.83347494508409
5.611105918884277,1.3001384735107422,1665624924,Mankhurd - EEH Link Road,19.072568400029084,72.90948263067413
4.760451316833496,1.415724754333496,1665624924,Mankhurd - EEH Link Road,19.07393741242685,72.91142835034609
5.611105918884277,1.3001384735107422,1665625322,Service Road,19.072560246279192,72.9094461403071
4.15000581741333,1.2615604400634766,1665625665,Veer Savarkar Road,19.16311705043721,72.9579571153281
5.852160453796387,2.966547966003418,1683617366,Service Road,19.068374663083294,72.90319261683702
4.225304126739502,3.657246589660645,1771168335,,19.054793380637907,72.8537726568162
5.19350004196167,2.0046281814575195,1771168335,,19.055069702258795,72.85408610407148
4.137175559997559,1.576766014099121,1861339112,Service Road,19.158208175957693,72.95967556385429
5.364373207092285,2.224702835083008,1916634184,,19.12387655403712,72.82170164518406
5.364373207092285,2.224702835083008,1916634187,,19.12390242276481,72.82173551227649
3.131689071655273,3.617187976837158,1916634234,,19.13313990027073,72.81105977981419
0.0,2.397915363311768,1916634234,,19.134219134349703,72.81019822137195
0.0,4.871103286743164,1916634234,,19.135305786634174,72.80934721894782
0.0,4.871103286743164,1916634234,,19.13561684150761,72.80907251475105
1.3797394037246704,4.529566287994385,1916634234,,19.136164057485576,72.80844215950356
0.0,4.484908580780029,1916634234,,19.13702558515938,72.80735437452772
0.0,5.006630897521973,1916634234,,19.132404077891728,72.81168313566253
4.117918491363525,2.797043800354004,1916634234,,19.132080419677774,72.81194175939149
5.942330837249756,1.243058204650879,1919644798,"['Sea Beach Road', 'Goma Galli']",19.14152988999965,72.80378648863453
0.0,1.725589632987976,1919644798,"['Sea Beach Road', 'Goma Galli']",19.142977894869663,72.80353506266492
4.7269721031188965,1.875324249267578,1920246770,,19.14434233547477,72.81127800198817
4.991873264312744,1.5296950340270996,1934089148,,18.909612821090263,72.81325571014712
5.6750078201293945,3.8658933639526367,1934768165,Balasaheb Sawant Road,19.11745924602576,72.82959412039045
4.463411808013916,1.5191354751586914,1936355524,Swami Vivekanand Road,19.092450303112965,72.83900565648717
5.913975715637207,1.4810214042663574,1936580520,,19.13299672574345,72.83836145820021
3.4185705184936523,2.320450782775879,1960732236,Eastern Express Highway,19.122721476044077,72.93812362904212
4.3724141120910645,1.3521013259887695,1960732248,Eastern Express Highway,19.130213365292065,72.94168066146455
4.801987171173096,3.048651695251465,1960732259,Eastern Express Highway,19.15613781424616,72.95791113276789
4.493618488311768,1.8910493850708008,1960732259,Eastern Express Highway,19.156593964250906,72.95821905923785
4.950859546661377,1.2595548629760742,1960732300,Eastern Expressway,19.1631118100299,72.96272895018254
5.252569675445557,2.891936779022217,1960732302,Mulund Flyover,19.16419973371287,72.96333485317601
4.052700042724609,1.248171329498291,2125060248,Link Road,19.14242924053724,72.83153079189402
4.672750473022461,1.630992412567139,2134856434,,19.05006145811357,72.8694732924993
4.718990325927734,4.1477766036987305,2134856435,N S Mankikar Marg,19.05240995833284,72.86768328195423
5.237946510314941,3.58388900756836,2146269444,"['Shanti Path', 'Road No. 4']",19.070865211187844,72.90601459651143
5.362496376037598,4.488783836364746,2146820649,,19.14323766960773,72.79415637900911
5.362496376037598,4.488783836364746,2146820860,,19.143308185596226,72.79405461907162
3.7296533584594727,1.967134952545166,2163559556,Hazarimal Somani Road,18.935363642975663,72.83084077471787
4.7650251388549805,1.342276096343994,2176144829,P D' Mello Road,18.95707729840141,72.84250005960843
3.5243639945983887,2.168376922607422,2176144837,Eastern Freeway,18.959065003619934,72.84305139618436
5.000087261199951,1.54833984375,2216800803,,18.988782028349547,72.85028024255901
0.0,2.226771354675293,2231174981,,18.851727388583896,72.95967553235046
2.8829684257507324,2.179562568664551,2231175012,,18.856476470270287,72.96552413969208
4.058406352996826,1.3092279434204102,2231175979,,18.87171590031168,72.95388041920332
4.597936630249023,2.3640365600585938,2231176240,,18.87252621544428,72.94861247236351
4.145867347717285,2.8063340187072754,2231177381,,19.13018306752223,72.78843220584707
5.415213584899902,1.2128968238830566,2231178020,,19.146539676447112,72.79914023124299
4.82255744934082,3.8302154541015625,2231178024,,19.15207025007528,72.79094180495318
4.82255744934082,3.8302154541015625,2231178037,,19.15207196541256,72.79094153450585
3.750051259994507,2.0216963291168213,2231178273,,19.16221910561327,72.80882776632625
3.750051259994507,2.0216963291168213,2231178305,,19.16227447708121,72.80879577873344
2.0702853202819824,5.256962776184082,2231178477,Danapani Road,19.16958678404811,72.79001084360038
2.679588079452514,4.647660255432129,2231178477,Danapani Road,19.169869522121136,72.79031570533013
3.2300469875335693,3.73720383644104,2231178477,Danapani Road,19.17017584584817,72.79059679218905
2.3285388946533203,4.638711929321289,2231178477,Danapani Road,19.17040433202869,72.79094597750209
4.7824883460998535,2.3616504669189453,2233045184,,18.87777961162812,72.91577490191793
2.855987548828125,2.344806671142578,2233045184,,18.878047786568857,72.91545434716747
0.0,4.62583065032959,2233045184,,18.8785314131969,72.91520777533448
0.0,3.5563337802886963,2233045332,,18.880166532424187,72.91430961151646
5.053623199462891,1.937807559967041,2233045426,,18.882382043962,72.91460197876013
5.78880500793457,1.202625751495361,2233045529,,18.88242171209493,72.91459952894675
3.2730090618133545,4.22479248046875,2233045603,,18.883937708323803,72.91260874495312
5.637364387512207,2.255105972290039,2233045618,Bajarpur Rd,18.88469868241065,72.91313572675229
5.351956844329834,6.4137349128723145,2233046498,,18.90164276016123,72.91373742148083
5.377476692199707,3.4711952209472656,2233046573,,18.90902923763821,72.91908615058989
5.000638008117676,4.940900802612305,2233046573,,18.909349526610992,72.9193250848931
4.280256748199463,2.87503719329834,2233224796,,18.902479238138,72.91600228198823
5.35520076751709,2.2516303062438965,2233224796,,18.902781958927434,72.91628596049948
4.280256748199463,2.2996468544006348,2233224796,,18.902693867339423,72.91586601742438
5.35520076751709,2.2516303062438965,2233224846,,18.90278738948972,72.91629038586335
4.280256748199463,2.87503719329834,2233224846,,18.90248408807452,72.91600739794904
2.847111701965332,5.753583908081055,2233224874,,18.90497694243528,72.91711421006595
3.275059223175049,2.746595859527588,2233224874,,18.90557655825878,72.91744534465438
3.275059223175049,2.746595859527588,2233224900,,18.905559858099963,72.91743630487449
2.847111701965332,5.753583908081055,2233224900,,18.904960421081867,72.91710481461615
5.167038917541504,1.436983585357666,2233224900,,18.90413766404792,72.91660968944542
5.377476692199707,3.4711952209472656,2233225005,,18.909103018804373,72.91911297520636
4.53700065612793,1.3898849487304688,2233498341,,18.876848683354734,72.96932904351634
5.86559009552002,1.2121005058288574,2233498902,Panvel Uran Road,18.87970593704441,72.94228431729825
2.291510820388794,1.589378833770752,2233499256,,18.88316674669537,72.93875376551274
4.903353691101074,1.7726030349731443,2233499421,,18.88178743163268,72.93338825583389
3.112734794616699,1.4157023429870603,2233500461,,18.89404732011076,72.93385670361238
3.112734794616699,1.4157023429870603,2233500632,,18.894089051907173,72.93384092739788
2.4115922451019287,1.5730063915252686,2233576729,,18.882680232955195,72.96303307831853
1.3333017826080322,1.410322904586792,2233576767,Panvel Uran Road,18.88377354821785,72.9629085742465
1.3333017826080322,1.410322904586792,2233576823,Panvel Uran Road,18.883797535997147,72.96294035994802
4.272764682769775,1.6599888801574707,2233576905,,18.88680125981959,72.96446898411799
1.7663874626159668,1.8258602619171145,2233577014,Panvel Uran Road,18.889305063638112,72.97023999961556
2.5586884021759038,1.3439595699310305,2233577014,Panvel Uran Road,18.890395639841323,72.97169310823759
-0.4674751162528991,6.017035961151123,2233650675,,19.17293029842818,72.84397229773005
-0.4674751162528991,6.017035961151123,2233650685,,19.17290087364825,72.84403634186724
1.8983089923858645,1.283909797668457,2236470888,Panvel Uran Road,18.891459309144494,72.97311039654943
2.5586884021759038,1.3439595699310305,2236470888,Panvel Uran Road,18.89036874242712,72.9716572691213
1.8046813011169436,1.6263234615325928,2236471179,,18.89464423885502,72.96430676407675
4.976317405700684,4.55106258392334,2236471352,,18.896665827163183,72.97217452790356
4.976317405700684,4.55106258392334,2236471442,,18.896671346064863,72.97218169882072
3.791592836380005,1.2082993984222412,2236471547,,18.897867799975916,72.97057490166449
3.73835825920105,2.426991701126098,2236471567,,18.898206927457032,72.97057609842796
3.73835825920105,2.0225918292999268,2236471567,,18.89840088264413,72.97058873779766
3.73835825920105,2.0225918292999268,2236471575,,18.898415286891503,72.97061001536474
3.73835825920105,2.426991701126098,2236471575,,18.89822740003737,72.97056129597864
-3.823672294616699,2.5088934898376465,2236784642,,18.901380331375595,72.95342536123896
1.6292033195495603,1.7378478050231934,2236784644,,18.90629825591992,72.95044813312502
1.949968695640564,2.224177837371826,2236784644,,18.90690009009942,72.95012456304059
2.271059513092041,2.03238582611084,2236784644,,18.90738973090839,72.94988048027811
3.781002759933472,1.4913103580474854,2236784836,,18.9207212917638,72.9711790637542
4.15518856048584,1.8130741119384768,2236784836,,18.921556126317935,72.9697130295442
1.853776454925537,1.590463161468506,2237026131,,19.1439300928538,72.94047076523887
5.03192663192749,1.87996768951416,2237026131,Veer Savarkar Road,19.143535755353977,72.93988850467666
5.531997680664063,2.9559764862060547,2237026174,,19.14657266029097,72.94038408619457
3.448940753936768,3.5848851203918457,2237026179,,19.14913751510005,72.94207744351812
5.856640815734863,2.114741802215576,2241633791,Nahur Road,19.1621176084036,72.94962334720367
0.0,6.586111068725586,2241842158,,18.903722757623484,72.81725527446893
5.368222713470459,1.856253147125244,2241842382,,18.911820092418058,72.80917642523096
3.1961803436279297,4.836252212524414,2244632844,P D' Mello Road,18.95444983989179,72.84197393365247
4.62238359451294,3.704001903533936,2244637004,Santa Cruz – Chembur Link Road,19.07152314796624,72.86189867375101
2.494952440261841,5.59822940826416,2244637007,Vidhya Nagari Street,19.073333535547885,72.86207554698287
5.919089317321777,3.845835685729981,2244637089,Kalina Kurla Road,19.081409060354783,72.8708636117256
4.731459140777588,2.095827579498291,2244783854,M T Ansari Road (Arab Lane),18.963406531717137,72.82363503801469
-1.1603939533233645,5.763585090637207,2244784030,J Boman Behram Marg,18.96834476909641,72.82359759028603
3.744686126708984,1.7567224502563477,2244784242,Sane Guruji Marg,18.97541419932308,72.82171114666046
3.600371599197388,3.6376473903656006,2244797772,,19.081916728098506,72.84978649889845
5.531484603881836,1.2959461212158203,2245075537,,19.09199435700592,72.916209913313
5.587939739227295,1.7994980812072754,2245075908,Ramakant Deshmukh Marg,19.115646818638865,72.93450425581379
5.688531398773193,1.2433075904846191,2246471663,Prakash Thorat Marg,19.061624915914813,72.90372808307194
5.010319709777832,1.3829345703125,2246471934,,19.06457653871771,72.87489635736085
2.6892454624176025,2.7765543460845947,2246471941,,19.064888372423805,72.87482582307555
5.010319709777832,1.3829345703125,2246471941,,19.064578996253957,72.87488876385
5.693584442138672,2.307513236999512,2246471980,,19.059677644356857,72.88668525131948
5.386081695556641,2.215482711791992,2246472016,,19.06588894333937,72.89386499947875
5.386081695556641,2.215482711791992,2246472025,,19.065885199755023,72.89383546150783
4.185309886932373,2.75595760345459,2246472177,,19.069755234419244,72.88086324202841
1.423206090927124,1.3941082954406738,2246472366,Lal Bahadur Shastri Marg,19.07081876587601,72.87549606543271
5.855010032653809,1.9896259307861328,2246472717,Nathani Road,19.078841416094523,72.88988145680003
1.6314126253128052,3.748547554016113,2246472820,,19.0832674662015,72.91696362127688
5.3126091957092285,1.455709457397461,2246472852,,19.08400538053968,72.91746919473727
4.756174564361572,1.202204704284668,2246472917,,19.085698318771843,72.87787265433347
4.756174564361572,1.202204704284668,2246473020,,19.08575037593022,72.87791670270319
5.74818229675293,6.726073265075684,2246473137,Ram Narayan Narkar marg,19.08868740124751,72.91283990389263
5.870039939880371,2.776386260986328,2246473687,Eastern Express Highway,19.1186914081715,72.93645751364282
4.845404148101807,4.213741779327393,2246660987,Bhiva Bapu Magre Marg,19.060874750337447,72.88163427283726
5.24058198928833,2.2177772521972656,2246851472,,19.114082857885844,72.9391141750834
5.33512020111084,2.4879727363586426,2246851562,,19.117064567241197,72.93819376072216
5.561097145080566,2.3990864753723145,2246851726,,19.121503539715363,72.94077706529028
4.005920886993408,1.401226043701172,2247988740,,19.039107067260524,72.87337188395777
4.469398021697998,1.2366881370544434,2247988832,,19.0412881372269,72.87267439782953
4.177390098571777,2.9234490394592285,2247988843,,19.042056754790316,72.87188048132303
4.468901634216309,1.7101755142211914,2247988924,,19.044855365598124,72.8723959951147
4.8044047355651855,2.522613048553467,2248801625,,19.05043252063312,72.89036377319032
1.5467610359191897,2.7312164306640625,2248801638,Maharashtra Nagar Road,19.049682269137143,72.93853009812094
3.900883197784424,1.5410881042480469,2248801763,,19.050900571369883,72.89028351623689
4.8044047355651855,2.522613048553467,2248801763,,19.05041927837374,72.89039764939524
3.900883197784424,1.5410881042480469,2248801924,,19.05090602015572,72.89028520084788
2.215721845626831,2.0550520420074463,2248801932,,19.051378787560765,72.92359164482335
2.806143522262573,2.7276556491851807,2248802330,,19.054698927117823,72.93278265351907
2.806143522262573,2.7276556491851807,2248802353,,19.054742246148447,72.93270749337402
5.594307899475098,3.71300220489502,2248802384,D P Road,19.055649130696608,72.92231776484091
5.19847583770752,1.3000760078430176,2248802487,,19.0569334450474,72.93598948530712
3.829277992248535,1.8022541999816892,2248802498,,19.05644986447751,72.92473249521193
5.686405181884766,5.439658164978027,2248802537,,19.057908644494475,72.88253183536831
4.648717403411865,1.42940092086792,2248802775,Bhiva Bapu Magre Marg,19.062789068921543,72.88039269817565
3.24622106552124,1.596240520477295,2250795778,,19.053995244765225,72.8457526267684
1.440945744514465,2.8763599395751958,2250825435,Service Road,19.08433467357348,72.84596527886279
4.988661766052246,1.3868474960327148,2250825469,,19.0869552573308,72.84476983691512
5.994147777557373,1.2992076873779297,2258304411,Lalbaug Flyover,18.981990951273453,72.83475455630716
5.208180904388428,1.7308549880981443,2258304514,Eastern Express Highway,19.03211819687733,72.85865340225754
4.178454399108887,2.0487704277038574,2264152068,,19.083002720338648,72.91978204753094
4.756636142730713,1.4737191200256348,2264152068,,19.083319403363685,72.92005003381169
3.716177701950073,2.478431463241577,2264152068,Ghatkopar Flyover,19.08472674937836,72.92142603206533
4.40971040725708,1.532855987548828,2264152068,Ghatkopar Flyover,19.08546987171201,72.92204581736698
4.100856781005859,1.3729310035705566,2264152068,Ghatkopar Flyover,19.0857883522167,72.92231144129428
5.819173336029053,1.2559967041015625,2264152102,Eastern Express Highway,19.104250383297067,72.93032993445635
5.67872428894043,1.3297958374023438,2264152106,Vikhroli Flyover,19.10623880687389,72.931166842208
5.14428186416626,2.7329487800598145,2264152106,Vikhroli Flyover,19.110269890027624,72.93284567735066
1.695141315460205,1.525867938995361,2299255935,,19.005361975729286,72.81332833418118
5.62612771987915,1.3257484436035156,2299496543,Carter Road,19.06215003123843,72.82228178094668
5.265163421630859,1.8304123878479004,2370341658,,19.04343257436669,72.84957732189073
5.265163421630859,1.8304123878479004,2370341666,,19.043399480040303,72.84959550647575
4.187359809875488,3.173063278198242,2392551900,,19.127308995078906,72.81610957653521
4.767705917358398,2.0476622581481934,2439252025,,19.06557745455725,72.89812513319156
4.158753871917725,2.929567337036133,2439252028,Service Road,19.06728673849013,72.90156126865394
5.464495658874512,1.7625927925109863,2439273023,Lokmanya Tilak Terminus Road,19.06862937784623,72.89255536798706
5.1388373374938965,2.7187061309814453,2559494248,,19.049509547536644,72.9325136388567
4.951152324676514,4.036729335784912,2569297741,Pramod Navalkar Road,19.136135284106263,72.82779496087261
4.404905319213867,2.171539783477783,2629436042,Lal Bahadur Shastri Marg,19.04844040781596,72.86386475704978
4.007515907287598,1.975590705871582,2629436047,,19.052738102211453,72.86608400319568
4.007515907287598,1.975590705871582,2629436052,,19.0527400958919,72.86608507498335
5.993471145629883,2.0695762634277344,2629791012,Sayani Marg,19.0128897374214,72.83123842947931
5.085389614105225,3.2861990928649902,2647295173,Eastern Freeway,19.02953835562717,72.88882731572706
5.686509609222412,2.6850790977478027,2647295191,,19.02981381092372,72.88902879877297
5.270743846893311,1.362290859222412,2663220070,,19.025954372770737,72.87909573939511
5.072231292724609,2.418860912322998,2715411943,Eastern Freeway,18.98617271733771,72.84897100101198
4.220077037811279,2.584559440612793,2715411943,Eastern Freeway,18.986789969464716,72.8492643361008
4.64552116394043,4.206736564636231,2715411943,Eastern Freeway,18.98728377095744,72.84949900558802
2.829972982406616,1.9158308506011963,2715411959,Eastern Freeway South- MTHL Ramp,18.99746410118656,72.85692355312557
3.3942692279815674,1.4988582134246826,2715412064,Eastern Freeway,19.01769845857394,72.8732576450187
5.635837554931641,2.69448184967041,2715412064,Eastern Freeway,19.01686929091588,72.87277604324962
5.662224292755127,1.564864158630371,2804431000,Lokmanya Tilak Terminus Road,19.06852420282767,72.89264397794831
4.73593807220459,1.371088981628418,2804449483,Santa Cruz – Chembur Link Road,19.067228545983152,72.88877617843605
2.079703092575073,3.164020299911499,2804449487,Santa Cruz – Chembur Link Road,19.066433389003503,72.89018270340588
4.977240562438965,3.445886611938477,2804450687,Santa Cruz – Chembur Link Road,19.0687606499359,72.88777000644711
4.173237323760986,3.478773593902588,2804450687,Santa Cruz – Chembur Link Road,19.065906135671497,72.8915676524789
5.745162010192871,3.841317176818848,2804491972,Santa Cruz – Chembur Link Road,19.066146365998733,72.89043642782262
2.401775598526001,1.2764759063720703,2897022073,,19.05984837155757,72.85916002318795
4.909010410308838,2.095531940460205,2897024595,,19.06126649494262,72.86049537481874
4.505562782287598,3.5651063919067383,2897024595,,19.05980984161728,72.8605422224665
1.3653937578201294,3.683159828186035,2897024648,Bandra Kurla Complex Road,19.06412291150524,72.86056198849933
4.947994232177734,2.044897079467773,2897024651,Street 5,19.06448781039916,72.86310699814666
5.525503635406494,1.9316058158874512,2897024676,Avenue 3,19.06585595450571,72.86766961073377
5.607143878936768,1.8466143608093264,2897024777,Lane 1,19.06864896991615,72.87100082544012
5.607143878936768,1.8466143608093264,2897024783,Lane 1,19.0686288220846,72.87101491311894
5.229185581207275,5.864753246307373,2897024795,Bandra Kurla Complex Road,19.068602671171003,72.86772026324101
5.308080673217773,1.7064094543457031,2897024795,Bandra Kurla Complex Road,19.0683063860933,72.86724303946895
4.648476600646973,2.169342517852783,2899067851,,19.07340773937353,72.84696339257354
5.635837554931641,2.69448184967041,2929595426,Mahul Road,19.016793660847775,72.87277851031672
3.4563145637512207,1.3191676139831543,2929595511,Padmabushan Vasantdada Patil Marg,19.03795095901265,72.8799149593422
5.19350004196167,2.0046281814575195,2947868379,,19.055079248140697,72.85409693308904
4.225304126739502,3.657246589660645,2947868379,,19.054802927905733,72.85378348446105
3.557354211807251,1.3445489406585691,2966422707,"['Ghatkopar - Mankhurd Link Road', 'Ghatkopar - Mankhurd Link Road Flyover']",19.052217262440237,72.9360771436842
1.207283616065979,3.198145866394043,2966422707,"['Ghatkopar - Mankhurd Link Road', 'Ghatkopar - Mankhurd Link Road Flyover']",19.055752698385184,72.93263758848853
5.540255546569824,1.3152403831481934,2966422721,,19.05450859900134,72.93420283043281
4.763251304626465,4.04959774017334,3043194449,,19.129765586559635,72.83855356854006
4.420713424682617,2.921628952026367,3206284093,Road 2,19.06872255679454,72.89858923105184
4.056924819946289,2.210791110992432,3245616504,Service Road,19.07445008206269,72.91197998540096
3.01490330696106,1.2165048122406006,3308366231,Lal Bahadur Shastri Marg,19.07495445424761,72.87654364962744
4.750468730926514,3.959791660308838,3455073183,Anik Wadala Link Road,19.025459380278328,72.87860878541461
5.594307899475098,3.71300220489502,3737129890,D P Road,19.05562792259878,72.92235558215613
0.0,5.1793646812438965,3803075012,Carter Road,19.069859799504066,72.82274371081454
1.0,4.155071258544922,3803643818,,19.0626545517312,72.85614969764049
3.888826370239258,2.1345138549804688,3803645416,Bandh Creek Road 2,19.07942603591775,72.8283522552019
5.148255825042725,1.9866266250610352,3803645573,S B Patil Road,19.0818639314895,72.83061576653212
5.306236267089844,1.8172607421875,3803645691,Juhu Tara Road,19.084983264746924,72.83175285898766
4.356983661651611,4.611623287200928,3870608467,JNPT Terminal 2,18.933802749615463,72.95219482505402
4.26394510269165,2.5166635513305664,3870608467,JNPT Terminal 2,18.934118252405263,72.95192552510358
5.152828693389893,1.226520538330078,3870608467,JNPT Terminal 2,18.937235208868398,72.94918587748516
-1.3344151973724363,4.47059440612793,3878492889,Link Road,19.159640614438253,72.83505292783144
5.264643669128418,1.873826026916504,3981413772,,19.05836622662125,72.92578469897457
2.291510820388794,1.589378833770752,4137827314,,18.883107017416425,72.93878569559686
2.4262306690216064,1.4335973262786863,4137827369,,18.890509781922983,72.93418674267618
2.632737398147583,3.610851526260376,4138238075,,18.85595093770168,72.92318019619817
5.86559009552002,1.2121005058288574,4138238803,Panvel Uran Road,18.8797128085708,72.9423022410613
3.6184587478637695,1.3935999870300293,4140284189,,18.89344891621737,72.957529255791
4.790998935699463,4.955845355987549,4140284227,,18.894232502856507,72.9577566526046
5.854474067687988,2.995834350585937,4140284227,,18.894523762784303,72.95802136346717
0.0,4.62583065032959,4146789390,,18.878530283003045,72.91520826829942
2.855987548828125,2.344806671142578,4146789390,,18.87804697304861,72.91545530752511
4.7824883460998535,2.3616504669189453,4146789390,,18.877778709580348,72.91577577064128
0.0,3.5563337802886963,4146789390,,18.880204742479243,72.91427960823997
2.9484176635742188,2.041808605194092,4146789394,,18.88052419312852,72.91549168598384
3.2730090618133545,4.22479248046875,4162950029,,18.883920325898067,72.91260323192854
5.377476692199707,1.3326373100280762,4162950142,,18.909063118507618,72.91884191435778
3.9605517387390137,2.26190185546875,4163268983,,18.91776218358975,72.97465899111823
2.73937463760376,1.3578734397888184,4163268985,,18.917216690105477,72.9759738014898
3.884889125823975,4.655107975006104,4163268988,,18.918666907768284,72.97337251166837
5.754436492919922,1.5530433654785156,4163268988,,18.919468836696915,72.97390461197202
3.884889125823975,4.655107975006104,4163269192,,18.918590147112862,72.97332157930795
3.316357135772705,1.3924527168273926,4163269196,,18.9190479019725,72.97255460528388
2.968885898590088,2.414851665496826,4163269199,,18.919235583742044,72.97504587953757
3.316357135772705,1.3924527168273926,4163269203,,18.919037472402483,72.97254801193577
5.451488018035889,2.859282970428467,4233119209,,18.908659590240887,72.81461983779921
5.042464256286621,1.6493768692016602,4233563015,,19.147325146086764,72.94406898018264
5.11148738861084,2.783752918243408,4264598326,Ghatkopar Mahul Road,19.073831503949837,72.9028693745765
4.399613857269287,1.4758710861206057,4292656488,,19.012801137094826,72.88762082453607
1.5,2.2470500469207764,4292864936,Ajmera l-Land Road,19.031097372616173,72.87936371797045
3.3354814052581787,5.5517425537109375,4294951472,Dr Anand Rao Nair Marg,18.968945111051283,72.8209258786858
4.394576072692871,3.6435775756835938,4307040305,Captain Prakash Pethe Marg,18.91064474705549,72.81826671132998
4.538466930389404,1.2619261741638184,4328028027,,19.05198513315628,72.84096725827564
5.00407075881958,1.3250555992126465,4335012908,Juhu Tara Road,19.084466498579527,72.8343859581829
5.515919208526611,2.823686122894287,4342128944,Swadeshi Mills Road,19.05455892295861,72.87137179310419
4.988661766052246,1.3868474960327148,4342421171,,19.08696705218155,72.84475960327345
2.6892454624176025,2.7765543460845947,4352245944,,19.06488385223236,72.87484375150648
5.170159339904785,2.0440587997436523,4352255196,,19.067165542226952,72.88696847045492
2.3471755981445312,1.387676239013672,4357109784,Balasaheb Devras Road,19.14126691059697,72.82796475104607
3.4591481685638428,1.576138257980347,4357273791,,19.04734972826408,72.88827248668667
5.6370768547058105,1.2177529335021973,4357290590,,19.07590115619362,72.91779631078238
4.74879789352417,5.823516368865967,4357300486,Vallabh Baug lane,19.073643262214773,72.90996189162051
5.759718418121338,2.400211811065674,4357309677,,19.065937524009318,72.88376663082853
4.950993061065674,2.616365432739258,4357358593,,19.07656465111852,72.87454712265179
1.1287624835968018,4.6279706954956055,4361515211,Seth Motilal G Sanghi Road,18.988341808646545,72.81474142525879
-3.0552220344543457,5.453062534332275,4361545033,Elphinstone Flyover,19.0039479659728,72.830419842217
4.793492794036865,2.3968801498413086,4361545033,Elphinstone Flyover,19.005165856918385,72.83104373096948
5.994329452514648,2.3022994995117188,4361545033,Elphinstone Flyover,19.011002052814884,72.83503041425882
3.498322010040283,3.655444622039795,4361545033,Elphinstone Flyover,19.01180208348228,72.83579914972275
5.654370307922363,1.2459564208984375,4362365123,,19.00965570448634,72.85662424780548
5.174957752227783,3.597510814666748,4362365126,,19.01431834973044,72.857682560065
5.936712265014648,3.257847785949707,4362365126,,19.01464517420159,72.85793659154132
3.427438259124756,1.2719841003417969,4362526732,,19.015161669610077,72.82103476960522
3.427438259124756,1.2719841003417969,4362526738,,19.015147479784613,72.8210028022187
4.845573425292969,1.2058982849121094,4362581293,,19.074829570551334,72.8441233678383
4.177390098571777,2.9234490394592285,4362728491,,19.04201287297898,72.87187144409667
4.444658756256104,1.2914857864379885,4366129964,,19.053750640683763,72.87241208350227
4.281217098236084,1.646803855895996,4366151372,Dattaram Lad Path (Kala Chowky Road),18.98858776537929,72.83348528594219
3.998828411102295,1.882495880126953,4366159084,Mohmad Shahid Marg,18.96895616552973,72.82492020669285
2.9818286895751958,2.6571998596191406,4366159084,,18.96937458225861,72.8254779300605
5.628019332885742,1.59055757522583,4366159084,,18.968607517544672,72.82665169022195
2.6442017555236816,3.0877528190612797,4366204695,Nanabhai Moos Marg,18.894440340621685,72.80875008622087
2.942776679992676,3.2109174728393555,4366204695,Nanabhai Moos Marg,18.89418773662286,72.80908451156598
5.9796462059021,3.509850025177002,4368929522,,19.17151051696448,72.96280637168339
5.9796462059021,3.7794671058654794,4368929522,,19.171343398108277,72.96286672583686
5.9796462059021,3.7794671058654794,4368929525,,19.17134177985966,72.96286572812996
5.318773746490479,4.656503200531006,4513730343,Javji Dadaji Marg,18.967910320309525,72.81445946141649
5.318773746490479,3.167171001434326,4513730343,,18.96793284597079,72.81465799093598
0.0,2.1593387126922607,4685195757,Danda Seaface Promenade,19.07814672244629,72.82234516643976
0.0,2.1593387126922607,4685195761,Danda Seaface Promenade,19.078180176762995,72.82236183012387
5.19847583770752,1.3000760078430176,4720749146,,19.056904353390163,72.93594510046854
4.071183204650879,1.3070721626281738,4791578646,,19.04676259066098,72.87692820264618
4.910270690917969,1.4794468879699707,4791578646,,19.042912327293624,72.86954447600812
5.855010032653809,1.9896259307861328,5242502020,Nathani Road,19.078807083181665,72.8898938633407
3.806498289108277,3.578401803970337,5279685268,East West Road No 3,19.10996265588749,72.83312380156413
4.330539226531982,1.25962495803833,5330411163,,18.98183994554342,72.847031527973
5.62901496887207,3.091628074645996,5349392408,Santa Cruz – Chembur Link Road Flyover,19.06545301577599,72.89891837967221
3.649590015411377,2.3447394371032715,5354533140,,19.010742773951065,72.8350229798031
5.774630546569824,1.9416728019714355,5369728221,,18.991241464124347,72.83409337035349
2.8788015842437744,1.5352160930633545,5369728221,,18.99006755348487,72.83441722646158
5.774630546569824,1.9416728019714355,5369728236,,18.99123633487371,72.83410879965186
3.2279210090637207,4.332746505737305,5470621261,Rajaram Bane Marg,19.09211441733471,72.917447449262
3.4387521743774414,1.3451757431030271,5624422771,,19.051529211338387,72.93725444134004
4.756724834442139,1.233304500579834,5841999703,Sion Panvel Highway,19.052685821546586,72.87982302920828
3.240415096282959,1.2536206245422363,5841999704,BKC - Eastern Express Highway Road,19.049698019820728,72.87095816573857
2.875957489013672,1.9683027267456052,5841999704,BKC - Eastern Express Highway Road,19.05052200463572,72.86982726331307
4.9240312576293945,3.306192398071289,5875787592,,19.15676569549536,72.94806955470591
5.025125026702881,1.2916479110717771,5890165449,Shivaji Nagar Road,19.061252785833965,72.84291156623115
0.5,2.0121288299560547,5896564331,Sant Dnyaneshwar Marg,19.070039186411247,72.85072099934074
1.9059356451034544,1.227690577507019,5896564331,Sant Dnyaneshwar Marg,19.07174065451982,72.84984036305997
4.079792499542236,3.308534622192383,5912237881,,19.055910965462694,72.92442973010151
3.829277992248535,1.8022541999816892,5912237881,,19.056388777860185,72.9246986461337
5.039717674255371,2.030411720275879,5912237881,,19.055420290913425,72.92479910117372
5.039717674255371,2.030411720275879,5912237883,,19.055460450991667,72.92471884817505
4.93527364730835,1.2998595237731934,5912237941,,19.051625390482677,72.9284732377274
0.9988688826560974,2.641211986541748,5912238098,,19.05319943348238,72.93131107279547
2.930958747863769,1.387592315673828,5912238098,,19.052182759055352,72.92993957694169
0.9988688826560974,2.641211986541748,5912238115,,19.053183030201144,72.93130779302129
3.390976428985596,2.849326610565185,5953011358,Senapati Bapat Marg,18.99606471554271,72.82626691496162
5.9796462059021,3.509850025177002,5969985435,,19.17152557780382,72.96276738934846
1.3590211868286133,2.541926145553589,6046553756,Santa Cruz – Chembur Link Road,19.07408927089408,72.8504596229297
3.681403160095215,1.4688692092895508,6046553756,Santa Cruz – Chembur Link Road,19.07406875442268,72.85242638647021
4.270644187927246,1.6324796676635742,6117628325,Avenue 3,19.0601472608847,72.86682884704572
3.5751545429229736,1.857606649398804,6117628326,,19.059508210758185,72.86658526327713
5.546903610229492,5.374825477600098,6136332320,Eastern Freeway,19.00618909087675,72.85631446783496
5.707637786865234,3.250340461730957,6165302128,,18.987953469364843,72.83031880965814
4.834476947784424,1.7293014526367188,6165302129,,18.988778835948875,72.83006706716166
3.698065042495728,2.869096040725708,6165604823,Senapati Bapat Marg,19.02543982407614,72.84562487608282
5.109158515930176,1.505697250366211,6165604835,Senapati Bapat Marg,19.03528940104949,72.84773615733369
3.78180193901062,3.799762010574341,6167532221,Dr Annie Besant Road,18.9928586424748,72.81439469373849
5.672979831695557,1.4502720832824707,6167532230,,18.95597108941684,72.81263405275409
4.801816940307617,2.225644111633301,6212373232,,19.007182277886542,72.83690737000414
4.801816940307617,4.909368515014648,6212373232,,19.007138333983505,72.8367163107413
4.801816940307617,4.909368515014648,6212373234,,19.00716934839085,72.83673633371696
4.339035987854004,2.467831611633301,6259250492,Eastern Express Highway,19.169902163623373,72.96722520499321
5.908599376678467,1.7581748962402344,6428522291,Senapati Bapat Marg,19.04151763859746,72.84599660197746
5.140906810760498,2.664463996887207,6428701793,,19.017279004794325,72.8391409051224
3.2251908779144287,1.4895789623260498,6429017348,,19.05849080061787,72.86191971668022
5.421212673187256,1.2887048721313477,6430084705,Senapati Bapat Marg,19.04042677691115,72.84657568456983
5.914172172546387,1.2225627899169922,6430487998,Swami Vivekanand Road,19.097116094300603,72.83952834700229
3.9671707153320312,4.111165046691895,6430758485,,19.070951132628004,72.87746189299406
4.623368263244629,1.962127685546875,6431009346,,19.018263259613228,72.85996396383682
5.734435081481934,1.8590435981750488,6431102517,,19.020245974212045,72.86075858892967
5.032041549682617,1.9626483917236328,6431102517,,19.019334202538765,72.86049532177194
4.185309886932373,2.75595760345459,6431154248,,19.06978785504508,72.88083217241349
3.535616636276245,1.6484496593475342,6431217710,Tajjushsharia Road,19.059510742652638,72.87792714382289
3.968543291091919,1.4310390949249268,6431316960,,19.067203348054413,72.89238590639576
3.9611527919769287,4.318564414978027,6431435287,,19.065793873055483,72.90904336762246
5.221481323242188,4.960092544555664,6435209454,Nehru Nagar Police Station Marg,19.05957616838583,72.88153629692253
5.583881855010986,2.201067924499512,6435209454,Nehru Nagar Police Station Marg,19.05982241116271,72.88187601583944
5.134625911712647,2.0875039100646973,6488603046,,19.070243059518283,72.84882365047515
4.528952121734619,2.19018030166626,6489764178,,19.058589664628865,72.84172378839058
4.528952121734619,2.19018030166626,6489764687,,19.05857594150223,72.84172074609467
5.760746955871582,1.567042350769043,6489866778,Gurunanak Marg,19.057368409255627,72.83858990115105
3.3943004608154297,1.355717658996582,6491549420,Lal Bahadur Shastri Marg,19.05003571363763,72.86495451885867
4.928689956665039,3.530611038208008,6494817881,Flyover,19.073161779083858,72.86816361583263
3.4857113361358643,1.8753116130828855,6494881117,Lal Bahadur Shastri Marg,19.05992498519588,72.8722663679627
3.137855052947998,1.5188441276550293,6494881118,Lal Bahadur Shastri Marg,19.058535387312872,72.87137748427149
4.468901634216309,1.7101755142211914,6495207979,,19.044867040433733,72.87239686902014
5.249545574188232,5.376121044158936,6495298575,,19.15205565196512,72.8433428637293
5.615520000457764,3.633049488067627,6507607047,Nanepada Road,19.1632939614566,72.9532320817374
4.801816940307617,2.6001768112182617,6552771618,,19.007013342681255,72.83672829756895
5.548336029052734,1.2767601013183594,6554805533,,19.14910447294629,72.84465212117424
5.548336029052734,1.2767601013183594,6554805545,,19.149115175804056,72.84463891216595
4.594545841217041,2.5335655212402344,6554805550,,19.150478003912824,72.84479450831327
5.472720623016357,1.8264188766479488,6554805556,,19.151533716806867,72.84529113649818
4.469398021697998,1.2366881370544434,6569150633,,19.041296318986507,72.87268967786261
3.10494065284729,1.4204871654510498,6571795845,Eastern Express Highway,19.06072426255432,72.89248993826472
5.789169788360596,1.9721693992614744,6571795846,,19.059270277113495,72.89021427361506
3.10494065284729,2.751603364944458,6573886332,,19.060511817803807,72.8926229329468
4.646594047546387,1.988026142120361,6574298837,Ramakant Deshmukh Marg,19.119118233899083,72.93589643629409
5.239245414733887,1.4645991325378418,6576183451,,19.076527770327047,72.89619051226838
5.112268924713135,1.5228195190429688,6576183451,,19.076856075600578,72.89644253147254
5.11886739730835,2.283602714538574,6580768156,Rafi Ahmed Kidwai Marg,18.995487079248683,72.85254643307982
4.240971088409424,1.3221540451049805,6581286689,Vasantdada Patil Marg,19.08469200146508,72.92065804464453
2.5282199382781982,1.9443309307098389,6583122230,,19.080482906528,72.91724012920821
4.463411808013916,1.5191354751586914,6598130893,Swami Vivekanand Road,19.09247338924754,72.83895198647933
4.301947116851807,4.462276935577393,6605148991,BMC Marg,19.139321033131072,72.82377330991282
5.807083606719971,2.185555458068848,6638816990,Santa Cruz Flyover,19.09099833129892,72.8439724617873
4.5688652992248535,2.062406063079834,6856544908,,19.009880224851536,72.82788589536705
4.452676773071289,3.064800262451172,6862284569,,19.025553642758084,72.84926905417916
3.998828411102295,1.882495880126953,6925978233,Mohmad Shahid Marg,18.96893504151583,72.82491351014691
5.600232124328613,2.3636574745178223,6926087400,,19.068721645814424,72.88554895003813
4.194170475006104,1.773787021636963,6926087426,,19.074227321029827,72.89373820309349
4.883324146270752,3.852114200592041,6926087442,Santa Cruz – Chembur Link Road,19.0658408624032,72.89120635059287
0.2858654260635376,2.9175734519958496,6926087442,,19.065366760793527,72.89273036638203
4.890739440917969,2.4885411262512207,6926138466,,19.060995853220494,72.84753466063066
5.79080867767334,1.415757179260254,6926279733,Kanzul Iman Road,19.07127225757412,72.86875687847167
3.490773200988769,6.24063777923584,7241399982,,19.13906425390733,72.7953984331023
2.6530489921569824,1.9918212890625,7241399982,,19.1393514315392,72.79509584449347
1.9067399501800537,1.4529399871826172,7241399986,,19.16351266014609,72.80387206029611
2.6530489921569824,1.9918212890625,7241399991,,19.13934532065793,72.79510230965329
3.490773200988769,6.24063777923584,7241399991,,19.139058092301568,72.79540484473267
5.027582168579102,2.4506664276123047,7241541991,Ramchandra Kharde Marg,19.138568493056184,72.80612354271958
4.719028472900391,2.4408421516418457,7271821079,,18.962945470946792,72.97029448325912
2.9115865230560303,2.121286153793335,7280008178,Mulund - Airoli Link Road,19.154151091373883,72.95907547505698
4.06187105178833,1.2908883094787598,7280044352,M D Keni Road,19.155911345498385,72.94948809211841
4.06187105178833,1.2908883094787598,7288662230,M D Keni Road,19.155922675744407,72.94951353367317
0.0,4.342765331268311,7298842017,Danda Boulevard,19.071189852298037,72.8221916129259
5.684563159942627,5.17343282699585,7298842024,Carter Road,19.06723232284238,72.82280807194917
4.200161933898926,2.772622585296631,7298842041,Carter Road,19.06290508338568,72.82256285298504
5.0058274269104,2.5105977058410645,7309530529,Cross Road Number 3,19.14311926577104,72.82178740647255
5.594231128692627,2.9380927085876465,7309530533,Cross Road No 1,19.141246296034776,72.8249241830539
4.399613857269287,1.4758710861206057,7309769042,,19.01274354172258,72.88761267898829
3.4765825271606445,1.4389734268188477,7333869151,,19.14780962145948,72.94812460699531
3.4765825271606445,1.4389734268188477,7333869156,,19.147819436842557,72.94810310574262
3.82209849357605,1.4319169521331787,7334101296,,19.0571187399629,72.93240564100395
3.82209849357605,1.4319169521331787,7334101304,,19.057072375636796,72.93239500660786
0.0,5.846436977386475,7339667352,,19.11702641487701,72.82098623534016
0.0,3.498707056045532,7349956708,,18.96126968451684,72.79969402435259
3.769901752471924,1.289960861206055,7350069280,,18.94564135984818,72.95302194259206
4.853025436401367,1.6980409622192385,7358363790,,19.038499189045396,72.89077094550487
1.853776454925537,1.4444775581359863,7361775118,Veer Savarkar Road,19.144144781367352,72.94048627716862
2.1852738857269287,1.439483880996704,7361775121,,19.14632985173667,72.9416962569878
3.9677791595458975,3.4725632667541504,7362549180,,19.03693245733993,72.84996522169124
5.056868553161621,1.6364059448242188,7362711648,,19.040482597022404,72.85052023728142
4.1570587158203125,1.73573637008667,7370608177,,19.06268289324018,72.90241709288344
5.6370768547058105,1.2177529335021973,7370996423,,19.07589817486232,72.91780036220905
4.554399013519287,2.7276339530944824,7371382974,Senapati Bapat Marg,19.021594489989248,72.84394313619926
4.72269344329834,1.3593788146972656,7371382974,Senapati Bapat Marg,19.022211536177878,72.84423697082583
4.817851066589356,2.8768811225891118,7371382974,Senapati Bapat Marg,19.022701056384832,72.84448130089906
1.0,2.4839603900909424,7372035744,,19.064926268766143,72.85397028159998
1.0,2.4660229682922363,7372035744,,19.06445044953489,72.85424293524356
4.444658756256104,1.2914857864379885,7374085542,,19.053756021338632,72.87240155146046
5.965475559234619,1.6623272895812988,7375266883,Bapurao Jagtap Road,18.97655629176724,72.83028026080872
5.4923906326293945,1.98213005065918,7375917961,LM Nadkarni Road,19.010034697749354,72.86171476892515
3.884900569915772,3.8189797401428223,7379512617,,19.087676010012355,72.83480358583125
3.4483463764190674,1.2754366397857666,7379602410,Eastern Express Highway,19.07992588315857,72.91730486351447
5.191287517547607,1.4813413619995115,7379608698,,19.060649214242115,72.88436662783192
-6.880936145782471,11.52902603149414,7384062519,,18.94991276513655,72.82176402173596
4.375481605529785,1.422447681427002,7384981357,,19.092135298588516,72.84539733712678
4.375481605529785,1.422447681427002,7385487118,,19.092135394307597,72.84539768314494
4.060032844543457,3.932606220245361,7385487118,,19.09126092285731,72.84417228674786
5.549412727355957,3.769955635070801,7394064166,"['Prabhadevi New Road', 'Khan Abdul Gaffar Khan Marg']",19.015400829767383,72.81949495182408
3.4684536457061768,2.4729974269866943,7394064180,Prabhadevi New Road,19.01510286250396,72.81975638421198
5.529102325439453,4.672118186950684,7398089778,Sangeetkar N. Dutta Marg,19.123810615620748,72.82627943328036
3.9008190631866455,1.6323330402374268,7416644624,Sion Bandra Link Road,19.04720485880968,72.85150430932585
4.643135070800781,1.5929083824157717,7416644625,60 Feet Road,19.046730885936825,72.85154443318986
5.896795272827148,1.572947978973389,7432337572,JNPT Terminal 2,18.939169914307257,72.9491630986389
4.643115997314453,3.77310562133789,7432337572,JNPT Terminal 2,18.933035827727885,72.95300106074454
1.7478104829788208,2.8440370559692383,7432337572,JNPT Terminal 2,18.93030174671581,72.95533532722554
4.16717529296875,1.6169424057006836,7501169160,MTHL - Messant Road Ramp,18.996910379123552,72.85639970368739
1.8481470346450808,1.967108368873596,7551206139,JNPT Terminal 1,18.94116548652233,72.96599205489893
2.447251081466675,1.227302312850952,7551206139,JNPT Terminal 1,18.93067756830832,72.9655523514988
2.214155435562134,1.2003657817840576,7551206139,JNPT Terminal 1,18.9288768943408,72.96678957140217
1.6122039556503296,1.28083336353302,7551206142,JNPT Terminal 1,18.94926845212637,72.96616455843413
-1.0751726627349854,2.0885372161865234,7551206142,JNPT Terminal 1,18.94964799619133,72.96621282817799
3.546895265579224,1.239628553390503,7551206142,JNPT Terminal 1,18.95036689236712,72.96582405346385
1.6399667263031006,1.4293525218963623,7551206205,JNPT Terminal 2,18.92395137492132,72.97157130556816
3.845651626586914,2.0628790855407715,8360469288,Eastern Freeway,18.95991432051648,72.84352359643013
2.4095358848571777,2.319457054138184,8443491306,,19.062379234813047,72.85457222695246
3.339564561843872,1.9794647693634035,8443491306,,19.062692314047624,72.85484453738725
0.5,2.0121288299560547,8443532427,Sant Dnyaneshwar Marg,19.070048733723528,72.8507159426735
2.790923595428467,1.531984806060791,8444347970,,19.081130090186143,72.82753560492407
4.396522998809815,2.5762596130371094,8507768265,Eastern Express Highway,19.07149267082286,72.90815018118887
5.304357528686523,3.562808036804199,8620901469,Dumayne Marg,18.9114768801846,72.82492608912268
2.7362382411956787,2.6383249759674072,8625417533,Marine Drive,18.95443290981253,72.81491919023472
5.821033954620361,2.27490758895874,8633899903,Anik Wadala Link Road,19.029787455190792,72.8799791881981
4.122114658355713,2.3579702377319336,8692591569,Kohinoor - Vidyavihar Road,19.080953291731312,72.88865674560643
3.904319286346436,2.1497864723205566,8695589329,Bandh Creek Road 2,19.07970976652054,72.82799541644383
3.888826370239258,2.1345138549804688,8695589329,Bandh Creek Road 2,19.0794507079543,72.82832366143153
1.872799515724182,3.8883466720581055,8703487842,Ratilal Mehta Marg,19.07496330050985,72.90537281106491
5.615520000457764,3.633049488067627,8704782914,Nanepada Road,19.163252811386705,72.953267354537
4.497231483459473,1.329084873199463,8711322728,,19.047765408998465,72.86437020249502
4.400786399841309,1.589428424835205,8711322728,,19.04855621585881,72.8649206707804
2.81611442565918,2.3486127853393555,8711322728,,19.04934702152192,72.86547114406035
4.400786399841309,1.589428424835205,8711322730,,19.04849415683257,72.86487747225226
4.497231483459473,1.329084873199463,8711322730,,19.04770334987828,72.86432700435883
5.729084491729736,2.122007369995117,8711707695,,19.063469938075517,72.89401867082344
5.239449501037598,2.5911455154418945,8882200680,Western Express Highway,19.051458221741083,72.84242793130565
5.924098014831543,2.203296661376953,8909137831,,19.056658248857115,72.88696684571602
4.049671173095703,6.089598655700684,8928692503,Bandra Kurla Complex Road,19.05500501591359,72.85014363928782
3.920762538909912,2.574584007263184,8928692503,Bandra Kurla Complex Road,19.05368270539471,72.84892381061056
3.895179510116577,1.5311458110809326,8928692503,Bandra Kurla Complex Road,19.05318815502103,72.84824850331948
4.049671173095703,6.089598655700684,8928692503,"['BKC - Sealink Road', 'BKC Flyover']",19.055040571071093,72.85009869778862
4.033136367797852,1.8877625465393064,8928692503,"['BKC - Sealink Road', 'BKC Flyover']",19.052608945227657,72.84620555459685
2.9870152473449707,1.3714947700500488,8936814056,,18.868243844541475,72.98567966796588
2.703860282897949,1.882256031036377,8936814056,,18.869106628375533,72.9871132060237
4.936383247375488,1.4012656211853027,8941240299,Sane Guruji Marg,18.96944469623913,72.81634415147406
3.296732187271118,2.1172220706939697,8973745204,,19.056289618768943,72.93047703795932
1.6169281005859375,2.559756278991699,8973771543,,19.06231724062913,72.9152566882186
3.664939641952514,1.2663710117340088,8973787327,Ghatkopar - Mankhurd Link Road Flyover,19.052816201020487,72.93584231756475
5.626549243927002,3.752362728118897,9117998473,Jai Prakash Road,19.1290728486154,72.82685905767477
0.0,1.394969820976257,9140433021,,18.86563353936484,72.96064868561065
5.696218013763428,2.133123874664306,9140646107,,19.01041277943056,72.83576590042568
5.696218013763428,2.133123874664306,9140646111,,19.010413574022937,72.83576513411839
1.4989298582077026,1.2768269777297974,9142999411,,18.889405782444943,72.96768649746014
1.4989298582077026,1.2768269777297974,9142999480,,18.88948341318124,72.96773231816775
1.6242300271987915,1.4534965753555298,9142999559,Panvel Uran Road,18.88297050683491,72.961844550523
3.734762191772461,1.3310647010803225,9146478546,,18.945442656965096,72.95051697821776
4.543227195739746,1.6093883514404297,9162085011,,18.946970020208735,72.95172845588837
2.971210241317749,2.0674164295196533,9162085013,,18.9502649337646,72.95411279226397
5.567043781280518,1.7089238166809082,9162085016,,18.94902729845172,72.95050582153203
2.9850361347198486,4.173091888427734,9162085035,,18.949503448452987,72.95559711385188
0.8770620822906494,3.381139039993286,9171782229,Relief Road,19.1489748059061,72.83683180842108
5.424127101898193,1.9779505729675293,9179250243,,19.00437080063122,72.82139099257593
5.737481117248535,4.163921356201172,9198832962,,18.910797768742704,72.81238203314838
0.9471390843391418,2.860824584960937,9198832962,,18.912649214545265,72.8101127058729
0.0,4.894346714019775,9198832962,,18.912909874499785,72.80978504717392
3.234039545059204,1.6603071689605713,9198832962,,18.913170533766092,72.80945738747766
5.271941661834717,1.5279030799865725,9313067504,Vinayak K Shah Marg,18.92575581522413,72.82118864786634
1.0,3.189617156982422,9469523484,,19.062127576857737,72.85648888381674
3.448940753936768,3.5848851203918457,9662404715,,19.14917159406311,72.94207107420807
5.282250881195068,1.7012724876403809,9681689002,Hill Road,19.05448173402217,72.82474603627239
5.602956771850586,1.6420574188232422,9713504790,Maharshi Karve Road,18.948527244281788,72.82203684477511
3.552707433700561,1.2132809162139893,9798857359,60 Feet Road,19.040564069359803,72.85082343880032
1.2458367347717283,5.320959568023682,9798857360,,19.038283126357385,72.85003439682353
5.950807571411133,1.6942391395568848,9820350985,Maharshi Karve Road,18.94016183555274,72.82674386496109
3.693250894546509,3.5715525150299072,9828583078,,19.152971728161106,72.95600097493677
3.3981969356536865,1.319875955581665,9860341846,Ghatkopar - Mankhurd Link Road,19.06427354981135,72.91149864406643
2.0621800422668457,1.6694369316101074,9860683103,Eastern Freeway,19.01200331529448,72.87075083454911
1.5,1.5669302940368652,9860683103,Eastern Freeway,19.015011506864678,72.87191707403883
3.000825881958008,2.2140936851501465,9860683103,Eastern Freeway,19.02232328993843,72.87619032996682
4.368570804595947,1.3075637817382812,9860683103,Eastern Freeway,19.02423311089524,72.878398556257
4.5688652992248535,2.062406063079834,9887092591,,19.009874041682966,72.82791738219194
3.8232498168945312,2.704423427581787,9888993601,Balasaheb Sawant Road,19.120048388708938,72.82717988165417
3.18146014213562,3.6897261142730713,9909305627,,18.911345312102203,72.81055444930188
3.18146014213562,3.6897261142730713,9909305628,,18.911522183106264,72.8104984357887
3.18146014213562,3.6897261142730713,9909305628,,18.911335943976173,72.81054867521526
5.672979831695557,1.4502720832824707,9909482311,,18.95591884232493,72.81260638360841
3.3814737796783447,2.096879243850708,9909558184,,19.06581724669317,72.8713316482916
-3.1327309608459477,5.3426923751831055,9913665617,,19.12533573793131,72.82894345409217
2.318863868713379,1.6377179622650146,9931393113,,19.047654059849165,72.83662765889355
5.542248249053955,3.0839028358459477,9936198672,MTHL - Eastern Freeway South Ramp,18.99776610173837,72.85870760158407
3.041619777679444,2.020745277404785,9936198672,MTHL - Eastern Freeway South Ramp,18.99744090294191,72.85792440725552
4.61611795425415,1.3110876083374023,9972121834,,19.118235085369,72.82529802918528
4.525354385375977,1.8524737358093264,9972121834,,19.11804011887541,72.82567063781772
4.060032844543457,3.932606220245361,9985506406,"['Santa Cruz Flyover', 'P V Avsare Marg']",19.091265447894656,72.84419371462836
4.438734531402588,1.333082675933838,10017787219,Maharshi Karve Road,18.952329890465165,72.81805199816131
3.5828750133514404,5.2048749923706055,10063930948,Farukh S Oomerbhoy Path,18.97575463072812,72.8254222636161
1.5,2.2470500469207764,10087219412,Ajmera l-Land Road,19.03114868039913,72.87939206718235
3.4010581970214844,3.8066020011901855,10207397917,,19.05877540341126,72.88968394672823
4.298215866088867,1.5635313987731934,10216570896,"['Chembur Flyover', 'Eastern Express Highway']",19.06314772298923,72.89593012470014
4.079072952270508,2.4476332664489746,10232760006,,18.97856215815871,72.80910565953685
4.079072952270508,2.4476332664489746,10232760006,,18.97856521574436,72.80911505685872
3.3263864517211914,3.59841537475586,10246722206,Samarth Ramdas Marg,19.112183504288183,72.83565470957919
3.882204532623291,1.322711944580078,10259421234,,19.13643823096157,72.94529920298382
3.620947360992432,1.2086029052734375,10265648784,,19.08242447511564,72.84629625131447
1.440945744514465,2.8763599395751958,10265648784,,19.08443080068995,72.84598508580169
4.32964563369751,2.9919357299804688,10267389225,,19.067452316598708,72.89041253492013
3.253203630447388,1.8579285144805908,10268111711,Ghatkopar Flyover,19.081915308103117,72.9192001741908
5.630367755889893,2.4277262687683105,10277590767,Ceasar Road,19.12762003452022,72.84054916313627
5.558938980102539,2.251974105834961,10277700925,N S Mankikar Marg,19.05268088846834,72.86793047057546
5.603879928588867,1.432413101196289,10277700947,,19.02871050855639,72.86635593156537
5.7169365882873535,1.3067936897277832,10277700948,,19.030257592373435,72.86690400456135
4.704286098480225,1.7751073837280271,10277746010,Senapati Bapat Marg,19.004314422178563,72.83071604454636
5.912345409393311,2.718740940093994,10277881705,Marine Drive,18.930208973998003,72.82229464224909
3.3687164783477783,2.5650737285614014,10279771622,Ghatkopar Mahul Road,19.06655192894102,72.89975593379556
5.794029235839844,3.7356090545654297,10279771631,,19.06667629860933,72.86592290610957
2.870532274246216,3.449143171310425,10279771648,,19.05634640859124,72.88391824724333
5.087061882019043,2.423069477081299,10281800034,,18.993140550041225,72.85225329151959
3.24622106552124,1.596240520477295,10281883194,,19.053962950060622,72.84573948167954
4.187359809875488,3.173063278198242,10281984341,,19.127212024752957,72.81605573365013
4.843850135803223,2.703444004058838,10287277761,Yari Road,19.13720944495917,72.80764052569678
3.2620179653167725,1.2488491535186768,10299242939,30 Feet Road,19.1461641086367,72.94858289289618
5.802893161773682,1.7819476127624512,10316090270,"['A Patil Flyover', 'Dr Babasaheb Ambedkar Marg']",18.97281660935863,72.83314345145588
4.452676773071289,3.064800262451172,10578361568,,19.02556282818356,72.84925014033651
5.146800518035889,1.7845754623413086,10583657658,,18.98750050557693,72.81592590692483
5.748239040374756,2.812971591949463,10593568043,,19.00060523221815,72.82343151292855
5.748239040374756,2.812971591949463,10593568046,,19.000600901277817,72.82345833255103
2.2432260513305664,3.866635322570801,10603299587,S B Patil Road,19.083762122221284,72.83174000476697
5.148255825042725,1.9866266250610352,10603299587,S B Patil Road,19.08187343769558,72.83062117588449
5.250284671783447,1.708965301513672,10610854706,Rajaram Bane Marg,19.08973951949124,72.91693669056629
5.219617366790772,1.4096479415893557,10614318013,,18.96337288845181,72.84498477184017
5.828276634216309,1.992044448852539,10654153512,,19.0452455644853,72.85874917961554
4.369162559509277,1.6617112159729004,10704111732,Sane Guruji Marg,18.96979965691495,72.8167292614009
4.936383247375488,1.4012656211853027,10704111732,Sane Guruji Marg,18.969373320391647,72.8163970385588
3.023984670639038,2.6563756465911865,10722794863,,19.029151178777266,72.84749016038903
4.831034183502197,1.5572972297668457,10722958723,Kadeshwari Mandir Marg,19.0432480334323,72.82088039569794
4.928571224212647,2.3583288192749023,10722958723,Kadeshwari Mandir Marg,19.04280345447813,72.82057450414533
5.657926082611084,2.2310800552368164,10722958723,Kadeshwari Mandir Marg,19.044712971971236,72.8240367669671
4.388328552246094,1.386735916137695,10738867822,"['Sewri-Chembur Road', 'Padmabushan Vasantdada Patil Marg']",19.047654773846144,72.87807243243807
5.884978294372559,1.3401074409484863,10750563816,,19.065946786981847,72.89985589944244
5.220821380615234,3.191967010498047,10750563816,,19.06649518941824,72.90066965105743
3.1975319385528564,1.592235803604126,10758493605,M Sanghi Marg,18.989952947240777,72.81545392414812
5.456207275390625,2.0456790924072266,10809175122,Chheda Nagar Service Road,19.06603239592439,72.90059152870795
5.949419975280762,2.269468307495117,10824774388,Ghatkopar - Mankhurd Link Road Flyover,19.060989551028825,72.92058032452898
5.264643669128418,1.873826026916504,10824774388,Ghatkopar - Mankhurd Link Road Flyover,19.058340262821403,72.92571498199929
5.979557991027832,1.2588472366333008,10877664327,"['Patthe Bapurao Marg (Falkland Road)', 'Patthe Bapurao Flyover']",18.96780558957139,72.81699163369998
5.572408676147461,2.2546114921569824,10879528590,,19.15157487854225,72.8261863306435
4.4541215896606445,2.5529661178588867,10879528590,,19.15294222021688,72.82735435498017
3.4974260330200195,2.4474687576293945,10879528590,,19.153259464719696,72.82762167837537
0.0,6.222872734069824,10885603698,Walkeshwar Road,18.95321459348533,72.80612599511772
5.641920566558838,2.6558279991149902,10885775501,Dr Dadasaheb Bhadkamkar Marg,18.96557598345932,72.81902266859458
4.393762588500977,5.045662879943848,10885775501,Dr Dadasaheb Bhadkamkar Marg,18.964178418605623,72.8184833829992
0.0,7.269377708435059,10886066866,P J Ramchandani Marg,18.91934228875104,72.83242554934343
0.0,5.583744525909424,10886066866,P J Ramchandani Marg,18.918846999553494,72.83219447020599
5.630842685699463,1.419163703918457,10921178337,Ambedkar Chowk,19.08407737431124,72.91468759335505
2.5282199382781982,1.9443309307098389,10921183535,,19.080465188786643,72.91725025811603
3.107266902923584,1.729691982269287,10921440677,Eastern Express Highway,19.168708923681127,72.9666082689215
4.718296527862549,1.359635829925537,10921540397,Gurunanak Marg (Turner Road),19.055334165596637,72.83983923735713
4.784666538238525,3.2914204597473145,10921540397,Gurunanak Marg (Turner Road),19.05441045075967,72.83979640579864
3.600371599197388,3.6376473903656006,10923400512,,19.08191666999948,72.84978878734672
5.729084491729736,2.122007369995117,10923992388,,19.063521690859844,72.89408506973166
5.424127101898193,1.9779505729675293,10936072199,,19.00436229947767,72.82140800752414
5.7669758796691895,2.495643138885498,10939076153,,19.142021642178943,72.93791018723158
5.543100833892822,1.452312469482422,10941880419,,19.049168008864356,72.8920055072954
5.249545574188232,5.376121044158936,10960976278,,19.152037816877943,72.84332956638818
0.0,3.498707056045532,11021893429,,18.96124926005788,72.79969601596223
5.828276634216309,1.992044448852539,11022948210,,19.04521964577244,72.85878402808852
3.6067240238189697,1.5032179355621338,11027088421,Kanzul Iman Road,19.0674642733125,72.86294332760122
3.2279210090637207,4.332746505737305,11028932499,Rajaram Bane Marg,19.092068647463787,72.91743097034637
5.250284671783447,1.708965301513672,11028932499,Rajaram Bane Marg,19.08977261450946,72.91687825910795
5.510595321655273,3.025271415710449,11029100222,,19.010564815070897,72.82843872036005
4.763251304626465,4.04959774017334,11029901393,,19.129751344002223,72.83856654926818
1.5590940713882446,2.185238838195801,11036620919,J Boman Behram Marg,18.968843410706757,72.8202931898196
2.063274621963501,1.6810581684112549,11036620919,J Boman Behram Marg,18.968861059911116,72.82057287281853
3.9671707153320312,4.111165046691895,11037035697,,19.070944553743686,72.87745926443297
2.2116615772247314,2.7018802165985107,11037270926,JNPT Terminal 1,18.950730345388465,72.95786986930818
2.60302209854126,2.527487277984619,11037270926,JNPT Terminal 1,18.946353638559657,72.95451244398846
5.539312362670898,1.4130125045776367,11037285760,,18.93240827667848,72.96128992861973
1.949968695640564,2.224177837371826,11037382519,,18.906852910886037,72.95014808147816
1.6292033195495603,1.7378478050231934,11037382519,,18.906366503018354,72.95039800725156
4.35659646987915,1.704836368560791,11038520162,,18.88029056806544,72.96938228600101
4.35659646987915,1.704836368560791,11038544958,,18.880288309349098,72.96937935805006
5.056455612182617,6.177671432495117,11038547545,Dr Babasaheb Ambedkar Marg,18.986613194767845,72.83555586095412
1.2458367347717283,5.320959568023682,11038556197,,19.03823940827628,72.85001239721062
5.55926513671875,5.179919242858887,11039324606,,19.07670525343919,72.90880243111965
0.0,2.456178665161133,11042247128,,19.1584351374032,72.7818973080358
4.567509174346924,3.5205349922180176,11043282242,,19.067477040530637,72.89840180576148
3.4684536457061768,4.837625503540039,11045757317,Sasmira Road,19.015030097703875,72.81953996762242
5.225057601928711,3.411574363708496,11045894710,,18.995010857038952,72.83233395651754
5.305809020996094,1.400726318359375,11047754821,Pant Nagar Colony Road,19.08473795195715,72.91380735394812
5.65556526184082,2.8151330947875977,11050494317,,18.98190167231605,72.82550408832626
5.763500213623047,2.13520622253418,11050494317,,18.98190305998998,72.82588420014591
5.763500213623047,2.13520622253418,11050494325,,18.98181549717716,72.82590889062425
5.65556526184082,2.8151330947875977,11050494325,,18.98189256215775,72.82545795912608
1.0,2.6302297115325928,11052574146,,19.15141742719049,72.836247054249
1.0,3.717453002929688,11052574154,,19.15121713383865,72.83855340712537
4.950993061065674,2.616365432739258,11054517749,,19.076571051776718,72.87455624159149
4.100895881652832,1.560593605041504,11054647405,,19.04992541327924,72.87034867130762
5.24058198928833,2.2177772521972656,11054745013,,19.11409810971573,72.93918403419961
3.881278514862061,6.02646017074585,11056082836,"['Samanthbhai K Rathod Road', 'Samantbhai K Rathod Road']",18.97854984370141,72.82058831243792
5.370729446411133,2.234867572784424,11060890554,,19.078648527556943,72.87487632123664
5.915778636932373,4.561313152313232,11061179617,,18.902545560381785,72.81072707550513
0.0,6.586111068725586,11061182038,,18.90374028476688,72.81726075089037
0.0,4.894346714019775,11061221653,,18.912922404309445,72.80976929671709
0.9471390843391418,2.860824584960937,11061221653,,18.912661744388004,72.810096955464
5.737481117248535,4.163921356201172,11061221653,,18.91081037221261,72.8123663478634
2.215721845626831,2.0550520420074463,11061452285,,19.051352012448945,72.92358105509474
3.9723076820373535,1.4536089897155762,11061452285,,19.050773525336727,72.9244077717896
4.32964563369751,2.9919357299804688,11064166077,,19.06746120113694,72.89042349757958
4.7150702476501465,2.606511116027832,11064166077,,19.06715600699502,72.89014380900525
5.218251705169678,2.3056678771972656,11066612235,,19.073940738037592,72.91995166070835
5.218251705169678,2.3056678771972656,11066612236,,19.073995241431163,72.91998682137593
3.62363600730896,2.582482099533081,11068310595,,19.05167161135871,72.92532953384854
1.6242300271987915,1.4534965753555298,11068944984,Panvel Uran Road,18.882937120542213,72.96180031077353
4.646223068237305,2.5056400299072266,11068960524,,18.88012349396768,72.94394982299946
4.646223068237305,2.5056400299072266,11068960525,,18.880098103022,72.94394198843199
5.938934803009033,1.8462071418762207,11070428751,Dumayne Marg,18.910639490564414,72.82568601689921
5.304357528686523,3.562808036804199,11070437998,Dumayne Marg,18.911487660249914,72.82491630610632
2.648165702819824,1.7272930145263672,11070470071,,19.01569084823471,72.86741842038084
3.2385504245758057,1.2795870304107666,11070470071,,19.01427603752309,72.86632532751219
3.2385504245758057,1.2795870304107666,11070470076,,19.014267612740127,72.86631847234749
2.648165702819824,1.7272930145263672,11070470076,,19.015680879381424,72.86741443922497
4.21766471862793,2.076958179473877,11143613413,,19.057122138286484,72.88336945622572
2.941548585891724,2.387074708938598,11143613413,,19.057749081210872,72.88309964549181
4.21766471862793,2.076958179473877,11143613414,,19.05720996608001,72.8833912298559
0.0,9.724372863769531,11144394047,,18.98763888159112,72.81194730271642
0.0,2.9144155979156494,11144394047,,18.98746023971154,72.81320074312295
4.919610977172852,3.379208564758301,11184967332,Gilder Path,18.967469991472072,72.81868624200898
3.642873525619507,3.907626867294312,11185645373,,19.045813408717752,72.8575538352535
4.827794551849365,1.2976083755493164,11196128952,Veer Savarkar Road,19.148821506788664,72.94300884686172
5.987194538116455,1.715012550354004,11204073823,,19.08856110505386,72.91175710299704
4.1570587158203125,1.73573637008667,11222162587,,19.06265793559944,72.90240770225583
5.628019332885742,1.59055757522583,11237867492,,18.96862081213441,72.82663134707961
2.9818286895751958,2.6571998596191406,11237867492,,18.96938787669967,72.82545758673932
5.7669758796691895,2.1447396278381348,11331153157,,19.142012776621492,72.9379243487495
5.745119571685791,3.654694080352783,11335192190,,19.076969946507905,72.9130896725128
1.8451156616210935,4.542189598083496,11452078511,,19.025674652906694,72.83415977235332
3.762040853500366,2.625264406204224,11452078511,,19.026013505595067,72.83439574562229
4.216538429260254,1.7734155654907229,11482202251,Carter Road,19.065838011338062,72.82311608601536
4.58325719833374,1.5719408988952637,11491119141,"['Vidyalankar Marg', 'Ganesh Nagar']",19.020955210195577,72.87155041733436
5.273651599884033,1.60064697265625,11710446828,Maharana Pratap Marg,19.14614424078912,72.82556313720053
5.411230564117432,2.285891532897949,11920002782,Eastern Express Highway,19.104596428277404,72.93063900339757
5.724948883056641,1.5916438102722168,11920002782,Eastern Express Highway,19.103964498820385,72.93038226310897
5.558109283447266,1.603318214416504,11920002783,,19.10232855681799,72.92986226985785
3.9128129482269287,1.993215799331665,11920002786,Eastern Express Highway,19.08718124072704,72.92344392652183
4.437768936157227,1.3479280471801758,11920002787,,19.085637781169464,72.92262269881263
5.831581115722656,1.94495153427124,11924898617,LM Nadkarni Road,19.00970313661056,72.86146321560196
5.546903610229492,5.374825477600098,11924914299,Messent Road,19.006167977908817,72.85633477861475
4.2317399978637695,1.3158998489379885,11925150430,Mahul Road,19.010870589517477,72.86773047135675
4.851214408874512,1.4772725105285645,11925224722,Masonet Road,18.99807997647196,72.85473828165998
-0.0735653415322303,4.761321544647217,11953521025,Senapati Bapat Marg,18.991482494029835,72.82407907283664
5.000087261199951,1.54833984375,11954164166,Eastern Freeway,18.98878818325294,72.85027953645972
4.559047698974609,2.659998893737793,11954164166,Eastern Freeway,18.98359681821561,72.8478306342056
4.330539226531982,1.25962495803833,11954164166,Eastern Freeway,18.98186994287875,72.84700601043612
4.76356315612793,1.205695629119873,11954176569,Eastern Freeway,18.995968366006142,72.85368656045604
5.104241847991943,1.761833667755127,11954176569,Eastern Freeway,18.99707542614974,72.8542218847282
5.063691139221191,1.3316154479980469,11954176569,Eastern Freeway,18.997706069263025,72.8544818672969
5.352717876434326,1.300973415374756,11954176569,Eastern Freeway North - MTHL Ramp,18.99612198707037,72.85411157939133
3.377396821975708,1.8672387599945068,11954269591,,19.02285204770404,72.8770276765538
1.8964923620224,2.9788923263549805,11954269591,,19.022570343010543,72.87671965366772
3.377396821975708,1.8672387599945068,11954269591,,19.02287858360228,72.87700426555192
1.8964923620224,2.9788923263549805,11954269591,,19.02260769502345,72.8766866456712
4.194170475006104,1.773787021636963,11975764274,,19.0742744599076,72.8937977638671
5.725780010223389,1.2698678970336914,11975764274,,19.072324157490502,72.89149660803025
4.379739284515381,1.4548158645629885,11975764274,,19.07068849455017,72.88923226643976
5.266402244567871,1.972337245941162,12088684363,,18.977727869002678,72.84536104337099
5.03192663192749,1.87996768951416,12295867411,Veer Savarkar Road,19.14363980104288,72.93988073012035
1.853776454925537,1.4444775581359863,12295867411,Veer Savarkar Road,19.14417728513212,72.94044323981376
3.2521774768829346,2.01967453956604,12295867411,Veer Savarkar Road,19.147674464719003,72.9421096113165
4.869204044342041,1.3936543464660645,12322961991,Rafi Ahmed Kidwai Marg,18.99221100238536,72.85001811892808
4.942172050476074,1.614384651184082,12322961992,Rafi Ahmed Kidwai Marg,18.99085118290064,72.84862485017321
5.035122394561768,2.9257354736328125,12322997959,Rafi Ahmed Kidwai Marg,18.99160886442092,72.8495118388787
5.110174655914307,1.8985028266906736,12322997959,Rafi Ahmed Kidwai Marg,18.991065033198534,72.84887673482018
5.807164669036865,1.3360052108764648,12343286688,Gulmohar Cross Road No. 4,19.11101508140039,72.83500468956382
4.8951191902160645,1.3167319297790527,12353524312,Somaiya College Road,19.07431457234491,72.89746352599039
2.829972982406616,1.6849148273468018,12367062102,Sewri Fort Road,18.99768871182073,72.85683871339221
2.0621800422668457,1.6694369316101074,12376037607,Mahul Road,19.011980205552888,72.870805366856
1.5,2.022003412246704,12376037607,,19.01457769256351,72.87196697889462
4.579183578491211,2.138876438140869,12378144235,Sir Dorab Tata Road,18.927147044044887,72.81999051744894
4.341419219970703,1.265092849731445,12378228209,,19.117432886883417,72.93557862286875
2.422546625137329,1.8922488689422607,12389780671,,18.94635444115956,72.82179943176588
3.3492355346679688,1.597869873046875,12389780671,Marine Drive,18.9484468357948,72.8200834261425
3.475266695022583,1.4267747402191162,12389780671,Marine Drive,18.947349041747582,72.82091752511714
2.9535958766937256,1.706413507461548,12389780671,Marine Drive,18.9469032977345,72.82124141037063
4.124681949615479,1.207383632659912,12389780671,Marine Drive,18.94656841437924,72.82148345100738
4.459726333618164,1.2840042114257812,12389780671,Marine Drive,18.94394744665629,72.82296335046242
4.4654316902160645,4.367861270904541,12393568325,Western Express Highway,19.09167545492792,72.84544964554838
5.035930156707764,1.2756061553955078,12434894293,Lala Lajpatrai Marg,18.9809982999621,72.81367255904615
5.419265270233154,2.492761611938477,12434894293,Lala Lajpatrai Marg,18.980245357326627,72.81306650085907
4.577727317810059,2.2960524559021,12434894293,Lala Lajpatrai Marg,18.97992266716782,72.81280676325778
5.151434421539307,1.5712690353393557,12434894293,Lala Lajpatrai Marg,18.979599960688933,72.81254704865952
4.643085479736328,1.9495692253112795,12452811928,Idgah Lane,19.126051694750835,72.83373571988832
5.5063157081604,1.632683277130127,12486614589,Nanasaheb Dharmadhikari Marg,19.05955645322147,72.85196953772973
4.67354154586792,1.6746692657470703,12506352388,Dr N A Purandare Marg (Chowpatty Sea Face),18.95569204815701,72.80863110233418
0.0,3.3137364387512207,12555901906,Mumbai Coastal Road,18.94739340556029,72.8206278354828
1.805182218551636,1.544053316116333,12555901906,Mumbai Coastal Road,18.948151301050096,72.82002890637204
1.3835859298706057,1.9656496047973635,12555901906,Mumbai Coastal Road,18.948475465966457,72.8197712503288
1.9496948719024656,3.51741623878479,12555901906,Mumbai Coastal Road,18.949517896672365,72.81886258086126
0.0,1.7649755477905271,12555901906,Mumbai Coastal Road,18.955141591011948,72.80880611591387
5.751499652862549,2.1106081008911133,12557973951,Mahatma Gandhi Road,18.931392038211303,72.83167159899851
5.8371453285217285,1.5136666297912598,12558408942,Mumbai Coastal Road - Phase I,19.01030608379013,72.81555836215766
5.940292835235596,1.317990779876709,12558408942,Mumbai Coastal Road - Phase I,19.006226346435508,72.81391321847158
4.302269458770752,2.321130752563477,12582638557,,19.04069621604512,72.86597514708654
2.4588749408721924,7.97890567779541,12666222645,,18.971937844467732,72.81354779314228
5.501860618591309,1.4364895820617676,12696450638,,19.070625406983496,72.84899758734636
5.976601123809815,2.909309864044189,12721928614,"['Phulajibuva Nagre Path', 'Allibhai Premji Marg (Foras Road)']",18.962228111722936,72.8158888937365
5.072231292724609,2.418860912322998,12816816391,,18.9862404876318,72.84897206825869
4.874206066131592,2.107749938964844,12816816391,,18.989571733635213,72.8505603603362
4.990394592285156,1.2505817413330078,12951494701,,19.06594189464568,72.89836495920547
4.767705917358398,2.0476622581481934,12951494701,,19.06559750374715,72.89814061031403
4.515793800354004,2.860923767089844,12974666367,Byramji Jeejeebhoy Road,19.04861959473261,72.82043942429591
5.600708484649658,2.22597074508667,12992328381,Mumbai Coastal Road - Phase I,19.011348990319515,72.81606205856073
4.550023078918457,2.640349864959717,13003897994,Senapati Bapat Marg,19.005939451350088,72.83127788029446
1.5,1.766592264175415,13056058604,,19.03270627169303,72.87998499465625
2.006002902984619,1.787752389907837,13092340178,,18.98503195077922,72.81446430603526
0.0,9.724372863769531,13092341007,,18.98762849098868,72.81194056836992
2.897284984588623,1.2024240493774414,13092341010,Lala Lajpatrai Marg,18.98583034332661,72.81418850581684
2.0881476402282715,2.947782516479492,13092341028,Lala Lajpatrai Marg,18.98126032001959,72.81360931913295
4.220573902130127,2.024287700653076,13092341028,Lala Lajpatrai Marg,18.98158023909452,72.81387281953499
2.958548069000244,1.6303000450134275,13092341028,Lala Lajpatrai Marg,18.984441466011425,72.81475070671738
0.0,2.0881476402282715,13092341028,,18.981554421339368,72.81365908287862
5.2499775886535645,3.008030414581299,13092386536,Lala Lajpatrai Marg,18.97855981617256,72.81170985622452
1.2829132080078125,1.6143717765808103,13092400907,,18.985455494444103,72.81419330191878
1.358955144882202,1.725609302520752,13092400907,,18.986357448357253,72.81389198448753
3.890427827835083,1.266554594039917,13092400907,,18.981840120944607,72.81419814234715
4.220573902130127,2.024287700653076,13092400907,,18.98151228665554,72.81394562641633
2.3056600093841557,1.5847678184509275,13092400932,,18.98205831308604,72.81422206746751
4.220573902130127,2.024287700653076,13092400932,,18.98159115834203,72.81393357170018
4.67354154586792,1.8923664093017576,13093331284,"['Mumbai Coastal Road', 'Mumbai Coastal Road - Phase I']",18.95568006997761,72.80877681899105
0.5648314952850342,2.149465799331665,13093331284,"['Mumbai Coastal Road', 'Mumbai Coastal Road - Phase I']",18.95385796891515,72.81337592769124
3.235135555267334,1.3104071617126465,13093331307,,18.968038568953748,72.8033230012366
5.833653926849365,2.963631153106689,13277090067,,18.99686698486985,72.85396675725697
3.387138605117798,1.786571741104126,13277421360,,18.985553122141667,72.81447876027784
4.080411434173584,1.7139592170715332,13316134552,,18.89854870066516,72.80713808674216
5.218162059783936,3.1807780265808105,13316134552,,18.897666379511417,72.80819524711846
-0.0073123048059642,1.3280925750732422,13338040638,Mumbai Coastal Road,18.94318500534042,72.8230178277337
1.2554601430892944,1.5791271924972534,13338040638,Mumbai Coastal Road,18.943929054876417,72.82267414939855
5.0058274269104,2.5105977058410645,13352805982,Cross Road Number 3,19.14310760222197,72.82176500997575
3.535491943359375,2.036262035369873,13353077382,,19.067032133316417,72.87522185245577
5.041836738586426,3.325019836425781,13369398580,Bandra Kurla Complex Road,19.056961772186234,72.85232607691313
5.2674560546875,1.2867846488952637,13432211695,,19.057884708576218,72.88502298252168
5.2674560546875,1.2867846488952637,13432277901,,19.057913791476853,72.88498011754497
5.170226573944092,1.6988863945007324,13432421504,,19.109977737195248,72.93042600220912
4.171484470367432,2.222853660583496,13432421504,,19.10968866041926,72.93122522654552
4.521416187286377,2.6225266456604004,13432439162,Dr E Moses Marg Flyover,18.982132848063834,72.82341801930905
5.913975715637207,1.4810214042663574,13437502911,,19.132990018072423,72.83838527638513
0.0,5.846436977386475,13450221162,,19.1170166205376,72.82099964276942
3.4924771785736084,3.3233888149261475,13469889673,Yari Road,19.13798680082285,72.80703003792142
2.334425449371338,3.33854341506958,13469889676,,19.13637964896329,72.80815215123717
1.3797394037246704,4.529566287994385,13469889676,,19.13612916948866,72.808488906025
4.117918491363525,2.797043800354004,13469906310,,19.13206299797812,72.81195549738742
0.0,5.006630897521973,13469906310,,19.132386788298284,72.81169705720261
5.941389560699463,1.504246711730957,13472872187,,19.13531093771828,72.81707357005867
5.603005409240723,1.655416488647461,13503249966,Church Avenue,19.075287499751884,72.84019994808268
5.440230846405029,2.315286636352539,13503276383,,19.11320918194601,72.93606712886958
2.350128412246704,2.9010679721832275,13519301042,,19.04768672816745,72.8385098095132
5.456819534301758,1.9137263298034668,13528522696,,19.09296570241371,72.84197661808496
2.871739387512207,1.467398166656494,13536267830,,19.01080831508244,72.83694139777025
2.871739387512207,1.467398166656494,13536267831,,19.01080895028891,72.8369404125403
3.4676589965820312,1.3142623901367188,13580405628,,19.162837688117666,72.95853108405569
4.750468730926514,3.959791660308838,13584156081,Anik Wadala Link Road,19.02547387511731,72.87861346553036
5.701220512390137,4.296900749206543,13589520550,,19.143411426888008,72.82605916811107
5.701220512390137,4.296900749206543,13589520552,,19.14341907909344,72.82603221626579
5.701220512390137,3.0896759033203125,13589520552,,19.143404245516017,72.8258104913396
5.416149616241455,1.730186939239502,13598064066,,18.90499230666704,72.80466032640757
4.574904441833496,1.839827060699463,13614337247,,19.06318717479595,72.85908978858515
1.0,3.8225040435791016,13615172966,,19.064011420959314,72.85531586804407
3.036849975585937,2.447094440460205,13617040686,,19.065166747790634,72.85473686131205
2.9605636596679688,2.324465751647949,13617040690,,19.064530361724216,72.8550173204712
1.0,2.557170152664185,13617067002,,19.061116506793116,72.85707933432765
2.7046937942504883,1.357432842254639,13617067002,,19.06157962084308,72.85678336717204
4.41221284866333,2.163850784301758,13617732077,,19.054191100503303,72.85170868703224
4.623790740966797,1.5224461555480957,13619662347,,19.081360279768923,72.8514837401468
3.50714373588562,1.2930452823638916,13621886870,Ramakrishna Paramahansa Marg,19.061095894457104,72.85276159435995
4.845573425292969,1.2058982849121094,13629626582,,19.074815163449383,72.84418039538153
1.0,2.4660229682922363,13634486789,,19.064443930231675,72.85424680688539
3.339564561843872,1.9794647693634035,13634486789,,19.062643407759,72.8547994458746
5.680554866790772,2.87412691116333,13658722681,,19.022018428440195,72.8509675506949
5.680554866790772,3.911777973175049,13658722681,Dr Babasaheb Ambedkar Marg (Vincent Road),19.02182826172014,72.85100133629743
2.4440243244171143,3.289026975631714,13658722730,,19.02393971608049,72.8480996951304
4.58141565322876,1.4991235733032229,13658722747,,19.023121596499912,72.84755416084481
4.58141565322876,1.4991235733032229,13658722757,,19.023128527702877,72.8475575312089
3.591182231903076,2.7949609756469727,13658722757,,19.02264978440536,72.84725321140375
4.509146213531494,1.6209564208984375,13660755808,Deonar Road,19.054026439040204,72.91824462989608
4.175621032714844,1.7166600227355957,13660755808,Deonar Road,19.054250557381387,72.91788804346703
4.680063247680664,2.29632568359375,13660755810,Deonar Road,19.05351210566672,72.91906294640228
5.586288928985596,1.99255895614624,13664128757,,19.00698285035861,72.83806688225188
5.586288928985596,1.99255895614624,13664128759,,19.00695064977583,72.83812391788824
5.008037567138672,1.4310359954833984,13673603149,D P Road,19.05964224202486,72.91631099092238
5.583881855010986,2.201067924499512,13675269070,Nehru Nagar Police Station Marg,19.05984028628688,72.88189823219766
5.221481323242188,4.960092544555664,13675269070,Nehru Nagar Police Station Marg,19.05959238092147,72.88155988179699
5.527100563049316,2.2578492164611816,13675269079,,19.060109493125736,72.88215070990181
4.435238838195801,2.2560276985168457,13677015859,,19.060711688148995,72.90781886683948
4.435238838195801,2.2560276985168457,13677015869,,19.06065491524401,72.90779122272359
5.130134582519531,3.928770065307617,13677015869,,19.060978143127933,72.90804541968023
5.989410400390625,2.280552864074707,13677704978,,19.062526039306803,72.91172045414683
5.367333889007568,1.3707118034362793,13677985065,,19.05007372393793,72.93285248286958
4.046472072601318,2.075131416320801,13686797151,"['Dadasaheb Phalke Marg', 'Lakhamasi Nappu Road']",19.017717352997217,72.84417291984846
3.9723076820373535,1.4536089897155762,13690406855,,19.05077071331773,72.9244142099871
5.256953716278076,1.2154231071472168,13690617797,,19.05077344611172,72.92797027993696
5.256953716278076,1.2154231071472168,13690662112,,19.050771295707044,72.92792737133806
5.851431369781494,1.7952499389648438,13690662112,,19.05114670254077,72.92748083159347
5.467111110687256,2.0651650428771973,13697631920,Marine Drive,18.94950622090008,72.819179562591
0.6887199878692627,1.8096303939819336,13703060177,,18.975464765497943,72.80561143957269
0.6887199878692627,1.8096303939819336,13703060184,,18.97547039214325,72.805593516035
5.305809020996094,1.2919321060180664,13719012990,A.S. Gawde Marg,19.084554363472837,72.91389041393253
5.170729637145996,1.6893987655639648,13725384759,Ramdev Pir Road,19.07577737820393,72.88826748627235
-3.9264817237854,8.46670150756836,13780043904,Mama Paramanand Marg,18.95316528284477,72.81689559446578
4.438734531402588,1.333082675933838,13780043912,Maharshi Karve Road,18.952320313041085,72.81815421645642
3.10494065284729,2.751603364944458,13787212733,,19.060487224030904,72.8926938931629
4.672750473022461,1.630992412567139,13790104256,,19.05007074839641,72.86947202162051
4.539705276489258,1.6118359565734863,13799110874,,19.078128959999656,72.87513565847892
1.1343392133712769,3.5534167289733887,13802299616,Senapati Bapat Marg,18.991211547132227,72.82380077086975
-5.428668975830078,5.355103492736816,13802299616,Senapati Bapat Marg,18.991695760898786,72.82405655396742
4.213529109954834,1.839989185333252,13802299616,Senapati Bapat Marg,18.99340525115661,72.82491435431744
5.707637786865234,3.250340461730957,13806693402,,18.987947511988228,72.8303044661836
4.892945766448975,1.2103619575500488,13808088684,,19.12280262965439,72.94094987657604
5.133062362670898,2.7047104835510254,13808145816,S B Pawar Marg,18.99690753784252,72.8322933995405
5.735180854797363,1.4823856353759766,13822935061,Senapati Bapat Marg,19.00742594094511,72.83220434984732
3.862444877624512,6.381837844848633,13824040508,,19.007300141135488,72.83156028114942
2.694418430328369,1.8833088874816892,13827174112,Lala Lajpatrai Marg,18.97995371296801,72.81252067612161
4.634228229522705,1.841875076293945,13844361444,Jogeshwari-Vikroli Link Road,19.124627210243595,72.93715549642984
3.484173536300659,4.740440368652344,13847447450,60 Feet Road,19.038927819788967,72.85228893016767
5.460668087005615,4.559805393218994,13847447450,60 Feet Road,19.039219414248574,72.85199209790962
5.170226573944092,1.6988863945007324,13848112221,P. Godrej Marg,19.109963211595552,72.93033701404256
5.474025249481201,1.4875860214233398,13848112234,,19.109810939489734,72.93253594983246
5.641948223114014,3.4525303840637207,13848987189,Service Road,19.16361046136324,72.96271504906626
5.979135990142822,1.6419296264648438,13849953938,,19.04529627486145,72.85036026556892
0.0,2.856339931488037,13851314212,,19.04462936166924,72.83764190097615
1.8914330005645752,1.6277151107788086,13851314229,,19.04381696333382,72.83816635166913
5.657926082611084,2.2310800552368164,13852795727,Kadeshwari Mandir Marg,19.044732746912235,72.82407417176196
5.837770462036133,3.050596237182617,13854869536,,19.0500932381508,72.86149187258368
5.568582534790039,2.111344337463379,13857111163,,19.130721290124114,72.8219537833895
5.1349968910217285,3.1444716453552246,13858197271,,19.042718276469905,72.85646790324984
3.340958595275879,4.886330604553223,13900429946,Western Express Highway,19.09193393917034,72.84582115137367
0.0,10.709383964538574,13905111268,Walkeshwar Road,18.95377734355127,72.80695467184731
1.5897424221038818,7.5200347900390625,13905111269,Walkeshwar Road,18.953445057982083,72.80669193271125
0.0,10.709383964538574,13905111270,Walkeshwar Road,18.95369405307022,72.80697734911269
5.318773746490479,3.167171001434326,13907108269,,18.9679240422248,72.81467138369716
3.5386807918548584,1.7671973705291748,245680835,School Road,19.20874178847976,72.78559230561166
5.818706035614014,2.212893009185791,245682218,,19.232355785872077,72.83719262506918
5.120708465576172,1.7878289222717283,245682435,Link Road,19.240394565070613,72.84335152936048
2.0,5.167228221893311,245682938,Madona Colony Road,19.25086660509871,72.85607778359653
2.0,7.136495590209961,245682938,Madona Colony Road,19.249818094929267,72.85636662850925
4.72547721862793,2.296419143676758,564738606,Mira Road,19.28262461324256,72.86246221751469
5.345339298248291,1.6765570640563965,564738606,Mira Road,19.28238612591761,72.86211563606732
3.9476606845855713,1.3021414279937744,564739419,Naya Nagar Road,19.282318164063557,72.85840728025333
4.3417067527771,3.222170829772949,564853944,Uttan Road,19.285725297892128,72.79963843479004
5.157429218292236,3.783749103546143,564853944,Uttan Road,19.28462241223905,72.79909856116274
5.979629039764404,1.4910593032836914,564906295,Dharmic Math Road,19.198024534024785,72.78939657002805
4.980936527252197,1.4288864135742188,566131595,Param Pujya Shri Mataji Nirmala Devi Marg,19.2923899874388,72.86747374805249
5.978129386901856,1.504983901977539,628597982,Link Road,19.21462690047715,72.83790519724897
5.964258193969727,1.4834613800048828,648857360,"['Vasai Creek Bridge', 'Mumbai Delhi Highway']",19.3106288308707,72.90008548774391
5.473068714141846,3.463291645050049,648857405,Ghodbunder Jhopadpatti,19.287223452154088,72.89587076473936
-1.8610482215881348,3.742736577987671,769028312,,19.174905153909915,72.8318401955578
4.633630752563477,2.7132339477539062,926433052,,19.28226871572759,72.78484226471694
4.844267845153809,1.5195345878601074,1070196442,,19.28641106373617,72.86833908819796
2.980372667312622,1.981508016586304,1070196442,,19.285911580107207,72.86901445504897
4.872009754180908,5.496145725250244,1147489718,,19.27707079030866,72.78471947057487
5.587573528289795,2.137758255004883,1147490155,,19.27204058202478,72.78160061409174
5.199254989624023,2.485154151916504,1147490155,,19.270203115219896,72.78184659424566
5.284992694854736,2.8996167182922363,1147490155,,19.269887088364023,72.7821135911309
5.587573528289795,2.137758255004883,1147490241,,19.27204669452945,72.78159793440881
2.269731283187866,2.1498820781707764,1147514624,,19.286408727961494,72.8607597762697
5.237856864929199,1.2123255729675293,1147514635,,19.28613195711723,72.85898232606539
5.794528484344482,2.13969087600708,1147531692,,19.2818614387882,72.86717353557255
5.031174182891846,1.505850315093994,1147531700,,19.2827042430798,72.86619493230644
3.773674488067627,2.017763137817383,1147531791,Saint Xavier's High School Road,19.279056286414068,72.86624141930933
4.1123480796813965,1.4275126457214355,1147531847,MTNL Road,19.280805524782025,72.86998925418716
2.8508899211883545,3.057743787765503,1147551511,,19.29211680862977,72.8007363984614
5.072713851928711,2.2560677528381348,1147551511,,19.29235874440941,72.8003934185869
4.681281566619873,1.5410990715026855,1147551511,,19.289648393148013,72.80011814662079
1.5,2.4629907608032227,1185843200,,19.358455916450023,72.81525566756146
1.5,1.8260517120361328,1185843200,,19.3582040923984,72.81429531643069
5.80036735534668,2.2504196166992188,1203410037,DG Nagar Road,19.38057187329044,72.8241546557821
5.589907169342041,2.289480209350586,1342231574,,19.3683016397224,72.81711187479289
4.314818382263184,2.467500686645508,1345537842,Navapur-Umbergothan Rd,19.447942926772598,72.77099726859853
3.798238754272461,2.9840803146362305,1345537842,Navapur-Umbergothan Rd,19.447630576480755,72.7712636278179
4.630251884460449,2.917394161224365,1345611712,Agashi Road,19.455355603540887,72.74909577855797
4.079477787017822,2.010441303253174,1375170610,,19.18224355367992,72.81732615556058
4.079477787017822,2.010441303253174,1375170622,,19.18226250515516,72.81733018254009
5.667614459991455,1.3137493133544922,1375491053,Vasant Nagari Road,19.41215199990745,72.82652663889537
4.380938053131104,3.619506359100342,1375491056,Dr Samel Road,19.412640889765026,72.80088232050959
5.644542694091797,2.3117542266845703,1375491191,,19.449801859365955,72.81831316772761
2.0,5.167228221893311,1646690901,Madona Colony Road,19.250908654493365,72.85606635693563
4.786561489105225,2.163393497467041,1646859018,,19.18159428850352,72.8252925737401
2.992591619491577,1.2572576999664309,1646859161,,19.18862587105537,72.82522410203363
3.057645797729492,3.170215606689453,1651522099,,19.309060731407843,72.86448165033362
4.983331680297852,2.9791297912597656,1651522132,,19.3139135058186,72.85632186501849
3.8771684169769287,2.29920506477356,1651530826,Srishti Road,19.273942882732136,72.86950879562798
3.940490245819092,3.7579636573791504,1651530827,Panchmukhi Road,19.27271305202623,72.87280310920815
2.768167734146118,3.0469071865081787,1651530846,Srishti Road,19.272596917081984,72.86864652098035
5.638238906860352,2.534000396728516,1651530873,,19.274628254398788,72.86686927291005
3.223404884338379,2.5169148445129395,1651530899,Jangid Complex Road,19.27782111462357,72.87197573167794
2.909947395324707,1.3986849784851074,1651530930,Shanti Vidya Nagri Road,19.284688293044788,72.88081797683779
3.856067657470703,1.6410527229309082,1651530930,Shanti Vidya Nagri Road,19.286247919542244,72.88218998980668
3.788022041320801,1.4262394905090332,1651530937,,19.28585523445024,72.87135993334019
5.562811851501465,1.8116064071655276,1651530966,,19.28742311338737,72.87932633747717
3.631245613098145,3.290452480316162,1651530992,Sant Jalaram Bapa Marg,19.293302074210214,72.8715092549681
5.205451488494873,1.207231044769287,1651537120,,19.29806663625604,72.84237614775667
5.4207539558410645,2.896975040435791,1651537128,,19.298591507186263,72.84979264847898
4.654706954956055,1.792318344116211,1651554257,Kashigaon Road,19.277206042149245,72.88426746395906
5.20601749420166,2.554861545562744,1651554277,Kashigaon Road,19.27867752047032,72.88363627173382
3.0456275939941406,1.5430240631103516,1939198102,,19.2252534019443,72.83561484398558
3.1757380962371826,1.2518484592437744,1960736165,,19.28759086702384,72.9399868370193
2.816069364547729,1.878145456314087,2216077904,,19.447679232579883,72.80031222815029
4.631962299346924,1.228870868682861,2216078248,,19.466838650531624,72.81211344046608
3.7087669372558594,1.4081273078918457,2216091725,Malad Marve Road,19.1954117762882,72.80005940819412
3.6081151962280273,2.0277891159057617,2216091972,,19.202919140373677,72.81099512101714
3.6081151962280273,2.0277891159057617,2216092036,,19.202918766493493,72.81099459544693
3.15926194190979,2.608817338943481,2216231461,,19.18647240803182,72.81761993644196
4.485352516174316,3.4475231170654297,2216231939,,19.213454350103294,72.81945812459954
4.700091361999512,1.4688992500305176,2216339893,Naringi Rd,19.47406771507198,72.81055048311896
3.5136730670928955,1.3836009502410889,2216341919,,19.48979760628724,72.7927423422
2.942272901535034,1.6543900966644287,2216345418,,19.493971917601574,72.80143065685252
2.125046730041504,1.2793703079223633,2216345418,,19.482175456231847,72.8082353561433
1.818881273269653,1.983646869659424,2216345418,,19.47705053997964,72.80625108468713
4.465607166290283,3.167855739593506,2216360606,,19.21792883456998,72.78079062379199
3.901779890060425,1.3691532611846924,2216360626,,19.218526580341862,72.82001001436142
2.654733896255493,1.4389822483062744,2216360931,,19.229398572819747,72.77959045634664
2.654733896255493,1.4389822483062744,2216360956,,19.22940171863049,72.77959228173562
3.772006034851074,1.4278883934020996,2216470419,Madh Island Road,19.19786251660493,72.8002867467065
5.406194686889648,1.9176607131958008,2216470419,Madh Island Road,19.1956560322528,72.79976626943382
5.979629039764404,1.4910593032836914,2216470430,Dharmic Math Road,19.19808831396216,72.78943400765085
2.804107427597046,2.256878137588501,2216470865,,19.20709212251856,72.78172694914193
2.804107427597046,2.256878137588501,2216470868,,19.207077913887765,72.78167885005239
2.618699550628662,5.048906326293945,2216470868,,19.207099484575508,72.78209812632907
5.39577054977417,1.6559700965881348,2216533876,Bolinj Nanbhat Road,19.425614969326336,72.79329218110948
4.434728145599365,1.3733224868774414,2216533980,Bolinj Nanbhat Road,19.426484426550385,72.7945353240938
5.798320293426514,4.743918895721436,2216534438,Bolinj Sopara Rd,19.44202570352441,72.79476872409359
5.024811267852783,2.051109790802002,2216534534,,19.443340349942343,72.78901087946925
4.172360420227051,1.6738815307617188,2216534677,Chhatrapati Shivaji Road,19.44664927305881,72.80004671622706
3.9867076873779297,2.3620858192443848,2216534707,,19.44631831917961,72.79732755764451
0.903846025466919,1.2975146770477295,2216534792,,19.448478760824653,72.79817993148113
0.903846025466919,1.2975146770477295,2216534796,,19.44850422053324,72.79808460284276
4.832833766937256,2.138247489929199,2216534888,,19.448674830443355,72.79684047960602
2.091874361038208,1.2959506511688232,2216534932,,19.45122167307841,72.80065405211592
4.630251884460449,2.917394161224365,2216535126,Agashi Road,19.455400316556517,72.74905739895752
4.130450248718262,1.6161866188049316,2216535336,Agashi Rd,19.453625749886932,72.78336743587856
5.494411468505859,1.234283447265625,2216535622,,19.456911803207,72.77968413481445
5.569849014282227,3.3181304931640625,2216535685,Subhash Lane Rd,19.455792575958498,72.75594475479325
3.6620051860809326,1.7575733661651611,2216535695,,19.45745077724352,72.78172479054263
3.6620051860809326,1.7575733661651611,2216535897,,19.457412329718167,72.78166499885772
5.358941555023193,2.9551024436950684,2216536833,,19.462915331133164,72.76017982096796
3.548832654953003,1.4158284664154053,2216537854,,19.46852836647458,72.7598374822953
2.829146385192871,1.6148371696472168,2216537947,,19.466128811096244,72.77755790130543
4.546432495117188,1.550242900848389,2216674785,,19.43668187466253,72.77201996609162
4.546432495117188,1.550242900848389,2216674808,,19.43666063465446,72.7720044445539
4.100617408752441,2.416057586669922,2216674934,,19.44072000182393,72.76505035619036
3.126054048538208,1.2996180057525637,2216675017,,19.44848686624625,72.8057310785492
5.691076278686523,1.4308786392211914,2216675121,,19.45322454809607,72.7623112961846
3.1132280826568604,1.678502321243286,2216843739,,19.210788880046103,72.81604476308149
4.8259382247924805,1.5374226570129397,2216843775,,19.2113980845586,72.81716727920944
4.045345783233643,1.575162410736084,2216860550,Yashavant Nagar Rd,19.441285922938533,72.81052662075496
5.9088568687438965,2.674147129058838,2216860829,,19.44585574826543,72.81204086231882
5.0276312828063965,4.051438808441162,2216860841,,19.435555694135104,72.81337477442705
5.9088568687438965,2.674147129058838,2216860847,,19.445812151346438,72.81205264787593
3.126054048538208,1.2996180057525637,2216861241,,19.44850240015395,72.80571287432127
5.832999229431152,1.932143211364746,2220727793,Nile More Road,19.425914333748107,72.8126666679644
4.481273651123047,1.915165901184082,2220727854,,19.42737538189832,72.81354220885324
5.665578365325928,2.73302698135376,2220728305,,19.437464918090885,72.77189780486587
5.133029460906982,1.820052146911621,2220728317,Christian Ali Road,19.4400550864522,72.79666150064381
5.504573822021484,2.983128547668457,2220728375,,19.44046153382784,72.76450135147456
4.631962299346924,1.228870868682861,2220730192,,19.466853094258774,72.81211019484893
4.328158378601074,1.6033759117126465,2221493206,,19.48924561227404,72.87613446836106
4.276999473571777,3.6112704277038574,2221887796,,19.22699064026882,72.83548332898913
4.276999473571777,1.4501228332519531,2221887873,,19.22688779851936,72.83533578646224
5.763243198394775,1.5571250915527344,2221887922,RSC Road Number 31,19.22930920130408,72.82333396305312
3.4832098484039307,4.636847496032715,2221887926,Gorai Link Road,19.229213312055247,72.82865509491845
4.300370216369629,1.5716490745544434,2221887926,RSC Road Number 16,19.228786192558225,72.82946011347532
5.039970874786377,2.477776527404785,2222186280,,19.20131616671048,72.82682135340805
4.7311296463012695,1.3495850563049316,2222186312,,19.202133045565397,72.82364066083221
5.666673183441162,1.3197731971740725,2222292083,,19.223449927126744,72.83334180930156
5.39659595489502,2.4835009574890137,2222707517,,19.19095313731964,72.83448828742519
5.39659595489502,2.4835009574890137,2222707552,,19.19096175109876,72.83452122617652
4.846310138702393,1.2038307189941406,2222707556,,19.1955583308051,72.83103921794444
2.792846918106079,3.695642709732056,2222707641,,19.193585299411254,72.8302801499101
5.598060607910156,5.011980056762695,2222707641,,19.193900210676148,72.83259855895898
5.451467990875244,1.511561393737793,2222707999,,19.19817904493085,72.82911221942865
2.0,1.903470993041992,2222708094,,19.19864297678175,72.83167508583924
2.0,2.309072971343994,2222708094,,19.19902902788604,72.83204551404042
4.352713108062744,4.108705997467041,2224023754,,19.204729839823216,72.835643040197
4.979404449462891,3.4820146560668945,2224023754,,19.20502614469918,72.83593585353142
5.810235500335693,2.561522960662842,2224023754,,19.206914457597456,72.83753754153177
5.910551071166992,4.568523406982422,2224023778,,19.20528571544825,72.83620461752747
4.979404449462891,3.4820146560668945,2224023778,,19.20499516740173,72.83590565068292
4.352713108062744,4.108705997467041,2224023778,,19.204699108651106,72.83561256010337
4.076779842376709,2.4599180221557617,2224563999,Sai River Vatika Road,19.47838274457845,72.92899373875102
1.5,4.204755783081055,2224563999,Sai River Vatika Road,19.4781215909884,72.9293212830511
1.5,3.4909491539001465,2224563999,Sai River Vatika Road,19.47784264364674,72.9296327758522
4.328158378601074,1.6033759117126465,2224565514,,19.48925223586824,72.87611338770141
2.5,1.50205659866333,2224566044,,19.49538912451421,72.9222724638682
5.842912197113037,1.3017230033874512,2224566208,,19.49575966743149,72.90726585034895
5.531745433807373,2.233046054840088,2224566518,,19.496883587273143,72.90801983719477
5.842912197113037,1.3017230033874512,2224566518,,19.49574919488793,72.90725474864973
3.6284780502319336,2.2635788917541504,2224566518,,19.495546660015798,72.90688366675374
4.750865459442139,1.7146258354187012,2224567023,,19.49901080514145,72.90705670710797
2.5,1.50205659866333,2224567268,,19.495372524195627,72.92228345780839
3.849610567092896,1.2797930240631104,2227774143,,19.375677500347017,72.78474052201659
3.096254825592041,1.6613645553588867,2227774143,,19.37536850356657,72.78477769637797
2.4457106590271,1.3882653713226318,2227774699,,19.38645515609936,72.76355763091465
4.727930068969727,1.6539607048034668,2227774699,,19.38089529600697,72.76412997811744
4.991842269897461,1.5557613372802734,2227775544,,19.39604658495787,72.7859289237988
3.5,2.9881691932678223,2227775572,,19.395189317595506,72.77768552425957
5.830061912536621,1.928775787353516,2227776013,Gass Road,19.40351163079888,72.79549757656194
5.063616752624512,1.2556791305541992,2227776348,Gass Road,19.41007702195988,72.80029687560464
5.125819206237793,2.1841697692871094,2227776595,,19.4150486723818,72.7610820950517
5.081884860992432,4.633215427398682,2227776855,,19.414018900264317,72.80140579911331
5.203031063079834,2.8151755332946777,2227776860,,19.414064280071557,72.79632202041594
4.630733489990234,1.418818473815918,2227776911,,19.41526580121568,72.80851498212967
5.081884860992432,4.633215427398682,2227776920,,19.41405379601736,72.8014180281222
5.61492395401001,3.575480937957764,2227777007,,19.415100127932902,72.80200449499786
3.86993145942688,1.7877576351165771,2227777085,Satpala - Wagholi Road,19.417504865213672,72.79589862896235
4.317281723022461,1.893183708190918,2227777201,,19.418538122720367,72.78880966047105
4.317281723022461,1.893183708190918,2227777305,,19.41853967923001,72.78881084143578
0.0,3.978907346725464,2227777408,,19.42053838147924,72.75873818248914
4.4942169189453125,2.3263721466064453,2227777538,Satpala - Wagholi Road,19.42217069327466,72.78959826615689
2.3915998935699463,1.563530445098877,2227777668,,19.42133396679265,72.76760164159472
5.39577054977417,1.6559700965881348,2227777948,Bolinj Nanbhat Road,19.425609680987883,72.7932778624931
4.662700176239014,2.2819862365722656,2227817908,Maitri Road,19.41368330691414,72.8123625717232
2.8664231300354004,1.323416233062744,2229879762,Mother Teresa Road,19.377891102427235,72.82759306208312
4.597909927368164,1.6851072311401367,2229879952,,19.37802047885922,72.82591493896282
3.769514322280884,1.9151980876922607,2229879968,,19.378617673979534,72.82380347605961
5.904971122741699,1.8339285850524905,2229880515,,19.380621037209256,72.8347634933101
4.882771015167236,1.8846220970153809,2229880607,,19.381061222899454,72.82165970547372
5.579527854919434,1.4182147979736328,2229880641,,19.38023525947524,72.83349101930871
5.070528030395508,1.6352849006652832,2229880648,,19.38151578330194,72.8223338492476
5.070528030395508,1.6352849006652832,2229880864,,19.381524779552883,72.82233004835781
5.975631237030029,2.1217408180236816,2229881234,,19.384195407063917,72.83727383209903
5.83775806427002,2.352855682373047,2229881320,,19.385283066545217,72.83743150148126
5.956026077270508,1.5694432258605957,2229881742,,19.388973568847028,72.82455460682046
1.5,1.336735725402832,2229881984,,19.391208583368,72.83779058032171
4.22842264175415,1.4360380172729492,2229882174,,19.39140945963676,72.83025170758948
4.9494404792785645,3.423179149627685,2229882637,,19.40421857407892,72.82377670525659
3.5379397869110107,1.476592779159546,2229882778,,19.404354322911185,72.82529764811683
4.038829803466797,2.579261779785156,2229883125,,19.40738851640323,72.82406753157208
4.038829803466797,2.579261779785156,2229883125,,19.407350197863376,72.82414055719127
5.516376495361328,2.020998001098633,2229883356,,19.41091208703981,72.83290956344898
5.468742847442627,1.9195222854614256,2229883400,,19.409960114767184,72.83465745483622
5.59776782989502,1.531404972076416,2229883410,Achole Talao Ring Road,19.411215136248163,72.82852187315744
0.2685930430889129,5.647314071655273,2229883707,,19.41470661719032,72.8302553791868
4.950619220733643,1.990167617797852,2229884322,Nallasopara Station Road,19.418745689820263,72.81901004908721
5.5044050216674805,3.630358695983887,2229884448,,19.42062170423637,72.82257980767581
5.5044050216674805,3.630358695983887,2229884466,,19.420622856766062,72.82260174889927
5.0,2.9923696517944336,2230326034,,19.37510305819976,72.82737057180299
5.177427768707275,1.609952449798584,2230327312,,19.411911068534742,72.8273935356175
5.033632278442383,1.3153510093688965,2230689803,Naigaon East Vasai Link Road,19.380402001892826,72.85638863360569
4.357751846313477,1.9047698974609373,2230772446,,19.42131339330704,72.81747135114377
4.029463291168213,4.010735988616943,2230772476,,19.423946711547423,72.81260253281322
3.791653871536255,3.966760873794556,2230772476,,19.42422847875071,72.8123006935145
4.659408092498779,1.639418125152588,2230772476,,19.42451745147578,72.8120030575315
5.2411088943481445,2.1921987533569336,2230772477,,19.42320387667062,72.81497742946324
4.687043190002441,1.9749674797058103,2230772477,,19.423538463907107,72.81473440082934
0.0,4.132304668426514,2233625082,Rajni Road,19.32663213969155,72.8067612792476
0.0,3.817248106002808,2233625082,Rajni Road,19.326360925714106,72.80707771588094
2.457709312438965,1.435668706893921,2233625924,,19.341524236522048,72.80848572923257
5.773638725280762,2.159430980682373,2233627193,,19.356308907000365,72.78846033494322
5.831388473510742,2.4567785263061523,2233628061,,19.363936149736052,72.7809255961814
5.872997760772705,1.2556662559509275,2233628061,,19.36284993184547,72.78150818533413
4.276154518127441,3.238637924194336,2233628389,,19.36783269167778,72.78543225779418
4.223784446716309,1.4292783737182615,2233628514,,19.36773832974644,72.7791481851423
4.44568395614624,1.4702324867248535,2233628670,Uttaleshwar Mahadev Mandir - Atodiwadi Road,19.373953352623797,72.79740931072504
1.7843780517578125,4.032632827758789,2233628966,,19.3750397868304,72.79680148855711
4.44568395614624,1.4702324867248535,2233628966,Uttaleshwar Mahadev Mandir - Atodiwadi Road,19.373999766391343,72.79737813068644
4.049906730651856,1.2110862731933594,2233651090,,19.17796145061809,72.81794921698987
3.914037704467773,1.206954002380371,2233651195,,19.1791984785623,72.81930199582216
4.049906730651856,1.2110862731933594,2233651195,,19.177961439055515,72.81794921506766
5.146360874176025,1.4897379875183103,2233651207,,19.178509092649534,72.81561791586697
4.257910251617432,1.450253963470459,2233651689,,19.180713485355856,72.81305341642006
2.549842834472656,1.4241726398468018,2233651852,,19.183629316838044,72.8131273343957
2.549842834472656,1.4241726398468018,2233652184,,19.18360248540213,72.81308072790667
4.370574951171875,1.2441635131835938,2233867089,,19.34664171175477,72.84568170316558
2.293156385421753,1.4432055950164795,2233867656,Naigaon East Vasai Link Road,19.360155640965115,72.85777457877523
4.5559186935424805,2.421249866485596,2236170170,,19.338106842117995,72.82406606474669
3.333057641983032,1.250586748123169,2236170312,,19.342749219479387,72.83918185363571
3.746769428253174,3.0933055877685547,2236170370,1,19.34747149060352,72.82997710330635
2.7778337001800537,1.5799477100372314,2236170414,,19.344653866685604,72.84297692794136
2.249706029891968,1.4016945362091064,2236171233,,19.35587262531293,72.87617436762464
2.872178554534912,1.2121448516845703,2236171390,,19.35736313039885,72.84098800085201
0.5,2.591986179351806,2236171566,,19.358155846861465,72.84580555060082
4.6373467445373535,1.4410924911499023,2236171604,,19.359428347001987,72.83957936712811
4.6373467445373535,1.4410924911499023,2236171734,,19.35945072951637,72.83959342400847
3.361729860305786,1.8601596355438232,2236171747,,19.36119411574672,72.8452255127458
5.589907169342041,2.289480209350586,2236172162,,19.368256620108276,72.81707609969678
3.213503122329712,2.882160425186157,2236172241,,19.369196020351044,72.83117942089027
3.213503122329712,2.882160425186157,2236172323,,19.36916864335405,72.83112215650426
4.825677871704102,2.4273009300231934,2236172510,,19.37166572895424,72.82967922198245
5.990677833557129,2.1478796005249023,2236172708,,19.37363209227252,72.86594943555988
4.917855739593506,1.8154006004333496,2236172737,,19.373713355495106,72.81679107423416
4.673391342163086,1.309251308441162,2236172737,,19.373351131068784,72.81709014240869
5.946976184844971,2.714062213897705,2237035676,,19.327268983108706,72.89240124968711
2.0457563400268555,1.7255613803863523,2237039583,,19.35490024756497,72.88331096745063
2.0457563400268555,1.7255613803863523,2237039587,,19.35487357383488,72.88327168415542
3.872262954711914,2.803109169006348,2237039587,,19.354593843934275,72.88418159767873
5.908387660980225,1.2775883674621582,2237039606,,19.35496431722733,72.88564734137344
5.778357028961182,2.4701695442199707,2237116362,,19.17674795952353,72.96314449969069
4.518357276916504,1.7552762031555176,2237116371,,19.177281664133908,72.96255596779659
4.814056873321533,1.4595766067504885,2237116371,,19.17699433275309,72.96285845890338
5.778357028961182,2.4701695442199707,2237116371,,19.176724434585385,72.96317784205947
5.268212795257568,1.4042367935180664,2241477849,,19.33481272622154,72.9074360276677
5.268212795257568,1.4042367935180664,2241478148,,19.334780373108764,72.9074597749664
4.665427684783936,4.974910259246826,2242075692,,19.319993012307258,72.96281161298398
3.582768201828003,2.11057448387146,2242075692,,19.32046793620196,72.96308016014069
4.510847568511963,1.3426251411437988,2242401273,,19.261856539684725,72.80225250920104
1.5,1.4916205406188965,2242402173,Uttan Road,19.29038323540086,72.80625984393117
1.0,1.2586209774017334,2242576313,,19.278842238643147,72.8443590700873
1.0,1.2586209774017334,2242576503,,19.27879104572792,72.84432238497831
3.0765209197998047,1.776789665222168,2242576772,Mira Bhayander Link Road,19.288485482634027,72.8753122003214
4.925070762634277,1.80465030670166,2242576772,Mira Bhayander Link Road,19.289437373857243,72.87410463329765
2.902228832244873,1.2821040153503418,2242576831,,19.290144441034062,72.81250326992932
2.9666497707366943,1.968860387802124,2242576831,,19.289962156916225,72.81329564906746
2.9666497707366943,3.20975661277771,2242576922,,19.29000673176079,72.81331895622652
4.519262313842773,1.385335922241211,2242576931,Beverly Park Road,19.292407991036367,72.8718535583431
2.877230405807495,3.155478239059448,2242576934,Uttan Road,19.292372881137865,72.81494672643538
4.725075721740723,1.889614582061768,2242576934,Uttan Road,19.29266210273596,72.81524743745243
3.0567407608032227,1.457347393035889,2242577037,,19.294886751181952,72.82297474477679
2.4132368564605717,1.3560192584991455,2242577110,,19.29548441417372,72.8207477756894
2.575483798980713,2.1086597442626958,2242577111,Ramdev Park Road,19.29586083606757,72.86947393361619
4.355886936187744,2.769369602203369,2242577123,Uttan Road,19.295275258159407,72.8181585429468
2.0,1.986058235168457,2242577184,,19.29899911860285,72.82742349110079
2.0,1.986058235168457,2242577253,,19.298996335440904,72.827420667999
5.946812152862549,1.847655296325684,2242577318,Fatak Road,19.29975380069024,72.84877389646084
4.308799743652344,1.488664627075195,2242577691,"['RG Patil Road', 'R.G.Park Road']",19.303517386150595,72.86991319188512
4.221915245056152,2.1599035263061523,2242577997,,19.31200694530614,72.85178356094765
5.253331184387207,2.151808261871338,2242577999,Balaji Nagar,19.31011046827943,72.85102383787294
4.99452543258667,1.5022826194763184,2242577999,Munisuvratswami Marg,19.310479493479328,72.85152242437107
5.317307949066162,1.20762300491333,2244790487,Late Deepak Dharmaji Patil Marg,19.26442767723153,72.86783922977533
5.551092147827148,1.550201416015625,2244790828,"['100 Feet Rd', '100 Feet Road']",19.27126064711248,72.86176128053621
5.551092147827148,1.550201416015625,2244790846,"['100 Feet Rd', '100 Feet Road']",19.271289497318595,72.8617770514909
5.747624397277832,2.3157825469970703,2244790857,,19.27267867255063,72.86375739959963
5.34067440032959,1.5204930305480957,2244790868,Railway station Rd,19.272480343185773,72.8608916662966
5.802913188934326,1.376630783081055,2244790868,Railway station Rd,19.27328923242638,72.85975535208742
3.940490245819092,3.7579636573791504,2244790877,Panchmukhi Road,19.27274003560996,72.87283042675635
2.5569419860839844,1.743364334106445,2244790936,,19.275132124438915,72.87144322020283
5.802913188934326,1.376630783081055,2244790938,Railway station Rd,19.273335687943465,72.85969200252181
5.277994632720947,2.8369336128234863,2244791121,,19.27835625026903,72.8728731386796
3.773674488067627,2.017763137817383,2244791218,Saint Xavier's High School Road,19.27910707033618,72.86618046676205
2.5264689922332764,3.606754541397095,2244791357,,19.282117936899365,72.8684876327365
5.794528484344482,2.13969087600708,2244791371,,19.28188820459424,72.86713676317892
5.906090259552002,1.8045830726623533,2244791475,,19.284756063427604,72.86303518293019
5.912337303161621,2.9889135360717773,2244791586,Topaz Road,19.28702012708832,72.86497270509686
3.788022041320801,1.4262394905090332,2244791596,,19.285861308879568,72.87136596150648
2.892320394515991,5.271470069885254,2244791596,,19.2853332057132,72.87182729022126
5.237856864929199,1.2123255729675293,2244791604,,19.28611487530541,72.85895849336404
5.912337303161621,2.9889135360717773,2244791632,Topaz Road,19.28697778427928,72.8649319613902
4.813472747802734,1.5624642372131348,2244791920,,19.290129571792534,72.85717804567693
4.474170207977295,2.366631507873535,2244791924,Mira Bhayander Link Road,19.291387175648545,72.8715927654615
3.2303335666656494,2.089836835861206,2244791924,Mira Bhayander Link Road,19.289845845505937,72.87358292834844
3.0765209197998047,1.776789665222168,2244791924,Mira Bhayander Link Road,19.288462880640207,72.87534079077219
3.7963790893554688,1.565147876739502,2244792111,Ramdev Park Road,19.29356211996652,72.86744167629381
4.321846961975098,3.423295021057129,2244792146,,19.2934952641466,72.8557997774153
4.230437755584717,1.881721019744873,2244792146,,19.294350034470696,72.85696456687907
2.575483798980713,2.1086597442626958,2244792243,Ramdev Park Road,19.29588539980556,72.86949758940635
3.2787926197052,2.2173869609832764,2244792259,,19.29619033951069,72.87399061081032
4.306044578552246,1.3358287811279297,2244792812,Fatak Road,19.299565180624302,72.85519518609868
5.946812152862549,1.847655296325684,2244792869,Fatak Road,19.299752250502813,72.84878650272327
4.685564994812012,1.4515700340270996,2244792917,,19.300522981922075,72.8720169768813
4.996206283569336,1.8712725639343264,2244793028,,19.30156308790109,72.8702343962125
4.3159379959106445,1.417564868927002,2244793028,,19.301296097663307,72.87034884691415
5.530345916748047,1.716507911682129,2244793118,,19.30209136092895,72.86586731734165
4.996206283569336,1.8712725639343264,2244793130,,19.30161803514678,72.87016550897663
4.981969833374023,1.959498405456543,2244793147,,19.301889141327848,72.87399194500277
5.530345916748047,1.716507911682129,2244793183,,19.302105039956604,72.86584907295534
3.699241399765015,2.043907880783081,2244793189,,19.30225918483749,72.85964943555665
4.829226970672607,1.5309181213378906,2244793196,New Golden Nest Road,19.30301659406579,72.8650000715743
3.963695526123047,3.7547430992126474,2244892524,Miragaon Road,19.270439838036115,72.878654675656
5.171625137329102,2.0523881912231445,2244893271,Sai Complex Road,19.27209703617465,72.88633749898024
5.171625137329102,2.0523881912231445,2244893409,Sai Complex Road,19.272120352406205,72.88632146624771
5.178177356719971,1.9598889350891116,2244893518,,19.27304107250452,72.88089125635351
5.556610584259033,2.699431896209717,2244893584,,19.271934920264474,72.91658766374039
4.711594581604004,2.5969138145446777,2244893920,Miragaon Road,19.27662947413033,72.87797280871824
5.3904337882995605,2.002739429473877,2244894463,,19.283108122303847,72.88326807033867
1.5979726314544678,3.094642877578736,2244894463,,19.283420485034416,72.88354191767884
3.7190146446228023,1.250767707824707,2244894479,,19.28356883092198,72.8784304085032
4.712721824645996,1.5412912368774414,2244894576,,19.28444795601656,72.87588626082861
1.2526615858078003,2.258836269378662,2244895027,,19.295126548162653,72.87546619511097
3.832513093948364,1.5711185932159424,2244895036,,19.29443871763669,72.87726069703675
5.378626823425293,2.2819175720214844,2245095244,,19.273752417721152,72.96615922937873
5.3454461097717285,2.05067777633667,2245095493,,19.27890645299133,72.96698787467473
4.761242389678955,1.2588801383972168,2245096297,,19.28145185791477,72.96834081475274
3.195378541946411,2.436760663986206,2245097452,,19.30769898190201,72.94723538766259
5.0,2.4976749420166016,2246138748,,19.398984949801964,72.78103617782352
5.0,3.5723466873168945,2246138748,,19.39872408477369,72.78228425784383
4.821173191070557,1.5202131271362305,2246516337,,19.41284232611946,72.76585047679166
5.798208236694336,1.225740909576416,2247883725,Mumbai Delhi Highway,19.4871638015612,72.90264117615772
5.553508758544922,1.7493062019348145,2247883725,Mumbai Delhi Highway,19.48743231163135,72.90296289270293
4.54184103012085,3.394075870513916,2248089320,Mumbai Delhi Highway,19.33325173810378,72.89582769023093
3.155146837234497,1.4568092823028564,2629773265,,19.23506148499312,72.83086835895699
4.652317047119141,2.7730088233947754,2629773265,,19.233738300739677,72.82943708122674
0.0,3.817248106002808,2630159671,Rajni Road,19.326366470467,72.80706939515605
5.809489727020264,1.5417914390563965,2630159704,,19.32726053811758,72.81347136700292
5.511094093322754,2.9098386764526367,2744937729,,19.202788742996884,72.83697410632149
3.037025213241577,4.267326354980469,2974468253,,19.20191518468597,72.82443969013633
3.5,2.9881691932678223,3101778837,,19.395202254690997,72.77767081890201
2.645530939102173,3.108903169631958,3101778897,,19.49684696633417,72.87683881369905
4.917855739593506,1.8154006004333496,3101823177,,19.37364931447981,72.8168860727292
3.749798536300659,3.555655241012573,3273736683,Beverly Park Road,19.29076917190826,72.87039814148991
5.322531700134277,5.428806304931641,3591530188,Talao Road,19.307686949667595,72.85619258645434
5.516376495361328,2.020998001098633,3738643842,,19.410884033282457,72.8328698150842
5.772824764251709,2.1267476081848145,3792568159,"['Manori Marve Road', 'Manori Gorai Road']",19.20874233864797,72.78411124117912
4.255412578582764,6.327804088592529,3794269279,Link Road,19.194845696673447,72.83372177148176
4.92322301864624,2.0494942665100098,3794378365,,19.26926445342458,72.88040254183055
4.92322301864624,2.0494942665100098,3794378368,,19.269298561872496,72.88038630775398
4.983331680297852,2.9791297912597656,3797738390,,19.313889514609706,72.85637098335548
5.08729887008667,1.667161464691162,3797856253,,19.355248528618112,72.81388618967148
3.9115285873413086,1.3063435554504397,3921756703,,19.291068282738845,72.87524087730064
3.9115285873413086,1.3063435554504397,3921756714,,19.291100337357797,72.87525637058519
3.041870355606079,1.583214521408081,4233126888,Bapu Bagve Road,19.25570761657895,72.85601170077842
5.650305271148682,2.0576000213623047,4233305204,,19.42699244862885,72.812452254879
5.650305271148682,2.0576000213623047,4233305206,,19.426985401335443,72.81246299726082
0.3798566162586212,1.6503183841705322,4233305219,,19.42940989026463,72.81469929914324
5.981054306030273,2.358139991760254,4233312100,Bhuigaon Road,19.387515093803135,72.77660190140607
2.8070359230041504,1.489490032196045,4233649103,,19.356246487099607,72.87177172291754
2.8070359230041504,2.255567073822021,4233649107,,19.356401474569324,72.87178185222578
2.6157050132751465,2.012112617492676,4233649129,,19.36044452820252,72.86549420219677
2.6157050132751465,2.012112617492676,4233649139,,19.36039650775491,72.8655834859897
0.0,3.978907346725464,4233692954,,19.42061708259189,72.7587180161634
5.713566780090332,1.7041568756103516,4233708777,,19.369804812567697,72.81426384101312
0.5,2.591986179351806,4233708994,,19.358143426371853,72.84581103263002
4.337632179260254,1.367145538330078,4233853391,,19.354622604754063,72.83960055051202
5.153818130493164,2.594482898712158,4233853391,,19.35519347060188,72.83926241458757
5.153818130493164,2.594482898712158,4233853396,,19.35514554838412,72.83928541547198
2.4258100986480717,1.5815837383270264,4233853422,,19.36032471804297,72.8646136074697
5.467531681060791,1.5656108856201172,4233853483,,19.38516997102085,72.82339570226637
4.204400062561035,2.0513319969177246,4234992749,,19.368475546628872,72.82204310389498
5.483959197998047,2.3920860290527344,4234992756,,19.37968179303904,72.83270114790633
5.02325963973999,2.74926233291626,4235276066,,19.435208191069744,72.8198892607523
4.786561489105225,2.163393497467041,4278338506,,19.18157187025371,72.8253052056053
5.638238906860352,2.534000396728516,4319718676,,19.27462023711974,72.86686481035015
2.395528554916382,1.391542673110962,4319718676,Poonam Sagar Road,19.272042182688462,72.86661666983183
4.7311296463012695,1.3495850563049316,4347139401,,19.202120605054688,72.8236331060368
4.935466289520264,2.6125402450561523,4361035025,,19.440705709335983,72.75280881529463
4.351016998291016,6.476635932922363,4364646374,,19.22003126757951,72.84276671139202
5.190182685852051,2.160614490509033,4372014604,Sagarshet Petrol Pump Road,19.346679869168486,72.80824119828134
5.473068714141846,3.463291645050049,4568324251,Ghodbunder Jhopadpatti,19.28724400959448,72.89587999899166
-1.8866605758666992,4.548656463623047,4877107508,,19.44099984373693,72.8155877374067
1.2066361904144287,2.5722250938415527,4877107513,,19.447219357093463,72.81636961173149
5.296506881713867,2.6341567039489746,4877223014,,19.44885718632917,72.81406008035815
5.296506881713867,2.6341567039489746,4877226542,,19.448903496345597,72.81406683143172
1.818881273269653,1.983646869659424,4878125898,,19.4770794296936,72.80625050631606
2.942272901535034,1.6543900966644287,4878125898,,19.493988228103746,72.80140550598438
0.0,3.599567651748657,4878180215,,19.429191481124302,72.7560429096345
4.029011249542236,1.9437851905822756,4878180215,Rajodi Beach Road,19.432375930897688,72.7551480863189
3.562240600585937,1.8845562934875488,4878180215,Rajodi Beach Road,19.433268589741598,72.75481093817248
3.9613752365112314,3.122469902038574,4878180215,Rajodi Beach Road,19.43404050665171,72.75454507362338
4.457762241363525,1.5269989967346191,4878180215,Rajodi Beach Road,19.43508471866349,72.75424447836474
5.504573822021484,2.983128547668457,4878181184,,19.44044776302071,72.7644710625006
4.801013946533203,1.7499141693115234,4878358681,,19.443760702029863,72.77088183537475
5.458263874053955,6.343153476715088,4878358681,,19.44496886520221,72.76958159814845
5.941539287567139,3.073972225189209,4878358681,,19.444133056973843,72.77208100601496
2.099249124526977,1.4048035144805908,4878379574,,19.435896519325983,72.78838506520329
5.798320293426514,4.743918895721436,4878387237,Bolinj Sopara Rd,19.442028593543547,72.79476642270494
3.9369187355041504,2.3031253814697266,4882865846,,19.458427884607293,72.80449628008112
3.3629167079925537,1.4374372959136963,4882879738,,19.47399557058603,72.8041029844886
2.8276612758636475,2.0559260845184326,4882905759,,19.471873609117445,72.80827095279253
-1.4949322938919067,3.1345582008361816,4882905794,,19.47046257844556,72.80412452676077
2.5398876667022705,1.2261571884155271,4882966772,,19.46933979889844,72.79602153265591
2.74727201461792,1.2186872959136963,4882966772,,19.47041839338129,72.79687401905304
1.6396257877349854,2.0186431407928467,4882973120,,19.47044372061712,72.80384909236302
4.685564994812012,1.4515700340270996,5003329679,,19.300481114486903,72.87198234104662
2.255520820617676,1.3877253532409668,6016234029,,19.28512650015969,72.95666066283941
5.016896724700928,1.3969149589538574,6030054776,,19.487868485042124,72.90386900059113
5.2932610511779785,3.40181303024292,6030054899,,19.494490708967582,72.9094592630445
5.340821266174316,1.4273133277893066,6030054902,,19.496188976585213,72.91279522575233
4.251156330108643,2.179915428161621,6030054907,,19.494769043441732,72.90886788328758
5.107675075531006,4.404477596282959,6030054907,,19.495094222370923,72.90932472033148
5.837198257446289,2.5379867553710938,6030054927,,19.495610877686623,72.912325128344
4.712721824645996,1.5412912368774414,6085000642,,19.284446491892627,72.87588493263152
4.72444486618042,3.7216639518737793,6581277093,Boraspada Road,19.21224436074923,72.84708403470238
5.277994632720947,1.7839255332946775,6615848614,,19.27835393691728,72.87310191831705
5.277994632720947,1.7839255332946775,6615848614,,19.27835686959322,72.8731011433442
0.6802194118499756,1.9470186233520508,7241509625,Club One Road,19.470504090705823,72.80796272058777
3.286648750305176,1.2823939323425293,7241682812,,19.182986799373825,72.82925943667627
5.198336601257324,1.2926607131958008,7244329308,Bassein Road,19.3405175865254,72.8081007181111
5.190182685852051,2.160614490509033,7244335151,Sagarshet Petrol Pump Road,19.34659465070179,72.80828017208954
4.610935688018799,2.252563953399658,7244433022,,19.22021024142379,72.78540582571964
4.852457046508789,2.320020198822021,7244433075,,19.20412052683753,72.78592172010771
4.510847568511963,1.3426251411437988,7246745534,,19.26186199638964,72.80225167682228
2.9293782711029053,1.2052977085113523,7246913183,,19.24329562472288,72.79027216799
4.691760063171387,2.500773906707764,7246913207,Gorai Jetty Road,19.24161405111177,72.7879351904635
3.5714311599731445,1.2297868728637695,7246913208,,19.240858973106995,72.7888701294792
4.691760063171387,2.500773906707764,7246913217,Gorai Jetty Road,19.241620054206106,72.78796700042219
3.5714311599731445,1.2297868728637695,7246913217,,19.24080187761346,72.78890776820205
5.056494235992432,1.4746818542480469,7257156279,,19.40976543046251,72.76169572520415
4.457762241363525,1.5269989967346191,7257189055,Rajodi Beach Road,19.43506710734157,72.75425019964398
3.9613752365112314,3.122469902038574,7257189055,Rajodi Beach Road,19.43402312052768,72.75455151489649
3.562240600585937,1.8845562934875488,7257189055,Rajodi Beach Road,19.433251318873104,72.75481771519476
0.0,3.599567651748657,7257189057,,19.429178327151103,72.75604724385617
5.424666881561279,1.3549857139587402,7257390954,,19.43900069490887,72.75566255966265
5.056494235992432,1.4746818542480469,7257429565,,19.409762798460527,72.76169885278773
4.6170196533203125,2.2278637886047363,7257513687,,19.34060683910989,72.81660990646719
5.72304630279541,1.3184804916381836,7259913485,,19.277933252600683,72.79178638512649
4.610935688018799,2.252563953399658,7260187710,,19.220210802098148,72.78540685938717
5.918083190917969,1.5965166091918943,7271364524,,19.402130708352143,72.79387137211101
5.918083190917969,1.5965166091918943,7271364536,,19.40208954585969,72.79389171405955
5.830061912536621,1.928775787353516,7271364604,Gass Road,19.40347926743677,72.79544833062005
3.621610641479492,1.4343013763427734,7279137114,,19.313433189247988,72.85606250795898
4.380938053131104,3.619506359100342,7287414665,Dr Samel Road,19.412654875789983,72.80088802610562
4.303167819976807,2.280218601226806,7294995686,,19.46660392713969,72.77464779920169
5.757419586181641,1.5802855491638184,7298374681,,19.393854027821337,72.78589481363846
3.364941120147705,1.378427028656006,7298374716,,19.373848879797368,72.78668325059851
4.812258243560791,2.834725856781006,7301138402,,19.36806411582701,72.78503876159913
4.727930068969727,1.6539607048034668,7301340472,,19.380876689907154,72.76412036405146
5.872997760772705,1.2556662559509275,7304841974,,19.362868201670864,72.78149725849184
5.831388473510742,2.4567785263061523,7304841974,,19.36395413684594,72.78091416042201
3.963214159011841,1.5551679134368896,7305445749,,19.387657928616093,72.77020326761581
2.972938299179077,1.2170302867889404,7305645953,,19.29415829017381,72.87870108893529
3.832513093948364,1.5711185932159424,7305645953,,19.294450226075792,72.8772464395766
1.2526615858078003,2.258836269378662,7305880341,,19.29514761069053,72.87543809152046
4.474170207977295,2.366631507873535,7305880354,Mira Bhayander Link Road,19.29142366195174,72.87154550683255
5.501551628112793,4.091670036315918,7305880354,Mira Bhayander Link Road,19.291167254287423,72.87187761623653
5.990677833557129,2.1478796005249023,7306133722,,19.37360363532899,72.86592528483342
0.0038722229655832,1.3561346530914309,7306251277,,19.36760708492026,72.86998882002715
4.551815509796143,1.2082452774047852,7308272993,,19.36481926156525,72.87530622808
4.173328399658203,1.287992000579834,7308605183,Uttan Road,19.29319346503173,72.81584452765671
4.725075721740723,1.889614582061768,7308605183,Uttan Road,19.292636638060294,72.8152209611254
2.877230405807495,3.155478239059448,7308605183,Uttan Road,19.292347416426946,72.81492025020137
4.559443950653076,2.593039035797119,7308611403,,19.29311511344917,72.8209182335302
2.2920567989349365,1.5627307891845703,7308682134,,19.36699551678936,72.86977860627398
5.975631237030029,2.1217408180236816,7308904290,,19.384202149005304,72.8372684450526
5.94615364074707,1.8733415603637693,7308904292,,19.3841344617036,72.83225783430818
4.825677871704102,2.4273009300231934,7310854039,,19.37162484598601,72.8297585116625
3.747712373733521,3.3094069957733154,7310989304,,19.39443457518905,72.85623074632069
5.48887825012207,1.561957836151123,7311338096,Nirmal - Gass Road,19.39936493906656,72.78509020534845
5.0,2.4976749420166016,7311338177,,19.39897453231043,72.78106343245341
4.761242389678955,1.2588801383972168,7312897467,,19.281456749666702,72.9683447825049
5.378626823425293,2.2819175720214844,7312915578,,19.27376239382608,72.9661677784782
4.630733489990234,1.418818473815918,7314345134,,19.415308614715883,72.8085092360687
5.692577838897705,2.1107473373413086,7314509802,,19.440383798565964,72.80158208908713
4.967795848846436,2.517462730407715,7320971844,,19.42226352240577,72.78130689628995
2.3915998935699463,1.563530445098877,7321245417,,19.42129308486924,72.76761218649163
5.314858436584473,2.6116456985473637,7321662246,,19.459750671471333,72.76311899591133
5.556610584259033,2.699431896209717,7324574620,,19.27195562638342,72.9165815864378
2.872178554534912,1.2121448516845703,7325015411,,19.35738819150689,72.84102332419573
2.948370218276977,3.001723527908325,7325015411,,19.35702224975472,72.84070495332594
3.671916961669922,1.238241195678711,7325017694,Gorai Road,19.231598347773755,72.83406872360526
5.818706035614014,2.212893009185791,7325017697,,19.232432285619375,72.83719895015548
4.48344612121582,1.9735074043273928,7325148357,,19.362621524171036,72.84543389974999
3.361729860305786,1.8601596355438232,7325148367,,19.361219826416097,72.84523003004101
4.808655738830566,2.791466236114502,7330749131,,19.350123855158014,72.91298861815116
2.970926284790039,1.2179336547851562,7330836483,,19.350865408796214,72.91178490097742
4.505367279052734,1.68214750289917,7330998927,,19.35628496094031,72.83866193982577
3.153031826019287,2.9889039993286133,7331061781,,19.404929607388265,72.82350620234716
4.9494404792785645,3.423179149627685,7331061781,,19.40429246008781,72.82374739404894
3.798238754272461,2.9840803146362305,7331388477,Navapur-Umbergothan Rd,19.447601408958093,72.7713213646753
5.305076599121094,1.8470211029052732,7331396303,,19.195939806926415,72.80605614686013
4.790198802947998,2.36984920501709,7331396306,Shreeram Gali,19.19587642376211,72.80656829698242
5.8434271812438965,1.264575481414795,7331439079,Bapu Bagve Road,19.258119931500055,72.85366882933585
5.870473861694336,1.5694189071655271,7331471068,,19.41327173538255,72.82535985113854
5.870473861694336,1.5694189071655271,7331471069,,19.413243388284062,72.82537908315135
5.458263874053955,6.343153476715088,7331490676,,19.444944620031062,72.76959447132062
4.801013946533203,1.7499141693115234,7331490676,,19.443744899840585,72.77090510458004
4.790332317352295,2.157309055328369,7331490676,,19.443522412960608,72.77126356877082
5.941539287567139,3.073972225189209,7333909263,,19.444201121720837,72.77211686891044
3.3996176719665527,1.5200181007385254,7333973080,,19.403831660954012,72.82349511310659
4.852457046508789,2.320020198822021,7333980348,,19.20412860275304,72.78591881118719
2.5987143516540527,1.743316650390625,7334016185,,19.40651707676321,72.8227904623258
5.098802089691162,2.204012870788574,7334104603,Mumbai Delhi Highway,19.48729622345386,72.90297787625387
5.543124198913574,2.036118507385254,7334104603,Mumbai Delhi Highway,19.485676587409618,72.90105567397595
5.297902584075928,2.2238364219665527,7334104603,Mumbai Delhi Highway,19.48539335117201,72.90074832222008
5.03399658203125,1.967983722686768,7334104603,Mumbai Delhi Highway,19.484812294851917,72.90014940392007
5.408153533935547,2.066638469696045,7334104603,Mumbai Delhi Highway,19.48322466648786,72.89881349899177
3.717001438140869,2.0237598419189453,7334376713,,19.492601868309105,72.90671848525047
5.467483043670654,1.6389636993408203,7334512777,,19.443378699416,72.75533658046521
5.467483043670654,1.6389636993408203,7334512780,,19.443405135984488,72.75531662154806
5.691076278686523,1.4308786392211914,7334545761,,19.453201766139347,72.7623263528354
0.2685930430889129,5.647314071655273,7334548324,,19.414701428491146,72.83022210641583
4.719663143157959,2.514593601226806,7334634661,,19.47827048005059,72.81645690269268
5.908387660980225,1.2775883674621582,7334996850,,19.35498299833244,72.88561123904333
3.5054097175598145,2.991734027862549,7334996888,,19.36315714274077,72.87769657356819
5.03388261795044,2.272040843963623,7334996888,,19.36344979416696,72.87739942291414
5.0276312828063965,4.051438808441162,7335258231,,19.43563820016145,72.8133596846845
4.844585418701172,3.74644947052002,7339661770,,19.47916257637417,72.82519358589124
4.844585418701172,3.74644947052002,7339661778,,19.4791761476785,72.8251603943549
3.872262954711914,2.803109169006348,7339905622,,19.354608721172816,72.8842001477215
2.249706029891968,1.4016945362091064,7339905658,,19.355882565406244,72.87619643489606
4.03317928314209,3.848337173461914,7340150749,,19.36419555490583,72.88146452129284
4.5183587074279785,1.3959145545959473,7340150755,,19.363666798696794,72.88004273660184
4.03317928314209,3.848337173461914,7340150769,,19.364202659399474,72.88146216288196
5.284241199493408,1.421581745147705,7340346466,,19.364502755450296,72.87590710394984
5.03388261795044,2.272040843963623,7340346466,,19.36341882261233,72.87743067280827
3.5054097175598145,2.991734027862549,7340346466,,19.363223457988823,72.87762848567036
3.976555824279785,1.4535670280456543,7340346466,,19.362938103276612,72.87793309388643
5.172534465789795,1.2662134170532229,7345066917,Bassein Road,19.36163969107993,72.81355559893044
2.7577548027038574,1.8685369491577148,7345066923,Bassein Road,19.363296455243685,72.81435343889527
4.434728145599365,1.3733224868774414,7345330808,Bolinj Nanbhat Road,19.426506116253343,72.79457313187045
1.5,1.2905750274658203,7345345120,,19.30648864444676,72.84429537960358
1.5,1.2905750274658203,7345345143,,19.30643770298501,72.84423288790414
3.409953117370605,1.870491981506348,7345345143,,19.30466927100487,72.84677442047023
4.961175918579102,1.2376275062561035,7345377657,,19.20526426327872,72.8284145857152
3.893357992172241,3.377626657485962,7345412420,Bassein Road,19.36301107545239,72.81409166448508
5.455280303955078,1.512709140777588,7345412420,Bassein Road,19.3636465243405,72.81433880595849
4.652317047119141,2.7730088233947754,7345415539,,19.233761753682497,72.8294462231057
3.155146837234497,1.4568092823028564,7345415539,,19.23506364922362,72.83084136729255
4.266939163208008,1.4825458526611328,7345557199,,19.356023733442232,72.81308137733585
4.778902530670166,1.2422404289245603,7345557199,,19.356298478225,72.81276935377119
5.08729887008667,1.667161464691162,7345557199,,19.355206015614996,72.81391319257979
1.5,2.4629907608032227,7345755419,,19.35844781913353,72.81521976131633
3.6604645252227774,3.921517133712769,7345808033,,19.36770717614978,72.82090328374458
4.426190376281738,1.3149104118347168,7346083273,,19.283643285622205,72.95643349806714
4.3784613609313965,1.2812881469726562,7346092861,,19.277199454376017,72.96385094716011
3.510185480117798,1.4735825061798096,7346840744,,19.471274427122555,72.84176134784268
2.8664231300354004,1.323416233062744,7349693719,Mother Teresa Road,19.37785436919217,72.82761304282171
5.80036735534668,2.2504196166992188,7349947340,DG Nagar Road,19.380569450375805,72.82415734501558
5.773763656616211,1.7113113403320312,7350005392,,19.38351751300491,72.82114046374375
4.9372076988220215,1.3458094596862793,7350544326,,19.377777028987374,72.82551679116682
5.518734455108643,1.6630840301513672,7350623705,,19.38541673171924,72.82392600074266
4.630341529846191,1.9178147315979004,7350623716,,19.384334523482217,72.82225188993053
5.178177356719971,1.9598889350891116,7353424566,,19.2730461260706,72.88094660567585
4.654706954956055,1.792318344116211,7353479080,Kashigaon Road,19.27717775357998,72.88436438914583
5.20601749420166,2.554861545562744,7353479080,Kashigaon Road,19.27867874105617,72.88363573048161
5.968745708465576,1.643754005432129,7353660913,,19.273947049462365,72.89126448720496
3.856067657470703,1.7385640144348145,7353844853,Shanti Vidya Nagri Road,19.286170763423037,72.88235957874275
3.3901021480560303,1.731032133102417,7353935272,,19.187641182569955,72.83005695442156
4.345835208892822,1.2376642227172852,7353935272,,19.18798923381566,72.83034603917133
5.158395290374756,1.3456716537475586,7353935272,,19.18663134502466,72.82918803021096
5.38451623916626,1.4537324905395508,7357543741,Syama Prasad Mukherjee Road - Evershine City Road,19.4048178236764,72.83637050516849
4.317505836486816,1.2319927215576172,7357543741,Syama Prasad Mukherjee Road - Evershine City Road,19.404528376087843,72.83667117435007
1.6446150541305542,3.827558517456055,7357634696,Miragaon Road,19.2737878393539,72.87631014516829
5.118627071380615,2.1898813247680664,7357634700,Miragaon Road,19.27645438611424,72.87801791215328
5.648708820343018,2.8996691703796387,7357634710,Western Express Highway,19.270939387948395,72.88085189067132
5.904447555541992,2.458918571472168,7357634710,Western Express Highway,19.27150385531237,72.88165436970206
3.0456275939941406,1.5430240631103516,7362009856,,19.225297494474116,72.83564116762486
3.4132776260375977,2.097057342529297,7362009856,,19.226113107837705,72.83614847583884
1.539280652999878,3.2226192951202397,7371109511,,19.429899627524524,72.81430003980267
5.269270896911621,1.6216073036193848,7371109533,,19.426455074381465,72.81407380399655
4.659408092498779,1.639418125152588,7371109586,,19.424505561011447,72.81201685967409
3.791653871536255,3.966760873794556,7371109586,,19.4242207538009,72.81231746479
4.029463291168213,4.010735988616943,7371109586,,19.423933422599777,72.81261483634695
4.660292148590088,2.984880924224853,7371109599,,19.42600306633564,72.81667898616023
5.520308494567871,1.5085911750793457,7371284758,B Patil Road,19.30504817951313,72.8582448549226
3.887392997741699,1.3537931442260742,7374011299,,19.29550454605885,72.8552025031584
5.753042221069336,1.2074346542358398,7374011329,Ramdev Park Road,19.290171511400374,72.86443139732606
5.167353630065918,1.836862564086914,7374085946,,19.30457211666309,72.85735014379469
5.167353630065918,1.836862564086914,7374085964,,19.30458148649645,72.85735340449752
2.1450088024139404,2.8422391414642334,7374252453,,19.40409055010825,72.83157893820326
5.747624397277832,2.3157825469970703,7374437619,,19.272692331457037,72.86376395074826
4.666777610778809,1.7929835319519043,7374437621,Poonam Sagar Road,19.274169342649525,72.86167592288291
5.620909690856934,1.819674015045166,7374443602,Mira Road,19.282917481723832,72.86273746762477
5.452246189117432,2.344705581665039,7374443610,,19.286171771785035,72.86634268744916
2.269731283187866,2.1498820781707764,7374443626,,19.28637520194144,72.86078827355082
4.570582866668701,2.0319151878356934,7384211717,,19.431335728467623,72.81095925193542
5.610043525695801,2.602998733520508,7384211718,,19.43024533799938,72.81026698470285
5.610043525695801,2.602998733520508,7384211719,,19.430256915601564,72.8102785285439
4.846310138702393,1.2038307189941406,7388110212,,19.195588855155737,72.8310619177028
3.617781162261963,3.157444477081299,7388110212,,19.19526049528571,72.83081035246366
2.4462900161743164,1.3286077976226809,7388110212,,19.19386723444933,72.82968264723974
3.494631290435791,1.7181525230407717,7397413848,Chinchoti Anjur Phata Road,19.31632873023589,72.94694041379945
2.1450088024139404,2.8422391414642334,7424284246,,19.4040778923198,72.83156510792836
5.542927265167236,2.3362913131713867,7424284255,Vasant Nagari Road,19.406233908160168,72.82801432804052
0.5,2.716826677322388,7504440536,,19.353404722085923,72.84726658370968
5.8434271812438965,1.264575481414795,8695912820,Bapu Bagve Road,19.258118660238207,72.85366207365571
5.203275203704834,1.4155640602111816,9130240868,Kashmira Road,19.29590770371584,72.85813509847354
3.347321033477783,2.3906092643737797,9130272930,New Golden Nest Road,19.2982179828969,72.86091605373015
4.079813003540039,2.164102554321289,9130272953,Deepak Hospital Road,19.300589526508272,72.86825043483348
3.64284348487854,1.4191787242889404,9130272987,,19.29438607530696,72.87891894311107
2.972938299179077,1.2170302867889404,9130272987,,19.294085191381143,72.87863117726657
5.544430255889893,1.4398093223571775,9339686163,,19.313075563923725,72.85301907395134
5.203031063079834,2.8151755332946777,9742826789,,19.414047755392048,72.79636712635295
0.9574657082557678,2.170135974884033,9763885948,Deepak Hospital Road,19.297556321265183,72.86572665784792
3.7765822410583496,1.3399624824523926,9785013359,Deepak Hospital Road,19.298305112969764,72.86636327754059
3.664640426635742,1.451904296875,9785013359,Deepak Hospital Road,19.29798909421997,72.8660941066301
3.7765822410583496,1.4200682640075684,9785013359,,19.298302818700503,72.86653991007807
3.7765822410583496,1.4200682640075684,9785013376,,19.298280623370307,72.86656497951182
3.222991704940796,2.3533403873443604,9789476079,,19.44791259033598,72.80156079588603
1.5581307411193848,1.5487756729125977,9789476083,,19.44604992977601,72.79942625999186
4.411652088165283,3.23514461517334,9789476097,Premium Park Road,19.44748677769616,72.80242888271138
5.472006797790527,1.4591760635375977,9791793166,,19.373872528236948,72.82816034012947
3.6604042053222656,1.2134418487548828,9835322657,,19.47880275918708,72.8181966517069
5.023921966552734,1.477336883544922,9835322659,,19.47907348471852,72.81877235172823
4.620495796203613,1.8413810729980469,9849907546,,19.43139688458093,72.82054482770636
4.923818111419678,1.76715087890625,9859727558,,19.18751014327521,72.83800615098276
5.677747249603272,1.4587445259094238,9873566456,,19.276460396489945,72.86853777994338
5.683853149414063,1.7719454765319824,9873566456,,19.275703541972376,72.86793611952434
5.0,2.9923696517944336,9909309170,,19.375100292178832,72.82735134158358
4.832833766937256,2.138247489929199,9910883642,,19.4486583257002,72.7968665443298
3.222991704940796,2.3533403873443604,9910883722,,19.44791534930456,72.8015649188109
4.411652088165283,3.23514461517334,9910883723,Premium Park Road,19.447513078515097,72.80240439094143
2.0712404251098637,1.6798241138458252,9910954254,,19.4401829408272,72.8099812340742
3.629566431045532,1.3011071681976318,9911124847,,19.4010749786006,72.82781218823797
3.629566431045532,1.3011071681976318,9911124848,,19.401115685729508,72.82780064765936
5.147787094116211,1.331289291381836,9911248801,,19.408410254172704,72.82553415301321
3.692974328994751,1.503730535507202,9911248804,,19.408581959223525,72.82513043099807
5.147787094116211,1.331289291381836,9911248807,,19.408404146225287,72.8255157466311
3.692974328994751,1.503730535507202,9911248807,,19.408564840728037,72.82513646891616
4.062780380249023,1.3635287284851074,9911267134,,19.39801790343105,72.84010533804557
3.6162145137786874,1.9506266117095947,9911267147,,19.395486100506456,72.84331994200328
3.6162145137786874,1.9506266117095947,9911267152,,19.395487776162497,72.84332370163061
5.586032867431641,1.2144451141357422,9926757723,,19.382148712675143,72.85349284533976
5.7381978034973145,2.015032291412353,9969985740,,19.40216141860515,72.8314545898529
3.692106246948242,3.919203758239746,9976597251,,19.41739459844765,72.8030110936092
4.401382923126221,1.2800116539001465,9990300280,,19.444236030079143,72.81839750757301
5.452246189117432,2.344705581665039,10098169115,,19.286191070368183,72.86638428767657
0.5,2.716826677322388,10130282919,,19.35340221256223,72.84730247319787
5.773638725280762,2.159430980682373,10196336351,,19.35628253503436,72.78849163872044
5.890258312225342,1.2262630462646484,10207387797,,19.29659151612322,72.86859050468897
2.453341484069824,1.354825496673584,10222921149,Param Pujya Shri Mataji Nirmala Devi Marg,19.291618558121325,72.86840572945827
2.0,1.903470993041992,10242247027,,19.19865765312981,72.83168031463687
4.357751846313477,1.9047698974609373,10244276738,,19.421317863619084,72.81746455495242
5.3372063636779785,1.8156757354736328,10248977467,Damu Anna Date Marg,19.207296118795668,72.83955621286559
1.5979726314544678,3.094642877578736,10255079145,,19.28340673091888,72.88352986009251
4.648914813995361,1.6673197746276855,10275282355,,19.37330204015895,72.81458657543443
4.319847106933594,2.662128448486328,10275287380,,19.297472824592948,72.86398944364242
2.4626197814941406,1.3996593952178955,10275299596,,19.346938600897943,72.89219042840254
4.750851154327393,1.5865445137023926,10275299596,,19.34770234594054,72.8924835572227
3.112053394317627,1.3154182434082031,10275299601,Mumbai Delhi Highway,19.34860565302742,72.89273512080125
4.839296817779541,1.2843375205993652,10275299601,Mumbai Delhi Highway,19.35500963818278,72.89322426263966
3.879536390304565,1.6303045749664309,10275328915,Mumbai Delhi Highway,19.329279165967197,72.89420513502753
3.97423243522644,1.392956018447876,10277239770,,19.28410542911675,72.88026631986271
2.9929893016815186,1.7171494960784912,10277239772,,19.283856206372263,72.87998894234244
5.753042221069336,1.2074346542358398,10277252194,Ramdev Park Road,19.29016395500185,72.86440537652618
1.118293285369873,3.615391254425049,10277252199,Om Sai Dham Mandir Marg,19.292340823801776,72.86406008158836
4.923818111419678,1.76715087890625,10277511278,,19.18752369288445,72.83803000955812
5.348193645477295,1.682809352874756,10277547712,,19.181479908564,72.83412869240797
5.8727569580078125,2.036294937133789,10277547720,Goregaon Mulund Link Road,19.1739201218526,72.8379039101149
5.413975238800049,1.877004623413086,10280095018,,19.38076783781457,72.82580955553438
5.977555274963379,3.409724235534668,10291088915,,19.28114498399334,72.87200972818309
3.5568337440490723,3.8863935470581055,10564266718,,19.188067775608623,72.83806016367565
5.774060726165772,1.818909168243408,10565249373,,19.2857559975283,72.88273149464227
5.774060726165772,1.818909168243408,10565249375,,19.28577118176275,72.8827469489496
5.157429218292236,3.783749103546143,10574302009,Uttan Road,19.28461513635731,72.79909590105419
4.3417067527771,3.222170829772949,10574302009,Uttan Road,19.28571887572896,72.7996339574902
1.118293285369873,3.615391254425049,10581425677,Om Sai Dham Mandir Marg,19.29229729515789,72.8640167415262
3.287590265274048,3.3031980991363525,10603711844,Mira Road,19.284775446240516,72.86736883194803
5.130357265472412,2.0502963066101074,10654020923,,19.2929249268806,72.86496548733949
5.130357265472412,2.0502963066101074,10654020923,,19.29292699279565,72.86497357929538
5.625412464141846,2.151472568511963,10725743694,Mumbai Delhi Highway,19.30041581936537,72.90558922198426
4.737544536590576,1.4195852279663086,10867265815,,19.33533780363936,72.80873766410045
4.778902530670166,1.2422404289245603,10867265843,,19.35629937553364,72.81276530255936
4.266939163208008,1.4825458526611328,10867265843,,19.35602657270108,72.8130784864007
4.130450248718262,1.6161866188049316,10880204179,Agashi Rd,19.45362754269216,72.78336619522412
2.0738537311553955,1.2634198665618896,10880204179,,19.450697950317444,72.78541367485057
2.3947887420654297,1.2954483032226562,10880265749,,19.301517738524453,72.83484467419004
3.7087669372558594,1.4081273078918457,10880576113,Malad Marve Road,19.195446665405623,72.80009820021705
1.741929531097412,2.5637311935424805,10926000064,,19.2958361032288,72.86046489296042
4.20878791809082,2.051370143890381,10926000064,,19.295293405239992,72.85971972771576
1.741929531097412,2.5637311935424805,10926000075,,19.295813075239188,72.86040318112724
4.844267845153809,1.5195345878601074,10928628547,Mira Bhayandar Road,19.28644923042543,72.8683442283957
3.362549066543579,1.7664129734039309,10936769480,,19.30268220520691,72.8678913952407
3.362549066543579,1.7664129734039309,10936769482,,19.302643627131346,72.86792997331808
5.562811851501465,1.8116064071655276,10939478901,,19.287409191422697,72.8793454018146
5.678797721862793,1.6978473663330078,10942166733,Late Deepak Dharmaji Patil Marg,19.26242607520153,72.87113492435866
5.125819206237793,2.1841697692871094,11024883907,,19.415005004698155,72.76105911154866
5.729640483856201,1.3629364967346191,11029503119,Mira Bhayandar Road,19.2805531495156,72.87644993448316
1.5,3.4909491539001465,11030001384,Sai River Vatika Road,19.47761236479541,72.929946393418
1.5,3.4909491539001465,11030001384,Sai River Vatika Road,19.47786152038257,72.92960884525424
1.5,4.204755783081055,11030001384,Sai River Vatika Road,19.478142070756565,72.9292988657384
2.478965997695923,2.047713041305542,11031927668,,19.372052830289253,72.76104736256514
3.553874015808105,1.444084644317627,11032029269,,19.427616233893424,72.79304049619651
5.890258312225342,1.2262630462646484,11038782056,,19.296490545985343,72.86854739870337
3.868154287338257,2.786005735397339,11042130192,,19.23801668777242,72.82773050940291
5.600123882293701,5.305761814117432,11042130192,,19.238332479315144,72.82746850668373
4.493863105773926,5.706451416015625,11042130192,,19.23881161444624,72.82601760035408
5.737971305847168,2.0485143661499023,11042130192,,19.2380894824168,72.82484986924779
5.737971305847168,2.0485143661499023,11042182221,,19.237987978521623,72.8247981924379
4.493863105773926,5.706451416015625,11042182221,,19.238809000746254,72.82604136742351
3.855725288391113,2.7024364471435547,11042182221,,19.238556064007614,72.82714736707263
5.600123882293701,5.305761814117432,11042182221,,19.2383175029555,72.82748650199976
5.4207539558410645,2.896975040435791,11052703199,,19.298620250439345,72.84981435783277
4.300370216369629,1.5716490745544434,11057967773,RSC Road Number 16,19.22875103301701,72.82949255781037
3.992771863937378,2.130104780197144,11061026077,,19.28674280557293,72.86647165826524
4.8259382247924805,1.5374226570129397,11066318949,,19.21138022074426,72.81715023834555
5.205451488494873,1.207231044769287,11068212980,,19.297996999183624,72.84233851559573
5.146360874176025,1.4897379875183103,11068787714,,19.178517507426925,72.81557438415672
-1.3493409156799316,3.948055267333984,11121441469,,19.40652009105881,72.82251130181199
5.647807121276856,1.4321537017822266,11138951350,,19.38359863604085,72.83266467373306
5.647807121276856,1.4321537017822266,11138951354,,19.383601500335217,72.83266373826277
4.071649551391602,1.5366368293762207,11330612460,,19.294589283236025,72.84428604271699
4.071649551391602,1.5366368293762207,11330612462,,19.294633428016336,72.84434734423002
5.358180046081543,1.948108196258545,11375644640,,19.26967164522711,72.78238502855181
5.199254989624023,2.485154151916504,11375644640,,19.270149763396574,72.78188746232925
4.221915245056152,2.1599035263061523,11780012876,,19.312045112324427,72.85181462175865
4.851287364959717,1.242164134979248,11786980561,Chikoowadi Road,19.22118534883186,72.83790958452596
3.963695526123047,3.7547430992126474,11919768592,Miragaon Road,19.270429982874266,72.87865795002706
3.879536390304565,1.6021664142608645,11930495015,,19.329111624240024,72.89439019047816
5.789780616760254,1.22672700881958,11930575171,Mumbai Delhi Highway,19.337040912415123,72.89429363490832
4.561398506164551,1.2523107528686523,12339104720,,19.43082574897874,72.81149929647225
5.749017238616943,1.5883474349975586,12354106781,Mira Road,19.28421677922123,72.86619428643678
5.87481689453125,3.298707962036133,12357862112,Ghodbunder Service Road,19.285730715549462,72.94012058408035
5.023535251617432,1.6985855102539062,12357989751,Ghodbunder Service Road,19.28019892886507,72.95591793265659
3.798755168914795,2.61625337600708,12378421930,,19.36928280068345,72.81511924637226
4.769821643829346,1.806440830230713,12390057507,,19.43685632094865,72.81794246517117
5.38451623916626,1.4537324905395508,12390187726,Syama Prasad Mukherjee Road - Evershine City Road,19.404776346691307,72.83641336025576
5.620733737945557,2.149096965789795,12553660967,,19.28109737709845,72.87560085157689
4.641852855682373,1.388892650604248,12553660967,,19.28003657111008,72.8770813983638
5.333056449890137,2.1258292198181152,12553660977,Mira Bhayandar Road,19.282991192053192,72.87281921144235
5.114995002746582,1.5928587913513184,12553660977,Mira Bhayandar Road,19.28373313403949,72.87180024334987
5.34067440032959,1.5204930305480957,12649792743,Railway station Rd,19.272524776832373,72.86080544597223
5.083158493041992,1.557992935180664,12717661201,,19.38316788612107,72.82091516909267
4.02079963684082,1.9600238800048828,12717742691,,19.357751211798643,72.86648897526489
3.632652282714844,1.7213568687438965,12717742691,,19.357378336589164,72.86648690974043
4.779155254364014,3.0246071815490723,12797384559,Thane Ghodbunder Road,19.28150084481692,72.90846270111489
2.9898009300231934,2.2310705184936523,12797384559,Thane Ghodbunder Road,19.27402831989613,72.9147767290171
5.750325202941895,1.4227471351623535,12797384559,Thane Ghodbunder Road,19.27538516697373,72.91595644383051
5.150651931762695,1.8356781005859373,12803867698,Sai Mandir Marg,19.27584019811796,72.86502435553183
4.512670516967773,1.7538633346557615,12901334175,Sector-1 Internal Road,19.280073035736883,72.85936725627766
4.512670516967773,1.7538633346557615,12901334183,Sector-1 Internal Road,19.280076329647976,72.8593664476717
4.697267532348633,2.4966917037963867,12919484747,Sector-5 internal Rd,19.28171617433069,72.86261731577605
2.3824031352996826,7.057934761047363,13037031255,,19.19482621396081,72.84014529008292
2.3824031352996826,7.057934761047363,13037031267,,19.195044359797624,72.8402428970908
2.3824031352996826,7.057934761047363,13037031267,,19.1948434717545,72.84017215059262
4.742179393768311,1.2800378799438477,13420509725,Virar Garden Road,19.44451659752418,72.80077584560308
3.992771863937378,2.130104780197144,13420718477,,19.28681179064336,72.86644444486176
3.1757380962371826,1.2518484592437744,13479985737,,19.287568923235373,72.93994976341034
5.097900867462158,2.5691781044006348,13526518111,,19.37158522785727,72.7851351661353
4.541916847229004,1.209977149963379,13526518115,,19.373760999276172,72.78363906254451
4.541916847229004,1.209977149963379,13526518120,,19.37376475041973,72.78363686889126
3.041870355606079,1.583214521408081,13584203893,Bapu Bagve Road,19.255777857271298,72.8560056606226
1.0,1.9567711353302,13586189165,,19.34821275356533,72.89044853697
1.0,1.9567711353302,13586192211,,19.348210054495222,72.89045504367441
4.079813003540039,2.164102554321289,13593361283,Deepak Hospital Road,19.30057132733908,72.86823406236421
5.999414443969727,2.257091522216797,13594835491,,19.31064977842249,72.85589485309424
5.999414443969727,2.257091522216797,13594835494,,19.310650021585037,72.85589494683904
3.621610641479492,1.4343013763427734,13595147042,,19.31341041653319,72.85603083728496
4.018024921417236,3.9934935569763184,13597535917,Kanungo Road,19.292027530402844,72.85889526165249
5.775203227996826,2.230837345123291,13601941449,Ghodbunder Service Road,19.2788844491119,72.9567668210011
3.955660104751587,2.17925763130188,13609142492,,19.297182328836367,72.85232310195927
4.341033935546875,1.403486728668213,13613845571,,19.30378943234193,72.84677910194235
4.72444486618042,3.7216639518737793,13651615237,Boraspada Road,19.212253331648714,72.84711911441693
4.806565284729004,3.657591819763184,13654019771,,19.191509415789746,72.83679154462489
4.48344612121582,1.9735074043273928,13757946303,,19.3626473569007,72.84546445332997
5.105813980102539,2.4455060958862305,13819263252,,19.199768339527704,72.82167421052684
3.674027442932129,1.5235042572021484,13840173346,Srishti Road,19.274437257402525,72.8697836339061
5.92979907989502,1.253281593322754,13840831907,,19.272433202505862,72.88940589833257
5.885951995849609,1.6342473030090332,13859586518,Thane Ghodbunder Road,19.286162972823867,72.93746398424747
4.658478260040283,1.2049846649169922,13859586518,Thane Ghodbunder Road,19.286749336049443,72.9380139261091
3.107266902923584,1.729691982269287,13896594157,,19.16861837244123,72.96660289885169
5.096131324768066,1.915987968444824,13904203209,,19.2392919757307,72.84317970791831
0.7507662773132324,1.666414499282837,13909066662,Virar - Nailasopara Link Road,19.439764975949927,72.80732341917057
4.014741897583008,1.217848300933838,13911624188,,19.430961757833902,72.81028108173838
3.692106246948242,3.919203758239746,13911750727,,19.417369350307,72.80299229195957
4.881750583648682,1.2694039344787598,13911824419,,19.411927468406773,72.80146197863341
5.133029460906982,1.820052146911621,13942076728,Christian Ali Road,19.440051984447244,72.79665718404283
