{
"type": "FeatureCollection",
"name": "high_risk_water_logging",
"crs": { "type": "name", "properties": { "name": "urn:ogc:def:crs:OGC:1.3:CRS84" } },
"features": [
{ "type": "Feature", "properties": { "elevation": 4.592501163482666, "depth": 3.033149242401123, "osmid": 245661519, "name": [ "nan" ] }, "geometry": { "type": "Point", "coordinates": [ 73.039849228347293, 19.024106014270796 ] } },
{ "type": "Feature", "properties": { "elevation": 1.7922681570053101, "depth": 1.6341301202774048, "osmid": 245662471, "name": [ "nan" ] }, "geometry": { "type": "Point", "coordinates": [ 73.08451247439335, 19.032996887483147 ] } },
{ "type": "Feature", "properties": { "elevation": 4.7444014549255371, "depth": 2.9361820220947266, "osmid": 341820861, "name": [ "Sector 29 Vashi Road" ] }, "geometry": { "type": "Point", "coordinates": [ 73.007827774767264, 19.088857511890193 ] } },
{ "type": "Feature", "properties": { "elevation": 4.923241138458252, "depth": 1.3262720108032227, "osmid": 341820861, "name": [ "Sector 29 Vashi Road" ] }, "geometry": { "type": "Point", "coordinates": [ 73.00734173974611, 19.089140726482395 ] } },
{ "type": "Feature", "properties": { "elevation": 5.4758000373840332, "depth": 1.5286035537719727, "osmid": 341831017, "name": [ "Thane Belapur Road" ] }, "geometry": { "type": "Point", "coordinates": [ 73.017427463287504, 19.092432033735957 ] } },
{ "type": "Feature", "properties": { "elevation": 4.0699234008789062, "depth": 1.750699520111084, "osmid": 341943797, "name": [ "nan" ] }, "geometry": { "type": "Point", "coordinates": [ 73.089488437250381, 19.072086323351673 ] } },
{ "type": "Feature", "properties": { "elevation": 5.9737148284912109, "depth": 1.3122286796569824, "osmid": 344651900, "name": [ "Juinagar Station Service Road" ] }, "geometry": { "type": "Point", "coordinates": [ 73.019073557426069, 19.052698995094509 ] } },
{ "type": "Feature", "properties": { "elevation": 4.4449925422668457, "depth": 2.541801929473877, "osmid": 344887040, "name": [ "nan" ] }, "geometry": { "type": "Point", "coordinates": [ 73.01628616280685, 19.049369420333331 ] } },
{ "type": "Feature", "properties": { "elevation": 5.8563714027404785, "depth": 1.2003889083862305, "osmid": 344887601, "name": [ "Pundalik Mahadu Patil Marg" ] }, "geometry": { "type": "Point", "coordinates": [ 73.014810050605107, 19.048227086694236 ] } },
{ "type": "Feature", "properties": { "elevation": 4.1282172203063965, "depth": 2.8234772682189941, "osmid": 344887601, "name": [ "Pundalik Mahadu Patil Marg" ] }, "geometry": { "type": "Point", "coordinates": [ 73.015126710343921, 19.047954055374806 ] } },
{ "type": "Feature", "properties": { "elevation": 5.8563714027404785, "depth": 1.2003889083862305, "osmid": 344887634, "name": [ "Pundalik Mahadu Patil Marg" ] }, "geometry": { "type": "Point", "coordinates": [ 73.014825369435897, 19.048213877684951 ] } },
{ "type": "Feature", "properties": { "elevation": 4.7950143814086914, "depth": 1.4636015892028809, "osmid": 344887863, "name": [ "Akhandanand Saraswati Marg" ] }, "geometry": { "type": "Point", "coordinates": [ 73.013114536610658, 19.046592233852977 ] } },
{ "type": "Feature", "properties": { "elevation": 4.458315372467041, "depth": 1.3510556221008301, "osmid": 344889238, "name": [ "nan" ] }, "geometry": { "type": "Point", "coordinates": [ 73.024100695467212, 19.012987601045598 ] } },
{ "type": "Feature", "properties": { "elevation": 4.495171070098877, "depth": 1.4482030868530273, "osmid": 344890457, "name": [ "Shiravne Service Road" ] }, "geometry": { "type": "Point", "coordinates": [ 73.019684934341299, 19.051890604112735 ] } },
{ "type": "Feature", "properties": { "elevation": 5.3100318908691406, "depth": 2.9833030700683594, "osmid": 385752404, "name": [ "nan" ] }, "geometry": { "type": "Point", "coordinates": [ 73.013383729609217, 19.063680311718972 ] } },
{ "type": "Feature", "properties": { "elevation": 5.6823029518127441, "depth": 3.428128719329834, "osmid": 386422359, "name": [ "Thane Belapur Road" ] }, "geometry": { "type": "Point", "coordinates": [ 73.019187346176508, 19.065697986338787 ] } },
{ "type": "Feature", "properties": { "elevation": 4.9460220336914062, "depth": 1.8130507469177246, "osmid": 457089613, "name": [ "Patni Road" ] }, "geometry": { "type": "Point", "coordinates": [ 72.991213714661683, 19.158838336611176 ] } },
{ "type": "Feature", "properties": { "elevation": 5.7509984970092773, "depth": 2.5107393264770508, "osmid": 474660048, "name": [ "nan" ] }, "geometry": { "type": "Point", "coordinates": [ 73.015195700538953, 19.019852653914334 ] } },
{ "type": "Feature", "properties": { "elevation": 4.5393209457397461, "depth": 1.3394365310668945, "osmid": 478481915, "name": [ "Dausha Ram Mahatrey Marg" ] }, "geometry": { "type": "Point", "coordinates": [ 73.035581451283022, 19.008404748392458 ] } },
{ "type": "Feature", "properties": { "elevation": 4.7602086067199707, "depth": 1.9165887832641602, "osmid": 478481919, "name": [ "nan" ] }, "geometry": { "type": "Point", "coordinates": [ 73.037518681469891, 19.008336363620192 ] } },
{ "type": "Feature", "properties": { "elevation": 5.3881244659423828, "depth": 1.887077808380127, "osmid": 478481941, "name": [ "nan" ] }, "geometry": { "type": "Point", "coordinates": [ 73.037196202021619, 19.01383600352197 ] } },
{ "type": "Feature", "properties": { "elevation": 3.4884300231933594, "depth": 1.3173837661743164, "osmid": 478481945, "name": [ "Gopinath Panda Patil Marg" ] }, "geometry": { "type": "Point", "coordinates": [ 73.037791579640924, 19.011992353742322 ] } },
{ "type": "Feature", "properties": { "elevation": 3.1517581939697266, "depth": 7.7751913070678711, "osmid": 478490052, "name": [ "Darave Road" ] }, "geometry": { "type": "Point", "coordinates": [ 73.020043434151134, 19.02454690745553 ] } },
{ "type": "Feature", "properties": { "elevation": 1.7600387334823608, "depth": 1.2074469327926636, "osmid": 571733345, "name": [ "JNPT Road" ] }, "geometry": { "type": "Point", "coordinates": [ 73.019673415730708, 18.906804053411289 ] } },
{ "type": "Feature", "properties": { "elevation": 2.3676228523254395, "depth": 1.3939423561096191, "osmid": 571733345, "name": [ "JNPT Road" ] }, "geometry": { "type": "Point", "coordinates": [ 73.016887551370957, 18.904921444327993 ] } },
{ "type": "Feature", "properties": { "elevation": 2.035355806350708, "depth": 1.7390315532684326, "osmid": 571733345, "name": [ "JNPT Road" ] }, "geometry": { "type": "Point", "coordinates": [ 73.016081497652721, 18.904363777340365 ] } },
{ "type": "Feature", "properties": { "elevation": 4.3751053810119629, "depth": 1.7852954864501953, "osmid": 571733345, "name": [ "JNPT Road" ] }, "geometry": { "type": "Point", "coordinates": [ 73.011174224385982, 18.900881150267782 ] } },
{ "type": "Feature", "properties": { "elevation": 2.395838737487793, "depth": 1.3552594184875488, "osmid": 571733574, "name": [ "nan" ] }, "geometry": { "type": "Point", "coordinates": [ 72.993433734531266, 18.899551542287035 ] } },
{ "type": "Feature", "properties": { "elevation": 1.4787285327911377, "depth": 2.1263563632965088, "osmid": 571733758, "name": [ "Uran Koproli Road" ] }, "geometry": { "type": "Point", "coordinates": [ 73.00846924975589, 18.862259097651339 ] } },
{ "type": "Feature", "properties": { "elevation": 1.4787285327911377, "depth": 2.1263563632965088, "osmid": 571733766, "name": [ "Uran Koproli Road" ] }, "geometry": { "type": "Point", "coordinates": [ 73.008497594068558, 18.862241683213075 ] } },
{ "type": "Feature", "properties": { "elevation": 3.8944287300109863, "depth": 3.2016744613647461, "osmid": 571736188, "name": [ "Panvel Uran Road" ] }, "geometry": { "type": "Point", "coordinates": [ 72.980851254995002, 18.897183061976456 ] } },
{ "type": "Feature", "properties": { "elevation": 4.7355270385742188, "depth": 1.2128057479858398, "osmid": 628975373, "name": [ "nan" ] }, "geometry": { "type": "Point", "coordinates": [ 72.978948418737616, 18.901766444833832 ] } },
{ "type": "Feature", "properties": { "elevation": 2.2243599891662598, "depth": 2.1371417045593262, "osmid": 680015166, "name": [ "nan" ] }, "geometry": { "type": "Point", "coordinates": [ 73.090939897558968, 19.031207210945734 ] } },
{ "type": "Feature", "properties": { "elevation": 0.5, "depth": 2.8825953006744385, "osmid": 680015166, "name": [ "nan" ] }, "geometry": { "type": "Point", "coordinates": [ 73.089468073967765, 19.031719252839487 ] } },
{ "type": "Feature", "properties": { "elevation": 4.0764422416687012, "depth": 1.2628316879272461, "osmid": 680015166, "name": [ "nan" ] }, "geometry": { "type": "Point", "coordinates": [ 73.088664586631026, 19.031996790943069 ] } },
{ "type": "Feature", "properties": { "elevation": 5.3642978668212891, "depth": 1.3767900466918945, "osmid": 683793337, "name": [ "nan" ] }, "geometry": { "type": "Point", "coordinates": [ 73.096187846303508, 19.0089999789388 ] } },
{ "type": "Feature", "properties": { "elevation": 5.7109541893005371, "depth": 1.297905445098877, "osmid": 683806787, "name": [ "Mahatma Gandhi Road" ] }, "geometry": { "type": "Point", "coordinates": [ 73.103045767580653, 18.989577048850677 ] } },
{ "type": "Feature", "properties": { "elevation": 2.9064943790435791, "depth": 1.3151304721832275, "osmid": 683806795, "name": [ "Bandar Road" ] }, "geometry": { "type": "Point", "coordinates": [ 73.098125338439374, 18.991135419696487 ] } },
{ "type": "Feature", "properties": { "elevation": 2.5460655689239502, "depth": 1.2052035331726074, "osmid": 683813616, "name": [ "Uran Road" ] }, "geometry": { "type": "Point", "coordinates": [ 73.098682761860928, 18.997039896422585 ] } },
{ "type": "Feature", "properties": { "elevation": 2.58223557472229, "depth": 1.4244754314422607, "osmid": 683813616, "name": [ "Uran Road" ] }, "geometry": { "type": "Point", "coordinates": [ 73.098116354243857, 18.995655110183339 ] } },
{ "type": "Feature", "properties": { "elevation": 2.7620368003845215, "depth": 2.2567124366760254, "osmid": 683813616, "name": [ "Uran Road" ] }, "geometry": { "type": "Point", "coordinates": [ 73.097582308060439, 18.994854636359388 ] } },
{ "type": "Feature", "properties": { "elevation": 3.817655086517334, "depth": 1.8619699478149414, "osmid": 683813616, "name": [ "Uran Road" ] }, "geometry": { "type": "Point", "coordinates": [ 73.09731938761449, 18.994644822804304 ] } },
{ "type": "Feature", "properties": { "elevation": 4.9294099807739258, "depth": 1.4528079032897949, "osmid": 683819162, "name": [ "nan" ] }, "geometry": { "type": "Point", "coordinates": [ 73.101456909258019, 18.994620350951585 ] } },
{ "type": "Feature", "properties": { "elevation": 4.9294099807739258, "depth": 1.4528079032897949, "osmid": 683819171, "name": [ "nan" ] }, "geometry": { "type": "Point", "coordinates": [ 73.101426222975462, 18.994649526391001 ] } },
{ "type": "Feature", "properties": { "elevation": 4.9344649314880371, "depth": 1.4712529182434082, "osmid": 693415872, "name": [ "nan" ] }, "geometry": { "type": "Point", "coordinates": [ 73.016227336795765, 18.935929342351532 ] } },
{ "type": "Feature", "properties": { "elevation": 4.7190284729003906, "depth": 2.4408421516418457, "osmid": 693416470, "name": [ "nan" ] }, "geometry": { "type": "Point", "coordinates": [ 72.970287513517079, 18.962930365071504 ] } },
{ "type": "Feature", "properties": { "elevation": 4.5191607475280762, "depth": 1.2547955513000488, "osmid": 696847679, "name": [ "nan" ] }, "geometry": { "type": "Point", "coordinates": [ 73.112228218078855, 19.029825759017495 ] } },
{ "type": "Feature", "properties": { "elevation": 3.5, "depth": 6.3605489730834961, "osmid": 698835354, "name": [ "nan" ] }, "geometry": { "type": "Point", "coordinates": [ 73.130079180823756, 18.974120165725271 ] } },
{ "type": "Feature", "properties": { "elevation": 3.4365155696868896, "depth": 1.2640788555145264, "osmid": 808631834, "name": [ "nan" ] }, "geometry": { "type": "Point", "coordinates": [ 73.017144375364992, 18.907577411951738 ] } },
{ "type": "Feature", "properties": { "elevation": 3.9154899120330811, "depth": 1.7766916751861572, "osmid": 808631834, "name": [ "nan" ] }, "geometry": { "type": "Point", "coordinates": [ 73.016005323783531, 18.906764645034418 ] } },
{ "type": "Feature", "properties": { "elevation": 3.449049711227417, "depth": 1.4572641849517822, "osmid": 809924976, "name": [ "nan" ] }, "geometry": { "type": "Point", "coordinates": [ 73.007469007660077, 18.902106062669713 ] } },
{ "type": "Feature", "properties": { "elevation": 4.4572033882141113, "depth": 1.2008614540100098, "osmid": 809924976, "name": [ "nan" ] }, "geometry": { "type": "Point", "coordinates": [ 73.013946730698194, 18.904559350561605 ] } },
{ "type": "Feature", "properties": { "elevation": 5.6842513084411621, "depth": 2.7938971519470215, "osmid": 809924976, "name": [ "nan" ] }, "geometry": { "type": "Point", "coordinates": [ 73.013443798879052, 18.905216447316867 ] } },
{ "type": "Feature", "properties": { "elevation": 4.9267559051513672, "depth": 1.5735635757446289, "osmid": 809924976, "name": [ "nan" ] }, "geometry": { "type": "Point", "coordinates": [ 73.01319177603213, 18.905544609439463 ] } },
{ "type": "Feature", "properties": { "elevation": 5.0904750823974609, "depth": 2.5351753234863281, "osmid": 810152155, "name": [ "nan" ] }, "geometry": { "type": "Point", "coordinates": [ 73.040207433522696, 19.023812365815466 ] } },
{ "type": "Feature", "properties": { "elevation": 3.9190473556518555, "depth": 1.3414425849914551, "osmid": 810156754, "name": [ "Sion-Panvel Highway" ] }, "geometry": { "type": "Point", "coordinates": [ 73.081716520328683, 19.035234908028404 ] } },
{ "type": "Feature", "properties": { "elevation": 5.3324708938598633, "depth": 1.242159366607666, "osmid": 810170733, "name": [ "nan" ] }, "geometry": { "type": "Point", "coordinates": [ 73.101712811532764, 19.021475564140104 ] } },
{ "type": "Feature", "properties": { "elevation": 4.1940250396728516, "depth": 1.2127151489257812, "osmid": 810170940, "name": "['Sion-Panvel Highway' 'Kamothe Flyover']" }, "geometry": { "type": "Point", "coordinates": [ 73.093713572374924, 19.027070186297227 ] } },
{ "type": "Feature", "properties": { "elevation": 5.7269463539123535, "depth": 2.1556391716003418, "osmid": 904356123, "name": [ "Pravesh Marg" ] }, "geometry": { "type": "Point", "coordinates": [ 73.065402458366179, 19.033056223674521 ] } },
{ "type": "Feature", "properties": { "elevation": 5.8630485534667969, "depth": 1.6819190979003906, "osmid": 904357290, "name": "['Hiranandani Service Road' 'Kharghar Police Station Road']" }, "geometry": { "type": "Point", "coordinates": [ 73.067842320246257, 19.034132903225963 ] } },
{ "type": "Feature", "properties": { "elevation": 5.9771852493286133, "depth": 3.0774974822998047, "osmid": 904357290, "name": "['Hiranandani Service Road' 'Kharghar Police Station Road']" }, "geometry": { "type": "Point", "coordinates": [ 73.067501025504214, 19.033888220672516 ] } },
{ "type": "Feature", "properties": { "elevation": 5.9771852493286133, "depth": 3.0774974822998047, "osmid": 904357292, "name": "['Hiranandani Service Road' 'Kharghar Police Station Road']" }, "geometry": { "type": "Point", "coordinates": [ 73.067492461039706, 19.033882201460077 ] } },
{ "type": "Feature", "properties": { "elevation": 5.8630485534667969, "depth": 1.6819190979003906, "osmid": 904357292, "name": "['Hiranandani Service Road' 'Kharghar Police Station Road']" }, "geometry": { "type": "Point", "coordinates": [ 73.067833824466987, 19.034126796594066 ] } },
{ "type": "Feature", "properties": { "elevation": 5.9196295738220215, "depth": 2.0694403648376465, "osmid": 904357884, "name": [ "nan" ] }, "geometry": { "type": "Point", "coordinates": [ 73.063093522207538, 19.036152709710134 ] } },
{ "type": "Feature", "properties": { "elevation": 5.8554387092590332, "depth": 3.2942671775817871, "osmid": 904357884, "name": [ "nan" ] }, "geometry": { "type": "Point", "coordinates": [ 73.062856538136401, 19.035821689577094 ] } },
{ "type": "Feature", "properties": { "elevation": 5.0865421295166016, "depth": 1.5865936279296875, "osmid": 904358332, "name": [ "nan" ] }, "geometry": { "type": "Point", "coordinates": [ 73.063642857803401, 19.035225771068674 ] } },
{ "type": "Feature", "properties": { "elevation": 5.8554387092590332, "depth": 3.2942671775817871, "osmid": 904358332, "name": [ "nan" ] }, "geometry": { "type": "Point", "coordinates": [ 73.062856574765235, 19.035790848018031 ] } },
{ "type": "Feature", "properties": { "elevation": 5.9196295738220215, "depth": 2.0694403648376465, "osmid": 904358332, "name": [ "nan" ] }, "geometry": { "type": "Point", "coordinates": [ 73.063073995923489, 19.036128085078992 ] } },
{ "type": "Feature", "properties": { "elevation": 4.4252252578735352, "depth": 2.2336344718933105, "osmid": 904360058, "name": "['Service Road' 'Post Office Road']" }, "geometry": { "type": "Point", "coordinates": [ 73.064533218899314, 19.031791226583245 ] } },
{ "type": "Feature", "properties": { "elevation": 4.0408778190612793, "depth": 1.2600579261779785, "osmid": 968835772, "name": [ "nan" ] }, "geometry": { "type": "Point", "coordinates": [ 73.107952219738266, 19.002057776529593 ] } },
{ "type": "Feature", "properties": { "elevation": 3.6977684497833252, "depth": 1.7031762599945068, "osmid": 968909587, "name": [ "Sion-Panvel Highway" ] }, "geometry": { "type": "Point", "coordinates": [ 73.070642747288133, 19.035239665466978 ] } },
{ "type": "Feature", "properties": { "elevation": 5.2723135948181152, "depth": 2.5442924499511719, "osmid": 968909879, "name": [ "nan" ] }, "geometry": { "type": "Point", "coordinates": [ 73.039264437972193, 19.024672261797509 ] } },
{ "type": "Feature", "properties": { "elevation": 4.5432944297790527, "depth": 4.0208954811096191, "osmid": 968909879, "name": [ "nan" ] }, "geometry": { "type": "Point", "coordinates": [ 73.039590667848685, 19.024409659424915 ] } },
{ "type": "Feature", "properties": { "elevation": 4.592501163482666, "depth": 3.033149242401123, "osmid": 968909879, "name": [ "nan" ] }, "geometry": { "type": "Point", "coordinates": [ 73.039916896715397, 19.024147056376801 ] } },
{ "type": "Feature", "properties": { "elevation": 5.3687553405761719, "depth": 2.8873615264892578, "osmid": 1078664188, "name": "['Sion-Panvel Highway' 'Kalamboli Flyover']" }, "geometry": { "type": "Point", "coordinates": [ 73.100285068349024, 19.022268027416956 ] } },
{ "type": "Feature", "properties": { "elevation": 4.8060555458068848, "depth": 1.2921948432922363, "osmid": 1160802006, "name": [ "Mar Theophilus Marg" ] }, "geometry": { "type": "Point", "coordinates": [ 72.997855336098766, 19.084440916920748 ] } },
{ "type": "Feature", "properties": { "elevation": 4.8060555458068848, "depth": 4.3856863975524902, "osmid": 1160802006, "name": [ "Juhu Chowpatty Road" ] }, "geometry": { "type": "Point", "coordinates": [ 72.997659199955493, 19.084405794293907 ] } },
{ "type": "Feature", "properties": { "elevation": 4.9615459442138672, "depth": 2.6594595909118652, "osmid": 1160812529, "name": [ "Brahmakumaris Marg" ] }, "geometry": { "type": "Point", "coordinates": [ 73.003751391310416, 19.084973443641225 ] } },
{ "type": "Feature", "properties": { "elevation": 5.1614670753479004, "depth": 2.5534296035766602, "osmid": 1160812529, "name": [ "nan" ] }, "geometry": { "type": "Point", "coordinates": [ 73.002653907348389, 19.085551453681539 ] } },
{ "type": "Feature", "properties": { "elevation": 5.1761250495910645, "depth": 3.8342461585998535, "osmid": 1160812546, "name": [ "nan" ] }, "geometry": { "type": "Point", "coordinates": [ 73.005229458662583, 19.089158826329026 ] } },
{ "type": "Feature", "properties": { "elevation": 3.321378231048584, "depth": 3.2422628402709961, "osmid": 1160812547, "name": [ "nan" ] }, "geometry": { "type": "Point", "coordinates": [ 73.00554027828818, 19.088186132669122 ] } },
{ "type": "Feature", "properties": { "elevation": 5.5712032318115234, "depth": 4.0336446762084961, "osmid": 1160812547, "name": [ "nan" ] }, "geometry": { "type": "Point", "coordinates": [ 73.004761369657174, 19.08800225829285 ] } },
{ "type": "Feature", "properties": { "elevation": 5.0679192543029785, "depth": 2.1441326141357422, "osmid": 1160812558, "name": [ "Kopri Road" ] }, "geometry": { "type": "Point", "coordinates": [ 73.006123984374042, 19.086857406726754 ] } },
{ "type": "Feature", "properties": { "elevation": 5.0512075424194336, "depth": 2.2577691078186035, "osmid": 1160812566, "name": [ "nan" ] }, "geometry": { "type": "Point", "coordinates": [ 73.006655798558739, 19.086905842629015 ] } },
{ "type": "Feature", "properties": { "elevation": 5.0679192543029785, "depth": 2.1441326141357422, "osmid": 1160812566, "name": [ "Kopri Road" ] }, "geometry": { "type": "Point", "coordinates": [ 73.006142216508181, 19.086885834990543 ] } },
{ "type": "Feature", "properties": { "elevation": 5.8681783676147461, "depth": 1.5984539985656738, "osmid": 1164612062, "name": [ "Mar Theophilus Marg" ] }, "geometry": { "type": "Point", "coordinates": [ 72.998946161770817, 19.08358682580765 ] } },
{ "type": "Feature", "properties": { "elevation": 5.6951041221618652, "depth": 2.3217225074768066, "osmid": 1164614042, "name": [ "nan" ] }, "geometry": { "type": "Point", "coordinates": [ 73.001878619003605, 19.080396897883517 ] } },
{ "type": "Feature", "properties": { "elevation": 5.9252252578735352, "depth": 1.8753767013549805, "osmid": 1164614045, "name": [ "nan" ] }, "geometry": { "type": "Point", "coordinates": [ 73.000125766599879, 19.080868006266918 ] } },
{ "type": "Feature", "properties": { "elevation": 5.9252252578735352, "depth": 2.4770374298095703, "osmid": 1164614045, "name": [ "nan" ] }, "geometry": { "type": "Point", "coordinates": [ 72.999928332033207, 19.080830940601416 ] } },
{ "type": "Feature", "properties": { "elevation": 4.9066038131713867, "depth": 2.0181283950805664, "osmid": 1164614047, "name": [ "PKC Road" ] }, "geometry": { "type": "Point", "coordinates": [ 73.001687865685568, 19.07896613637369 ] } },
{ "type": "Feature", "properties": { "elevation": 5.6951041221618652, "depth": 2.3217225074768066, "osmid": 1164614048, "name": [ "nan" ] }, "geometry": { "type": "Point", "coordinates": [ 73.001915945046775, 19.080452525576732 ] } },
{ "type": "Feature", "properties": { "elevation": 5.6951041221618652, "depth": 1.2873539924621582, "osmid": 1164614048, "name": [ "nan" ] }, "geometry": { "type": "Point", "coordinates": [ 73.001721484177907, 19.080414527051808 ] } },
{ "type": "Feature", "properties": { "elevation": 5.9252252578735352, "depth": 2.4770374298095703, "osmid": 1164614060, "name": [ "nan" ] }, "geometry": { "type": "Point", "coordinates": [ 72.999926305623887, 19.080828056932148 ] } },
{ "type": "Feature", "properties": { "elevation": 5.8899531364440918, "depth": 1.4240536689758301, "osmid": 1209016089, "name": [ "Thane Belapur Road" ] }, "geometry": { "type": "Point", "coordinates": [ 73.000452031299091, 19.154536637821003 ] } },
{ "type": "Feature", "properties": { "elevation": 4.7484054565429688, "depth": 2.1720118522644043, "osmid": 1271126541, "name": [ "Thane Belapur Road" ] }, "geometry": { "type": "Point", "coordinates": [ 72.995224845996944, 19.182135203425293 ] } },
{ "type": "Feature", "properties": { "elevation": 5.9518313407897949, "depth": 1.7474675178527832, "osmid": 1341432653, "name": [ "nan" ] }, "geometry": { "type": "Point", "coordinates": [ 73.00932933108146, 19.033447912244426 ] } },
{ "type": "Feature", "properties": { "elevation": 3.1382782459259033, "depth": 4.419581413269043, "osmid": 1445192180, "name": [ "Baban Patil Marg" ] }, "geometry": { "type": "Point", "coordinates": [ 73.001675594158783, 19.089918460408203 ] } },
{ "type": "Feature", "properties": { "elevation": 3.1382782459259033, "depth": 4.419581413269043, "osmid": 1445193391, "name": [ "Baban Patil Marg" ] }, "geometry": { "type": "Point", "coordinates": [ 73.001725472931682, 19.089889191898219 ] } },
{ "type": "Feature", "properties": { "elevation": 5.6842513084411621, "depth": 2.7938971519470215, "osmid": 1446379997, "name": [ "nan" ] }, "geometry": { "type": "Point", "coordinates": [ 73.013414746941692, 18.90525427630028 ] } },
{ "type": "Feature", "properties": { "elevation": 4.4572033882141113, "depth": 1.2008614540100098, "osmid": 1446379997, "name": [ "nan" ] }, "geometry": { "type": "Point", "coordinates": [ 73.013917757411107, 18.904597234086673 ] } },
{ "type": "Feature", "properties": { "elevation": 2.082695484161377, "depth": 1.3871853351593018, "osmid": 1645780878, "name": [ "nan" ] }, "geometry": { "type": "Point", "coordinates": [ 72.98991463174589, 18.913749579802865 ] } },
{ "type": "Feature", "properties": { "elevation": 1.2192411422729492, "depth": 1.8343698978424072, "osmid": 1645780883, "name": [ "nan" ] }, "geometry": { "type": "Point", "coordinates": [ 72.989262071435817, 18.915235820459039 ] } },
{ "type": "Feature", "properties": { "elevation": 5.2846693992614746, "depth": 1.8116545677185059, "osmid": 1645780911, "name": [ "nan" ] }, "geometry": { "type": "Point", "coordinates": [ 73.028856272780487, 18.924296776576739 ] } },
{ "type": "Feature", "properties": { "elevation": 2.796208381652832, "depth": 1.3300843238830566, "osmid": 1645781019, "name": [ "Panvel Uran Road" ] }, "geometry": { "type": "Point", "coordinates": [ 73.014636339761779, 18.925413866717129 ] } },
{ "type": "Feature", "properties": { "elevation": 3.0976464748382568, "depth": 1.5390489101409912, "osmid": 1645781019, "name": [ "Panvel Uran Road" ] }, "geometry": { "type": "Point", "coordinates": [ 73.014098791919025, 18.924307200965654 ] } },
{ "type": "Feature", "properties": { "elevation": 2.548314094543457, "depth": 1.4779648780822754, "osmid": 1645781019, "name": [ "Panvel Uran Road" ] }, "geometry": { "type": "Point", "coordinates": [ 73.013830457849295, 18.923829576540076 ] } },
{ "type": "Feature", "properties": { "elevation": 3.3134753704071045, "depth": 1.6278512477874756, "osmid": 1645781019, "name": [ "Panvel Uran Road" ] }, "geometry": { "type": "Point", "coordinates": [ 73.012686224540985, 18.921955012192683 ] } },
{ "type": "Feature", "properties": { "elevation": 2.4070401191711426, "depth": 1.5731921195983887, "osmid": 1645781019, "name": [ "Panvel Uran Road" ] }, "geometry": { "type": "Point", "coordinates": [ 73.010183298330475, 18.917854384988523 ] } },
{ "type": "Feature", "properties": { "elevation": 1.6501392126083374, "depth": 1.8214102983474731, "osmid": 1645781019, "name": [ "Panvel Uran Road" ] }, "geometry": { "type": "Point", "coordinates": [ 73.009325178784394, 18.916448450073908 ] } },
{ "type": "Feature", "properties": { "elevation": 2.1783699989318848, "depth": 1.7607223987579346, "osmid": 1645781019, "name": [ "Panvel Uran Road" ] }, "geometry": { "type": "Point", "coordinates": [ 73.007122130631501, 18.913998157767644 ] } },
{ "type": "Feature", "properties": { "elevation": 2.2291660308837891, "depth": 1.8493595123291016, "osmid": 1645781019, "name": [ "Panvel Uran Road" ] }, "geometry": { "type": "Point", "coordinates": [ 73.006798943526533, 18.913732416829433 ] } },
{ "type": "Feature", "properties": { "elevation": 2.39107346534729, "depth": 1.3622233867645264, "osmid": 1645781019, "name": [ "Panvel Uran Road" ] }, "geometry": { "type": "Point", "coordinates": [ 73.005686755728817, 18.912891265179997 ] } },
{ "type": "Feature", "properties": { "elevation": 1.7342209815979004, "depth": 1.4376873970031738, "osmid": 1645781019, "name": [ "Panvel Uran Road" ] }, "geometry": { "type": "Point", "coordinates": [ 73.003401741989364, 18.911513592686919 ] } },
{ "type": "Feature", "properties": { "elevation": 4.1337847709655762, "depth": 2.3997392654418945, "osmid": 1645802103, "name": [ "nan" ] }, "geometry": { "type": "Point", "coordinates": [ 73.088261436114522, 19.024074175707906 ] } },
{ "type": "Feature", "properties": { "elevation": 5.7139549255371094, "depth": 1.2344956398010254, "osmid": 1646174872, "name": [ "Prabhakar Krishanati Patil Marg" ] }, "geometry": { "type": "Point", "coordinates": [ 73.00151135601925, 19.112639799284917 ] } },
{ "type": "Feature", "properties": { "elevation": 2.5, "depth": 4.4077548980712891, "osmid": 1650200540, "name": [ "nan" ] }, "geometry": { "type": "Point", "coordinates": [ 73.031248277182598, 19.013770767853529 ] } },
{ "type": "Feature", "properties": { "elevation": 4.4631509780883789, "depth": 2.297368049621582, "osmid": 1951994834, "name": [ "Sudhakar Vishnu Londhe Marg" ] }, "geometry": { "type": "Point", "coordinates": [ 73.00182306829808, 19.082926480094734 ] } },
{ "type": "Feature", "properties": { "elevation": 5.8097124099731445, "depth": 3.8792495727539062, "osmid": 2176952836, "name": [ "nan" ] }, "geometry": { "type": "Point", "coordinates": [ 73.004480274014114, 19.126178855075896 ] } },
{ "type": "Feature", "properties": { "elevation": 5.8776273727416992, "depth": 1.6498136520385742, "osmid": 2211539171, "name": [ "Seawoods NRI Service Road" ] }, "geometry": { "type": "Point", "coordinates": [ 73.016329581400058, 19.007108906580171 ] } },
{ "type": "Feature", "properties": { "elevation": 2.766167163848877, "depth": 1.9604396820068359, "osmid": 2211539183, "name": [ "nan" ] }, "geometry": { "type": "Point", "coordinates": [ 73.011602371421858, 19.008347875923356 ] } },
{ "type": "Feature", "properties": { "elevation": 2.1894009113311768, "depth": 2.7147204875946045, "osmid": 2211539186, "name": [ "nan" ] }, "geometry": { "type": "Point", "coordinates": [ 73.01702117416626, 19.009552905225799 ] } },
{ "type": "Feature", "properties": { "elevation": 4.957923412322998, "depth": 2.765021800994873, "osmid": 2211539188, "name": [ "nan" ] }, "geometry": { "type": "Point", "coordinates": [ 73.010477864288006, 19.009740554865349 ] } },
{ "type": "Feature", "properties": { "elevation": 2.1894009113311768, "depth": 2.7147204875946045, "osmid": 2211539204, "name": [ "nan" ] }, "geometry": { "type": "Point", "coordinates": [ 73.017017834036878, 19.009584285925648 ] } },
{ "type": "Feature", "properties": { "elevation": 5.8887019157409668, "depth": 2.4762835502624512, "osmid": 2211539221, "name": [ "nan" ] }, "geometry": { "type": "Point", "coordinates": [ 73.011871989930057, 19.011864445142244 ] } },
{ "type": "Feature", "properties": { "elevation": 5.8887019157409668, "depth": 2.4762835502624512, "osmid": 2211539225, "name": [ "nan" ] }, "geometry": { "type": "Point", "coordinates": [ 73.011876839464463, 19.011869470113144 ] } },
{ "type": "Feature", "properties": { "elevation": 2.9726097583770752, "depth": 2.8361585140228271, "osmid": 2211539244, "name": [ "nan" ] }, "geometry": { "type": "Point", "coordinates": [ 73.010665689353061, 19.013739834126749 ] } },
{ "type": "Feature", "properties": { "elevation": 5.7809724807739258, "depth": 4.6171560287475586, "osmid": 2211539284, "name": [ "nan" ] }, "geometry": { "type": "Point", "coordinates": [ 73.013606084098313, 19.015161879831322 ] } },
{ "type": "Feature", "properties": { "elevation": 4.0890626907348633, "depth": 1.5833983421325684, "osmid": 2211539425, "name": [ "Palm Beach Marg" ] }, "geometry": { "type": "Point", "coordinates": [ 73.008001155030627, 19.023194942692061 ] } },
{ "type": "Feature", "properties": { "elevation": 4.458315372467041, "depth": 1.3510556221008301, "osmid": 2214509822, "name": [ "nan" ] }, "geometry": { "type": "Point", "coordinates": [ 73.024102371869148, 19.012968885931006 ] } },
{ "type": "Feature", "properties": { "elevation": 0.97098726034164429, "depth": 3.2950220108032227, "osmid": 2214509835, "name": [ "nan" ] }, "geometry": { "type": "Point", "coordinates": [ 73.023423407377791, 19.014506861737516 ] } },
{ "type": "Feature", "properties": { "elevation": 0.97098726034164429, "depth": 3.2950220108032227, "osmid": 2214509837, "name": [ "nan" ] }, "geometry": { "type": "Point", "coordinates": [ 73.023375685339403, 19.014499076119506 ] } },
{ "type": "Feature", "properties": { "elevation": 5.6119723320007324, "depth": 1.7870869636535645, "osmid": 2214509875, "name": [ "nan" ] }, "geometry": { "type": "Point", "coordinates": [ 73.024886769797988, 19.017483148013675 ] } },
{ "type": "Feature", "properties": { "elevation": 3.1314938068389893, "depth": 1.5649693012237549, "osmid": 2214509879, "name": [ "nan" ] }, "geometry": { "type": "Point", "coordinates": [ 73.026106552691516, 19.018283150317686 ] } },
{ "type": "Feature", "properties": { "elevation": 5.9532351493835449, "depth": 1.9904866218566895, "osmid": 2214509895, "name": [ "nan" ] }, "geometry": { "type": "Point", "coordinates": [ 73.023977458328972, 19.018238697656638 ] } },
{ "type": "Feature", "properties": { "elevation": 5.5852375030517578, "depth": 1.4808454513549805, "osmid": 2214509895, "name": [ "nan" ] }, "geometry": { "type": "Point", "coordinates": [ 73.024298063764761, 19.017970008289645 ] } },
{ "type": "Feature", "properties": { "elevation": 5.0007352828979492, "depth": 1.394228458404541, "osmid": 2214509917, "name": [ "Sector 27 Road" ] }, "geometry": { "type": "Point", "coordinates": [ 73.023997511344731, 19.021353307751003 ] } },
{ "type": "Feature", "properties": { "elevation": 5.9101543426513672, "depth": 1.724815845489502, "osmid": 2214510015, "name": [ "Adi Shankaracharya Marg" ] }, "geometry": { "type": "Point", "coordinates": [ 73.022699746927714, 19.024205942719426 ] } },
{ "type": "Feature", "properties": { "elevation": 1.1448121070861816, "depth": 1.3618531227111816, "osmid": 2230613537, "name": [ "nan" ] }, "geometry": { "type": "Point", "coordinates": [ 72.989324502539588, 18.866750978963037 ] } },
{ "type": "Feature", "properties": { "elevation": 1.8615331649780273, "depth": 1.219975471496582, "osmid": 2230613610, "name": [ "nan" ] }, "geometry": { "type": "Point", "coordinates": [ 72.994776367597112, 18.867010598831421 ] } },
{ "type": "Feature", "properties": { "elevation": 1.1448121070861816, "depth": 1.3618531227111816, "osmid": 2230613661, "name": [ "nan" ] }, "geometry": { "type": "Point", "coordinates": [ 72.989358797419129, 18.86678696927607 ] } },
{ "type": "Feature", "properties": { "elevation": 0.22729432582855225, "depth": 2.2910065650939941, "osmid": 2230613807, "name": [ "nan" ] }, "geometry": { "type": "Point", "coordinates": [ 72.997056840823703, 18.8697390570468 ] } },
{ "type": "Feature", "properties": { "elevation": 3.135167121887207, "depth": 2.2233772277832031, "osmid": 2230613807, "name": [ "nan" ] }, "geometry": { "type": "Point", "coordinates": [ 72.996216896224624, 18.868645228782871 ] } },
{ "type": "Feature", "properties": { "elevation": 2.2471508979797363, "depth": 2.1938037872314453, "osmid": 2230613823, "name": [ "nan" ] }, "geometry": { "type": "Point", "coordinates": [ 72.995877666456309, 18.870577359327459 ] } },
{ "type": "Feature", "properties": { "elevation": 2.3995044231414795, "depth": 2.0414502620697021, "osmid": 2230613823, "name": [ "nan" ] }, "geometry": { "type": "Point", "coordinates": [ 72.995576680765211, 18.870289043341408 ] } },
{ "type": "Feature", "properties": { "elevation": 3.0597467422485352, "depth": 1.7658882141113281, "osmid": 2230613899, "name": [ "Uran Koproli Road" ] }, "geometry": { "type": "Point", "coordinates": [ 72.999235743794586, 18.873576490562762 ] } },
{ "type": "Feature", "properties": { "elevation": 4.2542557716369629, "depth": 1.7312541007995605, "osmid": 2230613899, "name": [ "Uran Koproli Road" ] }, "geometry": { "type": "Point", "coordinates": [ 72.99889175052769, 18.873817307629078 ] } },
{ "type": "Feature", "properties": { "elevation": 3.4642729759216309, "depth": 1.7705206871032715, "osmid": 2236470575, "name": [ "nan" ] }, "geometry": { "type": "Point", "coordinates": [ 72.988692612265211, 18.885328184318723 ] } },
{ "type": "Feature", "properties": { "elevation": 3.2577445507049561, "depth": 1.6555063724517822, "osmid": 2236470616, "name": [ "Uran Koproli Road" ] }, "geometry": { "type": "Point", "coordinates": [ 72.987100159448701, 18.886132748427912 ] } },
{ "type": "Feature", "properties": { "elevation": 2.2226665019989014, "depth": 1.8005020618438721, "osmid": 2236470616, "name": [ "Uran Koproli Road" ] }, "geometry": { "type": "Point", "coordinates": [ 72.987991928762028, 18.885076695838308 ] } },
{ "type": "Feature", "properties": { "elevation": 3.6295726299285889, "depth": 1.3740017414093018, "osmid": 2236471584, "name": [ "nan" ] }, "geometry": { "type": "Point", "coordinates": [ 72.983276357827449, 18.898614730537975 ] } },
{ "type": "Feature", "properties": { "elevation": 5.3903818130493164, "depth": 5.0912113189697266, "osmid": 2236471687, "name": [ "nan" ] }, "geometry": { "type": "Point", "coordinates": [ 72.977325037026972, 18.900177388898832 ] } },
{ "type": "Feature", "properties": { "elevation": 5.2701339721679688, "depth": 2.5188426971435547, "osmid": 2236471707, "name": [ "nan" ] }, "geometry": { "type": "Point", "coordinates": [ 72.980187618950723, 18.900216356549947 ] } },
{ "type": "Feature", "properties": { "elevation": 4.6889934539794922, "depth": 2.9307122230529785, "osmid": 2236471734, "name": [ "nan" ] }, "geometry": { "type": "Point", "coordinates": [ 72.976208040748645, 18.901562340569697 ] } },
{ "type": "Feature", "properties": { "elevation": 5.2701339721679688, "depth": 2.5188426971435547, "osmid": 2236471763, "name": [ "nan" ] }, "geometry": { "type": "Point", "coordinates": [ 72.980179870592494, 18.900226105616202 ] } },
{ "type": "Feature", "properties": { "elevation": 4.7355270385742188, "depth": 1.2128057479858398, "osmid": 2236471811, "name": [ "nan" ] }, "geometry": { "type": "Point", "coordinates": [ 72.978961865176416, 18.901750176623178 ] } },
{ "type": "Feature", "properties": { "elevation": 4.6889934539794922, "depth": 2.9307122230529785, "osmid": 2236471842, "name": [ "nan" ] }, "geometry": { "type": "Point", "coordinates": [ 72.976195744717103, 18.901577542010902 ] } },
{ "type": "Feature", "properties": { "elevation": 3.729229211807251, "depth": 2.3477447032928467, "osmid": 2236471842, "name": [ "nan" ] }, "geometry": { "type": "Point", "coordinates": [ 72.976456265539767, 18.90125546231241 ] } },
{ "type": "Feature", "properties": { "elevation": 3.6997246742248535, "depth": 1.6700301170349121, "osmid": 2236471931, "name": [ "nan" ] }, "geometry": { "type": "Point", "coordinates": [ 72.980940952407536, 18.905690869307723 ] } },
{ "type": "Feature", "properties": { "elevation": 3.6997246742248535, "depth": 1.6700301170349121, "osmid": 2236471956, "name": [ "nan" ] }, "geometry": { "type": "Point", "coordinates": [ 72.980854427029229, 18.905629522466374 ] } },
{ "type": "Feature", "properties": { "elevation": 2.1260886192321777, "depth": 4.1128559112548828, "osmid": 2236471991, "name": [ "nan" ] }, "geometry": { "type": "Point", "coordinates": [ 72.979305246643946, 18.906715024835222 ] } },
{ "type": "Feature", "properties": { "elevation": 3.0446043014526367, "depth": 1.3943657875061035, "osmid": 2236471991, "name": [ "nan" ] }, "geometry": { "type": "Point", "coordinates": [ 72.977451784788656, 18.90911315285005 ] } },
{ "type": "Feature", "properties": { "elevation": 3.4194779396057129, "depth": 1.2822885513305664, "osmid": 2236472322, "name": [ "nan" ] }, "geometry": { "type": "Point", "coordinates": [ 72.986849868859608, 18.911289761290906 ] } },
{ "type": "Feature", "properties": { "elevation": 3.4194779396057129, "depth": 1.2822885513305664, "osmid": 2236472375, "name": [ "nan" ] }, "geometry": { "type": "Point", "coordinates": [ 72.986850362822807, 18.911352080811071 ] } },
{ "type": "Feature", "properties": { "elevation": 1.8687106370925903, "depth": 1.2690974473953247, "osmid": 2236472568, "name": [ "nan" ] }, "geometry": { "type": "Point", "coordinates": [ 72.985164099016998, 18.960730528699589 ] } },
{ "type": "Feature", "properties": { "elevation": 1.8687106370925903, "depth": 1.2690974473953247, "osmid": 2236472634, "name": [ "nan" ] }, "geometry": { "type": "Point", "coordinates": [ 72.985176487045777, 18.960721105048254 ] } },
{ "type": "Feature", "properties": { "elevation": 1.701425313949585, "depth": 1.4470407962799072, "osmid": 2236784241, "name": [ "nan" ] }, "geometry": { "type": "Point", "coordinates": [ 72.984217689952629, 18.88292158325536 ] } },
{ "type": "Feature", "properties": { "elevation": 1.701425313949585, "depth": 1.4470407962799072, "osmid": 2236784254, "name": [ "nan" ] }, "geometry": { "type": "Point", "coordinates": [ 72.984318812289018, 18.882940451496477 ] } },
{ "type": "Feature", "properties": { "elevation": 0.91949957609176636, "depth": 1.2496485710144043, "osmid": 2236784317, "name": [ "nan" ] }, "geometry": { "type": "Point", "coordinates": [ 72.983872441684966, 18.883654811791704 ] } },
{ "type": "Feature", "properties": { "elevation": 4.0866155624389648, "depth": 1.4395561218261719, "osmid": 2236784544, "name": [ "nan" ] }, "geometry": { "type": "Point", "coordinates": [ 72.978842463546144, 18.894021082708942 ] } },
{ "type": "Feature", "properties": { "elevation": 3.1404566764831543, "depth": 2.9206080436706543, "osmid": 2236784769, "name": [ "nan" ] }, "geometry": { "type": "Point", "coordinates": [ 72.975893181685478, 18.915587649633778 ] } },
{ "type": "Feature", "properties": { "elevation": 3.5524086952209473, "depth": 2.1842794418334961, "osmid": 2236784812, "name": [ "nan" ] }, "geometry": { "type": "Point", "coordinates": [ 72.967891168860959, 18.920328232147615 ] } },
{ "type": "Feature", "properties": { "elevation": 3.3660421371459961, "depth": 1.565162181854248, "osmid": 2236784812, "name": [ "nan" ] }, "geometry": { "type": "Point", "coordinates": [ 72.964799090691628, 18.921941520393656 ] } },
{ "type": "Feature", "properties": { "elevation": 4.2278165817260742, "depth": 4.462092399597168, "osmid": 2237058036, "name": [ "Asian Highway 47" ] }, "geometry": { "type": "Point", "coordinates": [ 73.031774836917762, 19.157313339279742 ] } },
{ "type": "Feature", "properties": { "elevation": 4.4209532737731934, "depth": 1.2347216606140137, "osmid": 2237059232, "name": [ "nan" ] }, "geometry": { "type": "Point", "coordinates": [ 73.062697881097932, 19.175626041107883 ] } },
{ "type": "Feature", "properties": { "elevation": 4.5134363174438477, "depth": 3.0829153060913086, "osmid": 2241599354, "name": [ "nan" ] }, "geometry": { "type": "Point", "coordinates": [ 73.047385096359804, 19.168311766025525 ] } },
{ "type": "Feature", "properties": { "elevation": 4.5134363174438477, "depth": 3.0829153060913086, "osmid": 2241599537, "name": [ "nan" ] }, "geometry": { "type": "Point", "coordinates": [ 73.047386529641287, 19.168312703592939 ] } },
{ "type": "Feature", "properties": { "elevation": 3.4960196018218994, "depth": 1.5744221210479736, "osmid": 2241599568, "name": [ "nan" ] }, "geometry": { "type": "Point", "coordinates": [ 73.064680835247344, 19.170047928441541 ] } },
{ "type": "Feature", "properties": { "elevation": 3.4960196018218994, "depth": 1.5744221210479736, "osmid": 2241599568, "name": [ "nan" ] }, "geometry": { "type": "Point", "coordinates": [ 73.06467922139872, 19.170016297323908 ] } },
{ "type": "Feature", "properties": { "elevation": 4.9520688056945801, "depth": 3.9093432426452637, "osmid": 2242266574, "name": [ "nan" ] }, "geometry": { "type": "Point", "coordinates": [ 72.990978837061093, 19.159647058214315 ] } },
{ "type": "Feature", "properties": { "elevation": 5.1087627410888672, "depth": 1.2457499504089355, "osmid": 2242577206, "name": [ "nan" ] }, "geometry": { "type": "Point", "coordinates": [ 72.998502099098687, 19.062449433832047 ] } },
{ "type": "Feature", "properties": { "elevation": 3.8440132141113281, "depth": 1.2824368476867676, "osmid": 2242577300, "name": [ "nan" ] }, "geometry": { "type": "Point", "coordinates": [ 73.002981004231174, 19.087723879323963 ] } },
{ "type": "Feature", "properties": { "elevation": 5.5723876953125, "depth": 2.6465787887573242, "osmid": 2242577954, "name": [ "nan" ] }, "geometry": { "type": "Point", "coordinates": [ 73.0012227540997, 19.112041998764621 ] } },
{ "type": "Feature", "properties": { "elevation": 4.5143513679504395, "depth": 1.7879042625427246, "osmid": 2242577978, "name": [ "Shil Phata - Mahape Road" ] }, "geometry": { "type": "Point", "coordinates": [ 73.003652479888743, 19.111019863535073 ] } },
{ "type": "Feature", "properties": { "elevation": 5.6913232803344727, "depth": 3.0513935089111328, "osmid": 2242577990, "name": [ "nan" ] }, "geometry": { "type": "Point", "coordinates": [ 73.003018423085905, 19.111527129808046 ] } },
{ "type": "Feature", "properties": { "elevation": 5.6913232803344727, "depth": 3.0513935089111328, "osmid": 2242578033, "name": [ "nan" ] }, "geometry": { "type": "Point", "coordinates": [ 73.003033991738135, 19.111531190865946 ] } },
{ "type": "Feature", "properties": { "elevation": 4.1672186851501465, "depth": 1.7641658782958984, "osmid": 2242578080, "name": [ "nan" ] }, "geometry": { "type": "Point", "coordinates": [ 73.005257684610598, 19.112111679642069 ] } },
{ "type": "Feature", "properties": { "elevation": 5.5723876953125, "depth": 2.6465787887573242, "osmid": 2242578094, "name": [ "nan" ] }, "geometry": { "type": "Point", "coordinates": [ 73.001236456229066, 19.11199512958801 ] } },
{ "type": "Feature", "properties": { "elevation": 2.7258462905883789, "depth": 1.9584202766418457, "osmid": 2242578342, "name": [ "nan" ] }, "geometry": { "type": "Point", "coordinates": [ 73.000681768389612, 19.11747387463954 ] } },
{ "type": "Feature", "properties": { "elevation": 1.7484970092773438, "depth": 1.3618006706237793, "osmid": 2242578342, "name": [ "nan" ] }, "geometry": { "type": "Point", "coordinates": [ 73.00090709004337, 19.117971608876246 ] } },
{ "type": "Feature", "properties": { "elevation": 1.7484970092773438, "depth": 1.3618006706237793, "osmid": 2242578394, "name": [ "nan" ] }, "geometry": { "type": "Point", "coordinates": [ 73.000926970854977, 19.118015991736929 ] } },
{ "type": "Feature", "properties": { "elevation": 4.9066038131713867, "depth": 2.0181283950805664, "osmid": 2244775348, "name": [ "PKC Road" ] }, "geometry": { "type": "Point", "coordinates": [ 73.001718920270278, 19.079018527293279 ] } },
{ "type": "Feature", "properties": { "elevation": 3.5373260974884033, "depth": 1.3238170146942139, "osmid": 2244775421, "name": [ "nan" ] }, "geometry": { "type": "Point", "coordinates": [ 73.01248402687753, 19.081259658218706 ] } },
{ "type": "Feature", "properties": { "elevation": 4.4631509780883789, "depth": 2.297368049621582, "osmid": 2244775503, "name": [ "Sudhakar Vishnu Londhe Marg" ] }, "geometry": { "type": "Point", "coordinates": [ 73.001822274501933, 19.082925331889555 ] } },
{ "type": "Feature", "properties": { "elevation": 1.323101282119751, "depth": 1.9135997295379639, "osmid": 2244775529, "name": [ "nan" ] }, "geometry": { "type": "Point", "coordinates": [ 73.00797477580906, 19.084245486280402 ] } },
{ "type": "Feature", "properties": { "elevation": 1.323101282119751, "depth": 1.9135997295379639, "osmid": 2244775556, "name": [ "nan" ] }, "geometry": { "type": "Point", "coordinates": [ 73.007883445207639, 19.084298803081623 ] } },
{ "type": "Feature", "properties": { "elevation": 4.0212225914001465, "depth": 1.2073459625244141, "osmid": 2244775610, "name": [ "nan" ] }, "geometry": { "type": "Point", "coordinates": [ 73.007888041499641, 19.085873367838058 ] } },
{ "type": "Feature", "properties": { "elevation": 3.7854204177856445, "depth": 1.9226536750793457, "osmid": 2244775625, "name": [ "Groma Road" ] }, "geometry": { "type": "Point", "coordinates": [ 73.010174158764457, 19.086326943350503 ] } },
{ "type": "Feature", "properties": { "elevation": 4.0574698448181152, "depth": 1.7938189506530762, "osmid": 2244775630, "name": [ "Palm Beach Marg" ] }, "geometry": { "type": "Point", "coordinates": [ 73.00702735791279, 19.084946075552097 ] } },
{ "type": "Feature", "properties": { "elevation": 5.4851298332214355, "depth": 1.6532526016235352, "osmid": 2244775724, "name": [ "nan" ] }, "geometry": { "type": "Point", "coordinates": [ 73.011720699930692, 19.087770538739349 ] } },
{ "type": "Feature", "properties": { "elevation": 5.4578132629394531, "depth": 1.7932124137878418, "osmid": 2244775724, "name": [ "nan" ] }, "geometry": { "type": "Point", "coordinates": [ 73.011234294653093, 19.08805317551742 ] } },
{ "type": "Feature", "properties": { "elevation": 5.9713664054870605, "depth": 1.3848681449890137, "osmid": 2244775796, "name": [ "nan" ] }, "geometry": { "type": "Point", "coordinates": [ 73.010829034490271, 19.088592079555038 ] } },
{ "type": "Feature", "properties": { "elevation": 5.8070521354675293, "depth": 1.2209162712097168, "osmid": 2244775956, "name": [ "PKC Road" ] }, "geometry": { "type": "Point", "coordinates": [ 73.010323598274326, 19.091861399860349 ] } },
{ "type": "Feature", "properties": { "elevation": 4.8609251976013184, "depth": 3.674863338470459, "osmid": 2244775960, "name": [ "Kopri Road" ] }, "geometry": { "type": "Point", "coordinates": [ 73.009817864401043, 19.091860860893721 ] } },
{ "type": "Feature", "properties": { "elevation": 5.8070521354675293, "depth": 1.2209162712097168, "osmid": 2244775960, "name": [ "PKC Road" ] }, "geometry": { "type": "Point", "coordinates": [ 73.010335220368276, 19.091878924234805 ] } },
{ "type": "Feature", "properties": { "elevation": 4.8609251976013184, "depth": 3.674863338470459, "osmid": 2244775987, "name": [ "Kopri Road" ] }, "geometry": { "type": "Point", "coordinates": [ 73.009808015535114, 19.091866553436798 ] } },
{ "type": "Feature", "properties": { "elevation": 5.5029406547546387, "depth": 1.7372565269470215, "osmid": 2244879000, "name": [ "nan" ] }, "geometry": { "type": "Point", "coordinates": [ 73.014047292801123, 19.065966446470707 ] } },
{ "type": "Feature", "properties": { "elevation": 4.849339485168457, "depth": 1.6122069358825684, "osmid": 2244879016, "name": [ "Sanpada Station Road" ] }, "geometry": { "type": "Point", "coordinates": [ 73.013587046955578, 19.065929285787021 ] } },
{ "type": "Feature", "properties": { "elevation": 5.5029406547546387, "depth": 1.7372565269470215, "osmid": 2244879016, "name": [ "nan" ] }, "geometry": { "type": "Point", "coordinates": [ 73.014018133626848, 19.065941229574083 ] } },
{ "type": "Feature", "properties": { "elevation": 4.849339485168457, "depth": 1.6122069358825684, "osmid": 2244879026, "name": [ "Sanpada Station Road" ] }, "geometry": { "type": "Point", "coordinates": [ 73.01358668853311, 19.065929506678092 ] } },
{ "type": "Feature", "properties": { "elevation": 2.5, "depth": 4.4077548980712891, "osmid": 2245081628, "name": [ "nan" ] }, "geometry": { "type": "Point", "coordinates": [ 73.031238573364078, 19.013799961531092 ] } },
{ "type": "Feature", "properties": { "elevation": 5.3385405540466309, "depth": 1.3944129943847656, "osmid": 2245081695, "name": [ "Palm Beach Marg" ] }, "geometry": { "type": "Point", "coordinates": [ 73.007594333851003, 19.034473035038488 ] } },
{ "type": "Feature", "properties": { "elevation": 4.0453000068664551, "depth": 2.4894790649414062, "osmid": 2245082864, "name": [ "nan" ] }, "geometry": { "type": "Point", "coordinates": [ 73.012240045499126, 19.050398787258512 ] } },
{ "type": "Feature", "properties": { "elevation": 2.102069616317749, "depth": 2.2304112911224365, "osmid": 2245083380, "name": [ "nan" ] }, "geometry": { "type": "Point", "coordinates": [ 73.003691408621435, 19.057025329016859 ] } },
{ "type": "Feature", "properties": { "elevation": 3.1971287727355957, "depth": 2.3169040679931641, "osmid": 2245083380, "name": [ "Palm Beach Service Road" ] }, "geometry": { "type": "Point", "coordinates": [ 73.004576326929651, 19.055297041818022 ] } },
{ "type": "Feature", "properties": { "elevation": 4.2133846282958984, "depth": 1.2227902412414551, "osmid": 2245083800, "name": [ "nan" ] }, "geometry": { "type": "Point", "coordinates": [ 73.009908588905631, 19.059351995674131 ] } },
{ "type": "Feature", "properties": { "elevation": 5.7729935646057129, "depth": 2.0841684341430664, "osmid": 2245083800, "name": [ "nan" ] }, "geometry": { "type": "Point", "coordinates": [ 73.010228599006112, 19.059082498902534 ] } },
{ "type": "Feature", "properties": { "elevation": 5.1729345321655273, "depth": 2.6516017913818359, "osmid": 2245083800, "name": [ "nan" ] }, "geometry": { "type": "Point", "coordinates": [ 73.010548695342621, 19.058813095171985 ] } },
{ "type": "Feature", "properties": { "elevation": 4.9640893936157227, "depth": 1.5933575630187988, "osmid": 2245083923, "name": [ "Sant Dnyaneshwar Marg" ] }, "geometry": { "type": "Point", "coordinates": [ 73.006449899648175, 19.061455221048071 ] } },
{ "type": "Feature", "properties": { "elevation": 4.6835670471191406, "depth": 1.5977778434753418, "osmid": 2245084066, "name": [ "nan" ] }, "geometry": { "type": "Point", "coordinates": [ 73.008455923891333, 19.061480713321235 ] } },
{ "type": "Feature", "properties": { "elevation": 4.6835670471191406, "depth": 1.5977778434753418, "osmid": 2245084174, "name": [ "nan" ] }, "geometry": { "type": "Point", "coordinates": [ 73.008434784360887, 19.061459292484717 ] } },
{ "type": "Feature", "properties": { "elevation": 4.9640893936157227, "depth": 1.5933575630187988, "osmid": 2245084324, "name": [ "Sant Dnyaneshwar Marg" ] }, "geometry": { "type": "Point", "coordinates": [ 73.006425869042602, 19.061367497423703 ] } },
{ "type": "Feature", "properties": { "elevation": 4.6847519874572754, "depth": 2.6521391868591309, "osmid": 2245084396, "name": [ "nan" ] }, "geometry": { "type": "Point", "coordinates": [ 73.006716263048801, 19.063675869026479 ] } },
{ "type": "Feature", "properties": { "elevation": 4.6847519874572754, "depth": 2.6521391868591309, "osmid": 2245084572, "name": [ "nan" ] }, "geometry": { "type": "Point", "coordinates": [ 73.006703778743301, 19.063699944761179 ] } },
{ "type": "Feature", "properties": { "elevation": 2.0784618854522705, "depth": 1.6529936790466309, "osmid": 2246308723, "name": [ "nan" ] }, "geometry": { "type": "Point", "coordinates": [ 73.046525230014225, 19.018272791774312 ] } },
{ "type": "Feature", "properties": { "elevation": 4.231846809387207, "depth": 2.1039104461669922, "osmid": 2246464154, "name": [ "Sukir Manya Koli Marg" ] }, "geometry": { "type": "Point", "coordinates": [ 73.040341023967571, 19.00865953892589 ] } },
{ "type": "Feature", "properties": { "elevation": 5.9817371368408203, "depth": 1.6122221946716309, "osmid": 2246464154, "name": [ "Sukir Manya Koli Marg" ] }, "geometry": { "type": "Point", "coordinates": [ 73.040651479875024, 19.008391945770256 ] } },
{ "type": "Feature", "properties": { "elevation": 5.612147331237793, "depth": 2.9627590179443359, "osmid": 2246465018, "name": [ "Sakharam Patil Marg" ] }, "geometry": { "type": "Point", "coordinates": [ 73.037857619956, 19.021431347332566 ] } },
{ "type": "Feature", "properties": { "elevation": 4.6542677879333496, "depth": 1.7259001731872559, "osmid": 2246637604, "name": [ "nan" ] }, "geometry": { "type": "Point", "coordinates": [ 73.069093041454067, 19.165124310542961 ] } },
{ "type": "Feature", "properties": { "elevation": 4.0649595260620117, "depth": 1.8403120040893555, "osmid": 2246850869, "name": [ "nan" ] }, "geometry": { "type": "Point", "coordinates": [ 72.991365479277249, 19.065025418996065 ] } },
{ "type": "Feature", "properties": { "elevation": 5.3836822509765625, "depth": 3.0994558334350586, "osmid": 2246850877, "name": [ "Swami Pranavanandaji Marg" ] }, "geometry": { "type": "Point", "coordinates": [ 72.992148047650019, 19.066525064498645 ] } },
{ "type": "Feature", "properties": { "elevation": 3.1564688682556152, "depth": 1.3040285110473633, "osmid": 2246850897, "name": [ "Vashi Gaon Underpass" ] }, "geometry": { "type": "Point", "coordinates": [ 72.985511722940956, 19.068467630884953 ] } },
{ "type": "Feature", "properties": { "elevation": 5.8907623291015625, "depth": 1.9604334831237793, "osmid": 2246851154, "name": [ "nan" ] }, "geometry": { "type": "Point", "coordinates": [ 72.987471775173972, 19.07364366888164 ] } },
{ "type": "Feature", "properties": { "elevation": 1.0, "depth": 2.3080110549926758, "osmid": 2246851264, "name": [ "Juhu Chowpatty Road" ] }, "geometry": { "type": "Point", "coordinates": [ 72.990798893019118, 19.07814825165843 ] } },
{ "type": "Feature", "properties": { "elevation": 1.0, "depth": 3.7978348731994629, "osmid": 2246851264, "name": [ "Juhu Chowpatty Road" ] }, "geometry": { "type": "Point", "coordinates": [ 72.991086531608104, 19.078448962641914 ] } },
{ "type": "Feature", "properties": { "elevation": 4.4810953140258789, "depth": 2.1845664978027344, "osmid": 2246851264, "name": [ "nan" ] }, "geometry": { "type": "Point", "coordinates": [ 72.990568033966113, 19.076034037401236 ] } },
{ "type": "Feature", "properties": { "elevation": 4.9643096923828125, "depth": 2.1222038269042969, "osmid": 2246851317, "name": [ "Juhu Chowpatty Road" ] }, "geometry": { "type": "Point", "coordinates": [ 72.994221481735039, 19.081866553586014 ] } },
{ "type": "Feature", "properties": { "elevation": 4.4384932518005371, "depth": 1.9977593421936035, "osmid": 2246851317, "name": [ "Juhu Chowpatty Road" ] }, "geometry": { "type": "Point", "coordinates": [ 72.995311156665608, 19.083119622327828 ] } },
{ "type": "Feature", "properties": { "elevation": 1.0, "depth": 3.7978348731994629, "osmid": 2246851317, "name": [ "Juhu Chowpatty Road" ] }, "geometry": { "type": "Point", "coordinates": [ 72.991035930631497, 19.078396062092388 ] } },
{ "type": "Feature", "properties": { "elevation": 1.0, "depth": 2.3080110549926758, "osmid": 2246851317, "name": [ "Juhu Chowpatty Road" ] }, "geometry": { "type": "Point", "coordinates": [ 72.990753937195223, 19.078091481255356 ] } },
{ "type": "Feature", "properties": { "elevation": 4.8060555458068848, "depth": 4.3856863975524902, "osmid": 2246851331, "name": [ "Juhu Chowpatty Road" ] }, "geometry": { "type": "Point", "coordinates": [ 72.997644755425398, 19.084415369717178 ] } },
{ "type": "Feature", "properties": { "elevation": 4.4384932518005371, "depth": 1.9977593421936035, "osmid": 2246851331, "name": [ "Juhu Chowpatty Road" ] }, "geometry": { "type": "Point", "coordinates": [ 72.995254530713439, 19.083054504076951 ] } },
{ "type": "Feature", "properties": { "elevation": 4.9643096923828125, "depth": 2.1222038269042969, "osmid": 2246851331, "name": [ "Juhu Chowpatty Road" ] }, "geometry": { "type": "Point", "coordinates": [ 72.994255661224216, 19.081905858432659 ] } },
{ "type": "Feature", "properties": { "elevation": 4.5085501670837402, "depth": 4.1765837669372559, "osmid": 2246851638, "name": [ "nan" ] }, "geometry": { "type": "Point", "coordinates": [ 73.07508422371788, 19.158667390552434 ] } },
{ "type": "Feature", "properties": { "elevation": 5.6001152992248535, "depth": 1.7666840553283691, "osmid": 2246852638, "name": [ "nan" ] }, "geometry": { "type": "Point", "coordinates": [ 73.087505551508045, 19.174045093266741 ] } },
{ "type": "Feature", "properties": { "elevation": 4.0812196731567383, "depth": 1.5952510833740234, "osmid": 2248640092, "name": [ "Taloja Phase 2 road" ] }, "geometry": { "type": "Point", "coordinates": [ 73.099214218067971, 19.067320490358156 ] } },
{ "type": "Feature", "properties": { "elevation": 4.7433042526245117, "depth": 1.8529386520385742, "osmid": 2248640093, "name": [ "Taloja Phase 2 road" ] }, "geometry": { "type": "Point", "coordinates": [ 73.100598084845402, 19.068195363852205 ] } },
{ "type": "Feature", "properties": { "elevation": 3.9788575172424316, "depth": 1.5015039443969727, "osmid": 2248640093, "name": [ "Taloja Phase 2 road" ] }, "geometry": { "type": "Point", "coordinates": [ 73.100945256967549, 19.068432579154091 ] } },
{ "type": "Feature", "properties": { "elevation": 5.113828182220459, "depth": 1.6031970977783203, "osmid": 2248640093, "name": [ "Taloja Phase 2 road" ] }, "geometry": { "type": "Point", "coordinates": [ 73.101417544382542, 19.068727857588804 ] } },
{ "type": "Feature", "properties": { "elevation": 2.0, "depth": 3.274078369140625, "osmid": 2248640094, "name": [ "nan" ] }, "geometry": { "type": "Point", "coordinates": [ 73.09556780896159, 19.067233559231649 ] } },
{ "type": "Feature", "properties": { "elevation": 5.8133888244628906, "depth": 1.6120657920837402, "osmid": 2250274618, "name": [ "nan" ] }, "geometry": { "type": "Point", "coordinates": [ 73.092115278380248, 19.074288298036816 ] } },
{ "type": "Feature", "properties": { "elevation": 4.734586238861084, "depth": 2.0260910987854004, "osmid": 2250274679, "name": [ "nan" ] }, "geometry": { "type": "Point", "coordinates": [ 73.103968746549825, 19.079047573756107 ] } },
{ "type": "Feature", "properties": { "elevation": 5.8376274108886719, "depth": 1.4145307540893555, "osmid": 2250274679, "name": [ "nan" ] }, "geometry": { "type": "Point", "coordinates": [ 73.105591992091448, 19.079879196771326 ] } },
{ "type": "Feature", "properties": { "elevation": 5.6524858474731445, "depth": 1.5720400810241699, "osmid": 2250274679, "name": [ "nan" ] }, "geometry": { "type": "Point", "coordinates": [ 73.106233656032927, 19.080173837030593 ] } },
{ "type": "Feature", "properties": { "elevation": 5.6524858474731445, "depth": 1.5720400810241699, "osmid": 2250274730, "name": [ "nan" ] }, "geometry": { "type": "Point", "coordinates": [ 73.106135879098403, 19.080128939868295 ] } },
{ "type": "Feature", "properties": { "elevation": 5.8376274108886719, "depth": 1.4145307540893555, "osmid": 2250274730, "name": [ "nan" ] }, "geometry": { "type": "Point", "coordinates": [ 73.105622548047251, 19.079893227575045 ] } },
{ "type": "Feature", "properties": { "elevation": 5.5917096138000488, "depth": 2.3883743286132812, "osmid": 2250536561, "name": [ "nan" ] }, "geometry": { "type": "Point", "coordinates": [ 73.090471210955258, 19.066680420967963 ] } },
{ "type": "Feature", "properties": { "elevation": 2.5, "depth": 2.691014289855957, "osmid": 2250536777, "name": [ "nan" ] }, "geometry": { "type": "Point", "coordinates": [ 73.088732545784367, 19.068434215169471 ] } },
{ "type": "Feature", "properties": { "elevation": 3.8590540885925293, "depth": 1.9815788269042969, "osmid": 2250537319, "name": [ "nan" ] }, "geometry": { "type": "Point", "coordinates": [ 73.084729743067953, 19.068785993388193 ] } },
{ "type": "Feature", "properties": { "elevation": 4.7894420623779297, "depth": 2.2330899238586426, "osmid": 2250537457, "name": [ "nan" ] }, "geometry": { "type": "Point", "coordinates": [ 73.094362039676213, 19.069661592668737 ] } },
{ "type": "Feature", "properties": { "elevation": 4.7894420623779297, "depth": 2.2330899238586426, "osmid": 2250537805, "name": [ "nan" ] }, "geometry": { "type": "Point", "coordinates": [ 73.094345972699898, 19.069683593019015 ] } },
{ "type": "Feature", "properties": { "elevation": 5.5811786651611328, "depth": 1.3699007034301758, "osmid": 2250538638, "name": [ "nan" ] }, "geometry": { "type": "Point", "coordinates": [ 73.098074032316475, 19.073547652420451 ] } },
{ "type": "Feature", "properties": { "elevation": 4.0013351440429688, "depth": 1.5284423828125, "osmid": 2295455541, "name": [ "Palm Beach Marg" ] }, "geometry": { "type": "Point", "coordinates": [ 73.007822258441706, 19.086411451946276 ] } },
{ "type": "Feature", "properties": { "elevation": 4.6167564392089844, "depth": 1.4255914688110352, "osmid": 2295455541, "name": [ "Palm Beach Marg" ] }, "geometry": { "type": "Point", "coordinates": [ 73.008047191985199, 19.086757122565011 ] } },
{ "type": "Feature", "properties": { "elevation": 5.3249640464782715, "depth": 1.5701775550842285, "osmid": 2295455546, "name": [ "Palm Beach Marg" ] }, "geometry": { "type": "Point", "coordinates": [ 73.010658227930037, 19.090685036937451 ] } },
{ "type": "Feature", "properties": { "elevation": 5.3167729377746582, "depth": 2.0882954597473145, "osmid": 2298251408, "name": [ "nan" ] }, "geometry": { "type": "Point", "coordinates": [ 72.986286715506509, 19.146949326588057 ] } },
{ "type": "Feature", "properties": { "elevation": 4.7641730308532715, "depth": 1.2106170654296875, "osmid": 2298251409, "name": [ "nan" ] }, "geometry": { "type": "Point", "coordinates": [ 72.98712585685189, 19.145729920205969 ] } },
{ "type": "Feature", "properties": { "elevation": 5.8679165840148926, "depth": 2.1784987449645996, "osmid": 2298251454, "name": [ "nan" ] }, "geometry": { "type": "Point", "coordinates": [ 72.986565989033224, 19.147214817845231 ] } },
{ "type": "Feature", "properties": { "elevation": 4.7893996238708496, "depth": 1.6398558616638184, "osmid": 2298251548, "name": [ "nan" ] }, "geometry": { "type": "Point", "coordinates": [ 72.99647087286408, 19.151778325059453 ] } },
{ "type": "Feature", "properties": { "elevation": 5.8970794677734375, "depth": 1.3088345527648926, "osmid": 2299141600, "name": [ "Palm Beach Marg" ] }, "geometry": { "type": "Point", "coordinates": [ 73.011793153251247, 19.009975937047994 ] } },
{ "type": "Feature", "properties": { "elevation": -0.92243838310241699, "depth": 2.4729020595550537, "osmid": 2299861339, "name": [ "Patni Road" ] }, "geometry": { "type": "Point", "coordinates": [ 72.991103913905135, 19.167810088104378 ] } },
{ "type": "Feature", "properties": { "elevation": 5.2764835357666016, "depth": 4.0026712417602539, "osmid": 2299978779, "name": [ "Sakal Bhavan Marg" ] }, "geometry": { "type": "Point", "coordinates": [ 73.038304576151873, 19.013586353407472 ] } },
{ "type": "Feature", "properties": { "elevation": 5.4632306098937988, "depth": 1.4165563583374023, "osmid": 2299978782, "name": [ "Rajiv Gandhi Marg" ] }, "geometry": { "type": "Point", "coordinates": [ 73.042067860431473, 19.014759944145567 ] } },
{ "type": "Feature", "properties": { "elevation": 3.3372983932495117, "depth": 1.6938824653625488, "osmid": 2299978828, "name": [ "Jawaharlal Nehru Marg" ] }, "geometry": { "type": "Point", "coordinates": [ 73.043989217244075, 19.017731831349991 ] } },
{ "type": "Feature", "properties": { "elevation": 3.9884967803955078, "depth": 1.3309030532836914, "osmid": 2299978828, "name": [ "Jawaharlal Nehru Marg" ] }, "geometry": { "type": "Point", "coordinates": [ 73.042202523439229, 19.019286777350175 ] } },
{ "type": "Feature", "properties": { "elevation": 4.4923958778381348, "depth": 1.2791719436645508, "osmid": 2303768827, "name": [ "Seawoods Station Road" ] }, "geometry": { "type": "Point", "coordinates": [ 73.022343706678541, 19.021756043484242 ] } },
{ "type": "Feature", "properties": { "elevation": 4.9736309051513672, "depth": 2.1092910766601562, "osmid": 2501427841, "name": [ "nan" ] }, "geometry": { "type": "Point", "coordinates": [ 73.099959030248186, 19.014474156263876 ] } },
{ "type": "Feature", "properties": { "elevation": 4.8995151519775391, "depth": 1.3745503425598145, "osmid": 2952579268, "name": [ "nan" ] }, "geometry": { "type": "Point", "coordinates": [ 73.000266160610209, 19.121545780915806 ] } },
{ "type": "Feature", "properties": { "elevation": 2.9007866382598877, "depth": 1.3425471782684326, "osmid": 3272579902, "name": [ "Kharghar Station Road" ] }, "geometry": { "type": "Point", "coordinates": [ 73.070603053631316, 19.034765793971573 ] } },
{ "type": "Feature", "properties": { "elevation": 4.972050666809082, "depth": 3.3911247253417969, "osmid": 3272579903, "name": [ "Kopra Road" ] }, "geometry": { "type": "Point", "coordinates": [ 73.073355034329524, 19.033662566734382 ] } },
{ "type": "Feature", "properties": { "elevation": 4.3323054313659668, "depth": 1.3678293228149414, "osmid": 3272579903, "name": [ "Kopra Road" ] }, "geometry": { "type": "Point", "coordinates": [ 73.073662376473962, 19.033380078771536 ] } },
{ "type": "Feature", "properties": { "elevation": 5.5237555503845215, "depth": 1.4748077392578125, "osmid": 3272579935, "name": [ "Kopra Road" ] }, "geometry": { "type": "Point", "coordinates": [ 73.077228733463627, 19.033392160882592 ] } },
{ "type": "Feature", "properties": { "elevation": 5.2779903411865234, "depth": 1.4360733032226562, "osmid": 3473472173, "name": [ "Kharghar Station Road" ] }, "geometry": { "type": "Point", "coordinates": [ 73.066946305663365, 19.032246686618191 ] } },
{ "type": "Feature", "properties": { "elevation": 4.0520548820495605, "depth": 1.8052725791931152, "osmid": 3473472197, "name": [ "nan" ] }, "geometry": { "type": "Point", "coordinates": [ 73.072610755447513, 19.035341524751111 ] } },
{ "type": "Feature", "properties": { "elevation": 4.7114324569702148, "depth": 2.1510581970214844, "osmid": 3484430963, "name": [ "D-Mart Road" ] }, "geometry": { "type": "Point", "coordinates": [ 73.078394919182699, 19.044114421495525 ] } },
{ "type": "Feature", "properties": { "elevation": 5.5518121719360352, "depth": 1.9801521301269531, "osmid": 3490413177, "name": "['Gharkul Road' 'Vastu Vihar Marg']" }, "geometry": { "type": "Point", "coordinates": [ 73.079078912227288, 19.038347111292858 ] } },
{ "type": "Feature", "properties": { "elevation": 4.5959291458129883, "depth": 1.2876172065734863, "osmid": 3490413189, "name": [ "Gharkul Road" ] }, "geometry": { "type": "Point", "coordinates": [ 73.078211083023078, 19.039116658518008 ] } },
{ "type": "Feature", "properties": { "elevation": 5.4192767143249512, "depth": 1.4225888252258301, "osmid": 3490413202, "name": [ "BARC Dispensary Road" ] }, "geometry": { "type": "Point", "coordinates": [ 73.078255191058517, 19.041957770521247 ] } },
{ "type": "Feature", "properties": { "elevation": 5.6886825561523438, "depth": 2.0534052848815918, "osmid": 3490413202, "name": [ "BARC Dispensary Road" ] }, "geometry": { "type": "Point", "coordinates": [ 73.077919609503383, 19.042209543709046 ] } },
{ "type": "Feature", "properties": { "elevation": 5.6886825561523438, "depth": 2.0534052848815918, "osmid": 3490413208, "name": [ "BARC Dispensary Road" ] }, "geometry": { "type": "Point", "coordinates": [ 73.077918077482721, 19.042210693118488 ] } },
{ "type": "Feature", "properties": { "elevation": 5.4192767143249512, "depth": 1.4225888252258301, "osmid": 3490413208, "name": [ "BARC Dispensary Road" ] }, "geometry": { "type": "Point", "coordinates": [ 73.078253659042389, 19.041958919933908 ] } },
{ "type": "Feature", "properties": { "elevation": 4.2040243148803711, "depth": 1.8784093856811523, "osmid": 3490760796, "name": [ "nan" ] }, "geometry": { "type": "Point", "coordinates": [ 73.080964367423832, 19.049434456898844 ] } },
{ "type": "Feature", "properties": { "elevation": 4.2278165817260742, "depth": 2.9392518997192383, "osmid": 3537357965, "name": [ "nan" ] }, "geometry": { "type": "Point", "coordinates": [ 73.031565143159, 19.157124407424316 ] } },
{ "type": "Feature", "properties": { "elevation": 2.699784517288208, "depth": 1.2891571521759033, "osmid": 3657861140, "name": [ "nan" ] }, "geometry": { "type": "Point", "coordinates": [ 73.088276034841385, 19.030581010246028 ] } },
{ "type": "Feature", "properties": { "elevation": 3.0330233573913574, "depth": 2.0810275077819824, "osmid": 3657861140, "name": [ "Sion-Panvel Highway Flyover" ] }, "geometry": { "type": "Point", "coordinates": [ 73.087969566337605, 19.030876359020123 ] } },
{ "type": "Feature", "properties": { "elevation": 4.1050992012023926, "depth": 2.2926993370056152, "osmid": 3657861140, "name": [ "Sion-Panvel Highway Flyover" ] }, "geometry": { "type": "Point", "coordinates": [ 73.08762432657592, 19.031116006015232 ] } },
{ "type": "Feature", "properties": { "elevation": 4.5354857444763184, "depth": 1.3306589126586914, "osmid": 3657861140, "name": [ "Sion-Panvel Highway Flyover" ] }, "geometry": { "type": "Point", "coordinates": [ 73.086818763390681, 19.031675179465836 ] } },
{ "type": "Feature", "properties": { "elevation": 2.6388914585113525, "depth": 1.3490009307861328, "osmid": 3657861140, "name": [ "Sion-Panvel Highway Flyover" ] }, "geometry": { "type": "Point", "coordinates": [ 73.085658867532686, 19.032461568997764 ] } },
{ "type": "Feature", "properties": { "elevation": 3.4263982772827148, "depth": 1.2600288391113281, "osmid": 3657861140, "name": [ "Sion-Panvel Highway Flyover" ] }, "geometry": { "type": "Point", "coordinates": [ 73.084809324122475, 19.032958277786769 ] } },
{ "type": "Feature", "properties": { "elevation": 5.1108155250549316, "depth": 1.4996695518493652, "osmid": 3657861159, "name": [ "nan" ] }, "geometry": { "type": "Point", "coordinates": [ 73.084660301880874, 19.033316666395852 ] } },
{ "type": "Feature", "properties": { "elevation": 3.9878923892974854, "depth": 2.0938293933868408, "osmid": 3657861159, "name": [ "Sion-Panvel Highway Flyover" ] }, "geometry": { "type": "Point", "coordinates": [ 73.085922256018151, 19.032436085098993 ] } },
{ "type": "Feature", "properties": { "elevation": 5.0270800590515137, "depth": 1.8482937812805176, "osmid": 3657861159, "name": [ "Sion-Panvel Highway Flyover" ] }, "geometry": { "type": "Point", "coordinates": [ 73.086616636571549, 19.031962063773843 ] } },
{ "type": "Feature", "properties": { "elevation": 5.0578441619873047, "depth": 1.3399543762207031, "osmid": 3657861159, "name": [ "Sion-Panvel Highway Flyover" ] }, "geometry": { "type": "Point", "coordinates": [ 73.087769120256681, 19.031165435608017 ] } },
{ "type": "Feature", "properties": { "elevation": 2.9709575176239014, "depth": 2.0799591541290283, "osmid": 3659085449, "name": [ "nan" ] }, "geometry": { "type": "Point", "coordinates": [ 73.090542322406435, 19.037915338064096 ] } },
{ "type": "Feature", "properties": { "elevation": 2.9709575176239014, "depth": 2.0799591541290283, "osmid": 3659085467, "name": [ "nan" ] }, "geometry": { "type": "Point", "coordinates": [ 73.090551251458251, 19.037920717441821 ] } },
{ "type": "Feature", "properties": { "elevation": 2.1626369953155518, "depth": 2.4952981472015381, "osmid": 3659085487, "name": [ "Kalamboli Link Road" ] }, "geometry": { "type": "Point", "coordinates": [ 73.092402103942774, 19.040748663219468 ] } },
{ "type": "Feature", "properties": { "elevation": 1.7964890003204346, "depth": 3.2676355838775635, "osmid": 3659085487, "name": [ "Kalamboli Link Road" ] }, "geometry": { "type": "Point", "coordinates": [ 73.093228533325643, 19.041279653499775 ] } },
{ "type": "Feature", "properties": { "elevation": 3.250532865524292, "depth": 1.3657691478729248, "osmid": 3659085487, "name": [ "Kalamboli Link Road" ] }, "geometry": { "type": "Point", "coordinates": [ 73.09405496816278, 19.041810640507549 ] } },
{ "type": "Feature", "properties": { "elevation": 4.2419447898864746, "depth": 2.5252671241760254, "osmid": 3659103382, "name": [ "D Mart Road" ] }, "geometry": { "type": "Point", "coordinates": [ 73.102209812911624, 19.032422553271179 ] } },
{ "type": "Feature", "properties": { "elevation": 2.2243599891662598, "depth": 2.1371417045593262, "osmid": 3659126432, "name": [ "nan" ] }, "geometry": { "type": "Point", "coordinates": [ 73.090978606779998, 19.031193743062076 ] } },
{ "type": "Feature", "properties": { "elevation": 3.9113333225250244, "depth": 1.3609802722930908, "osmid": 3660391306, "name": "['Konkan Belapur Flyover' 'Belapur Flyover']" }, "geometry": { "type": "Point", "coordinates": [ 73.038986888300315, 19.024673361527025 ] } },
{ "type": "Feature", "properties": { "elevation": 4.3459029197692871, "depth": 1.4892363548278809, "osmid": 3660596625, "name": [ "nan" ] }, "geometry": { "type": "Point", "coordinates": [ 73.088629728493842, 19.074466729112633 ] } },
{ "type": "Feature", "properties": { "elevation": 3.897944450378418, "depth": 1.7150387763977051, "osmid": 3663320214, "name": [ "nan" ] }, "geometry": { "type": "Point", "coordinates": [ 73.088146169292358, 19.012922613332336 ] } },
{ "type": "Feature", "properties": { "elevation": 5.2197322845458984, "depth": 1.2267580032348633, "osmid": 3663320215, "name": [ "nan" ] }, "geometry": { "type": "Point", "coordinates": [ 73.0878692341484, 19.013168755887722 ] } },
{ "type": "Feature", "properties": { "elevation": 4.9736309051513672, "depth": 2.1092910766601562, "osmid": 3663320218, "name": [ "nan" ] }, "geometry": { "type": "Point", "coordinates": [ 73.099975162239915, 19.014474791873404 ] } },
{ "type": "Feature", "properties": { "elevation": 2.7422590255737305, "depth": 4.3330025672912598, "osmid": 3664763150, "name": [ "Sector 34 Seaface" ] }, "geometry": { "type": "Point", "coordinates": [ 73.085817209553142, 19.018105840064457 ] } },
{ "type": "Feature", "properties": { "elevation": 5.1548895835876465, "depth": 1.9203720092773438, "osmid": 3664763150, "name": [ "Sector 34 Seaface" ] }, "geometry": { "type": "Point", "coordinates": [ 73.085475286354566, 19.018349716256573 ] } },
{ "type": "Feature", "properties": { "elevation": 4.2504472732543945, "depth": 2.8942742347717285, "osmid": 3664763167, "name": [ "Sector 34 Seaface" ] }, "geometry": { "type": "Point", "coordinates": [ 73.084949707320391, 19.020471828083519 ] } },
{ "type": "Feature", "properties": { "elevation": 4.3889026641845703, "depth": 2.7558188438415527, "osmid": 3664763194, "name": [ "Sector 34 Seaface" ] }, "geometry": { "type": "Point", "coordinates": [ 73.085186449227422, 19.02025605764997 ] } },
{ "type": "Feature", "properties": { "elevation": 5.7404465675354004, "depth": 2.5966401100158691, "osmid": 3664763200, "name": [ "Sector 35 Seaface" ] }, "geometry": { "type": "Point", "coordinates": [ 73.086327603392846, 19.02224178970642 ] } },
{ "type": "Feature", "properties": { "elevation": 5.7404465675354004, "depth": 2.5966401100158691, "osmid": 3664763205, "name": [ "Sector 35 Seaface" ] }, "geometry": { "type": "Point", "coordinates": [ 73.086330894854797, 19.022245910804944 ] } },
{ "type": "Feature", "properties": { "elevation": 3.423142671585083, "depth": 4.9771699905395508, "osmid": 3664763209, "name": [ "nan" ] }, "geometry": { "type": "Point", "coordinates": [ 73.089990235934749, 19.023863182821071 ] } },
{ "type": "Feature", "properties": { "elevation": 5.896695613861084, "depth": 2.063075065612793, "osmid": 3664763211, "name": [ "nan" ] }, "geometry": { "type": "Point", "coordinates": [ 73.096445735795001, 19.024483113552531 ] } },
{ "type": "Feature", "properties": { "elevation": 5.896695613861084, "depth": 2.063075065612793, "osmid": 3664766427, "name": [ "nan" ] }, "geometry": { "type": "Point", "coordinates": [ 73.096396977197017, 19.024515818961373 ] } },
{ "type": "Feature", "properties": { "elevation": 3.423142671585083, "depth": 4.9771699905395508, "osmid": 3664766430, "name": [ "nan" ] }, "geometry": { "type": "Point", "coordinates": [ 73.090009944463191, 19.023887228766799 ] } },
{ "type": "Feature", "properties": { "elevation": 5.6095447540283203, "depth": 1.2262835502624512, "osmid": 3666147625, "name": [ "Shiv Temple loop Road" ] }, "geometry": { "type": "Point", "coordinates": [ 73.094412144915211, 19.016849026879939 ] } },
{ "type": "Feature", "properties": { "elevation": 5.6095447540283203, "depth": 1.2262835502624512, "osmid": 3666147635, "name": [ "Shiv Temple loop Road" ] }, "geometry": { "type": "Point", "coordinates": [ 73.09441545552491, 19.016778096126188 ] } },
{ "type": "Feature", "properties": { "elevation": 4.390655517578125, "depth": 2.3634958267211914, "osmid": 3666147658, "name": [ "nan" ] }, "geometry": { "type": "Point", "coordinates": [ 73.090345755625293, 19.020679388898596 ] } },
{ "type": "Feature", "properties": { "elevation": 2.0, "depth": 1.3767576217651367, "osmid": 3666167650, "name": [ "nan" ] }, "geometry": { "type": "Point", "coordinates": [ 73.100457589998811, 19.012028351185023 ] } },
{ "type": "Feature", "properties": { "elevation": 4.3947010040283203, "depth": 1.6352906227111816, "osmid": 3674750462, "name": [ "nan" ] }, "geometry": { "type": "Point", "coordinates": [ 73.003586043140572, 19.08448691038603 ] } },
{ "type": "Feature", "properties": { "elevation": 4.9615459442138672, "depth": 2.6594595909118652, "osmid": 3674750462, "name": [ "Brahmakumaris Marg" ] }, "geometry": { "type": "Point", "coordinates": [ 73.003811755649593, 19.084940500168521 ] } },
{ "type": "Feature", "properties": { "elevation": 4.2873930931091309, "depth": 2.7845125198364258, "osmid": 3674750463, "name": [ "Brahmakumaris Marg" ] }, "geometry": { "type": "Point", "coordinates": [ 73.003044127861813, 19.083415468165832 ] } },
{ "type": "Feature", "properties": { "elevation": 4.3834056854248047, "depth": 2.8979735374450684, "osmid": 3674750463, "name": [ "Brahmakumaris Marg" ] }, "geometry": { "type": "Point", "coordinates": [ 73.002556042597575, 19.083695450050598 ] } },
{ "type": "Feature", "properties": { "elevation": 4.3834056854248047, "depth": 3.0747179985046387, "osmid": 3674750463, "name": [ "Brahmakumaris Marg" ] }, "geometry": { "type": "Point", "coordinates": [ 73.002507456390205, 19.083881664185057 ] } },
{ "type": "Feature", "properties": { "elevation": 4.3834056854248047, "depth": 3.0747179985046387, "osmid": 3674750464, "name": [ "Brahmakumaris Marg" ] }, "geometry": { "type": "Point", "coordinates": [ 73.002497972602455, 19.083866633127414 ] } },
{ "type": "Feature", "properties": { "elevation": 4.3834056854248047, "depth": 2.8979735374450684, "osmid": 3674750464, "name": [ "Brahmakumaris Marg" ] }, "geometry": { "type": "Point", "coordinates": [ 73.002571828192245, 19.083686394946998 ] } },
{ "type": "Feature", "properties": { "elevation": 4.2873930931091309, "depth": 2.7845125198364258, "osmid": 3674750464, "name": [ "Brahmakumaris Marg" ] }, "geometry": { "type": "Point", "coordinates": [ 73.003059913406048, 19.083406413015304 ] } },
{ "type": "Feature", "properties": { "elevation": 2.4808003902435303, "depth": 1.8636472225189209, "osmid": 3799406424, "name": [ "nan" ] }, "geometry": { "type": "Point", "coordinates": [ 73.030156147723773, 18.979622514711977 ] } },
{ "type": "Feature", "properties": { "elevation": 3.0805120468139648, "depth": 1.5038328170776367, "osmid": 3799406837, "name": [ "nan" ] }, "geometry": { "type": "Point", "coordinates": [ 73.025643227506364, 18.983526834859202 ] } },
{ "type": "Feature", "properties": { "elevation": 1.7711851596832275, "depth": 1.624840259552002, "osmid": 3799406978, "name": [ "nan" ] }, "geometry": { "type": "Point", "coordinates": [ 73.033534436518181, 18.988016219895602 ] } },
{ "type": "Feature", "properties": { "elevation": 3.8057806491851807, "depth": 1.3222644329071045, "osmid": 3799406984, "name": [ "nan" ] }, "geometry": { "type": "Point", "coordinates": [ 73.030321361649357, 18.990685804293133 ] } },
{ "type": "Feature", "properties": { "elevation": 3.8705732822418213, "depth": 2.5649788379669189, "osmid": 3799406984, "name": [ "nan" ] }, "geometry": { "type": "Point", "coordinates": [ 73.029654105916606, 18.992102715984057 ] } },
{ "type": "Feature", "properties": { "elevation": 4.6519055366516113, "depth": 1.531975269317627, "osmid": 3799406984, "name": [ "nan" ] }, "geometry": { "type": "Point", "coordinates": [ 73.030794910778056, 18.992658607444611 ] } },
{ "type": "Feature", "properties": { "elevation": 4.6519055366516113, "depth": 1.531975269317627, "osmid": 3799407009, "name": [ "nan" ] }, "geometry": { "type": "Point", "coordinates": [ 73.030790106547812, 18.992656172889106 ] } },
{ "type": "Feature", "properties": { "elevation": 3.8705732822418213, "depth": 2.5649788379669189, "osmid": 3799407009, "name": [ "nan" ] }, "geometry": { "type": "Point", "coordinates": [ 73.029649162701574, 18.992100547809212 ] } },
{ "type": "Feature", "properties": { "elevation": 3.8057806491851807, "depth": 1.3222644329071045, "osmid": 3799407009, "name": [ "nan" ] }, "geometry": { "type": "Point", "coordinates": [ 73.030325004553916, 18.990681956742854 ] } },
{ "type": "Feature", "properties": { "elevation": 1.5, "depth": 2.9529929161071777, "osmid": 3799407027, "name": [ "nan" ] }, "geometry": { "type": "Point", "coordinates": [ 73.033157186297942, 18.994965421313672 ] } },
{ "type": "Feature", "properties": { "elevation": 5.4546942710876465, "depth": 1.6708464622497559, "osmid": 3799621834, "name": [ "nan" ] }, "geometry": { "type": "Point", "coordinates": [ 73.077375895333333, 19.012472296724969 ] } },
{ "type": "Feature", "properties": { "elevation": 5.4546942710876465, "depth": 1.6708464622497559, "osmid": 3799621966, "name": [ "nan" ] }, "geometry": { "type": "Point", "coordinates": [ 73.077370437441786, 19.012416474638083 ] } },
{ "type": "Feature", "properties": { "elevation": 4.9672422409057617, "depth": 1.7301015853881836, "osmid": 3799621971, "name": [ "nan" ] }, "geometry": { "type": "Point", "coordinates": [ 73.080765247415357, 19.013200285002554 ] } },
{ "type": "Feature", "properties": { "elevation": 4.0166530609130859, "depth": 1.5208196640014648, "osmid": 3803044270, "name": [ "nan" ] }, "geometry": { "type": "Point", "coordinates": [ 73.107471700226469, 19.030193873738895 ] } },
{ "type": "Feature", "properties": { "elevation": 4.6920218467712402, "depth": 1.266387939453125, "osmid": 3803044292, "name": [ "nan" ] }, "geometry": { "type": "Point", "coordinates": [ 73.108425113028289, 19.033860826763743 ] } },
{ "type": "Feature", "properties": { "elevation": -3.4421532154083252, "depth": 4.7375960350036621, "osmid": 3890222353, "name": [ "Swami Pranavanandji Marg" ] }, "geometry": { "type": "Point", "coordinates": [ 72.996102577111259, 19.064012691586061 ] } },
{ "type": "Feature", "properties": { "elevation": 3.401775598526001, "depth": 1.83882737159729, "osmid": 4135892136, "name": [ "Dr. Babasaheb Ambedkar Marg" ] }, "geometry": { "type": "Point", "coordinates": [ 73.026352209570987, 19.016969335261173 ] } },
{ "type": "Feature", "properties": { "elevation": 3.2148044109344482, "depth": 5.0098867416381836, "osmid": 4138453650, "name": [ "nan" ] }, "geometry": { "type": "Point", "coordinates": [ 73.012980325549321, 19.088331461263827 ] } },
{ "type": "Feature", "properties": { "elevation": 3.2148044109344482, "depth": 5.0098867416381836, "osmid": 4138453666, "name": [ "nan" ] }, "geometry": { "type": "Point", "coordinates": [ 73.012964591314898, 19.088305479613918 ] } },
{ "type": "Feature", "properties": { "elevation": 5.9713664054870605, "depth": 1.3848681449890137, "osmid": 4138453669, "name": [ "nan" ] }, "geometry": { "type": "Point", "coordinates": [ 73.010864979349591, 19.088586927784593 ] } },
{ "type": "Feature", "properties": { "elevation": 5.1761250495910645, "depth": 3.8342461585998535, "osmid": 4138453687, "name": [ "nan" ] }, "geometry": { "type": "Point", "coordinates": [ 73.005191212152468, 19.089099924925392 ] } },
{ "type": "Feature", "properties": { "elevation": 5.7754864692687988, "depth": 3.1848149299621582, "osmid": 4140318672, "name": [ "nan" ] }, "geometry": { "type": "Point", "coordinates": [ 72.990817263759183, 19.142550842958379 ] } },
{ "type": "Feature", "properties": { "elevation": 5.9935898780822754, "depth": 2.4161496162414551, "osmid": 4142304186, "name": [ "nan" ] }, "geometry": { "type": "Point", "coordinates": [ 73.130806827669034, 18.994521281280843 ] } },
{ "type": "Feature", "properties": { "elevation": 2.9285485744476318, "depth": 1.9717566967010498, "osmid": 4146373159, "name": [ "nan" ] }, "geometry": { "type": "Point", "coordinates": [ 72.986524609861235, 19.151980702461227 ] } },
{ "type": "Feature", "properties": { "elevation": 3.6380350589752197, "depth": 3.5298864841461182, "osmid": 4146373181, "name": [ "nan" ] }, "geometry": { "type": "Point", "coordinates": [ 72.987641715145756, 19.154262892705809 ] } },
{ "type": "Feature", "properties": { "elevation": 5.2609853744506836, "depth": 1.6359286308288574, "osmid": 4146696217, "name": [ "nan" ] }, "geometry": { "type": "Point", "coordinates": [ 73.003544718632995, 19.11407073829713 ] } },
{ "type": "Feature", "properties": { "elevation": 5.5852375030517578, "depth": 1.4808454513549805, "osmid": 4160788532, "name": [ "nan" ] }, "geometry": { "type": "Point", "coordinates": [ 73.02431855116518, 19.017954766157715 ] } },
{ "type": "Feature", "properties": { "elevation": 5.9532351493835449, "depth": 1.9904866218566895, "osmid": 4160788532, "name": [ "nan" ] }, "geometry": { "type": "Point", "coordinates": [ 73.023996961112601, 19.018222328704045 ] } },
{ "type": "Feature", "properties": { "elevation": 5.1087627410888672, "depth": 1.2457499504089355, "osmid": 4162615452, "name": [ "nan" ] }, "geometry": { "type": "Point", "coordinates": [ 72.998446163561866, 19.062414196521626 ] } },
{ "type": "Feature", "properties": { "elevation": 4.0649595260620117, "depth": 1.8403120040893555, "osmid": 4162615477, "name": [ "nan" ] }, "geometry": { "type": "Point", "coordinates": [ 72.991369383029792, 19.065029622075119 ] } },
{ "type": "Feature", "properties": { "elevation": 2.245980978012085, "depth": 1.3591072559356689, "osmid": 4163268795, "name": [ "nan" ] }, "geometry": { "type": "Point", "coordinates": [ 73.001479590398802, 18.866847270264049 ] } },
{ "type": "Feature", "properties": { "elevation": 2.245980978012085, "depth": 1.3591072559356689, "osmid": 4163268816, "name": [ "nan" ] }, "geometry": { "type": "Point", "coordinates": [ 73.001424124327485, 18.866867805671394 ] } },
{ "type": "Feature", "properties": { "elevation": 3.424222469329834, "depth": 2.5895986557006836, "osmid": 4163268868, "name": [ "nan" ] }, "geometry": { "type": "Point", "coordinates": [ 72.975040163610444, 18.874671006695358 ] } },
{ "type": "Feature", "properties": { "elevation": 4.0347738265991211, "depth": 1.4888930320739746, "osmid": 4163268868, "name": [ "nan" ] }, "geometry": { "type": "Point", "coordinates": [ 72.974509180772216, 18.875307707517148 ] } },
{ "type": "Feature", "properties": { "elevation": 2.0, "depth": 2.2792119979858398, "osmid": 4163268870, "name": [ "nan" ] }, "geometry": { "type": "Point", "coordinates": [ 72.978202417238634, 18.875762415285415 ] } },
{ "type": "Feature", "properties": { "elevation": 2.0, "depth": 2.3344306945800781, "osmid": 4163268870, "name": [ "nan" ] }, "geometry": { "type": "Point", "coordinates": [ 72.978536631365756, 18.876015401150202 ] } },
{ "type": "Feature", "properties": { "elevation": 2.4837932586669922, "depth": 3.1148519515991211, "osmid": 4163268888, "name": [ "nan" ] }, "geometry": { "type": "Point", "coordinates": [ 72.973266257928856, 18.876798083514824 ] } },
{ "type": "Feature", "properties": { "elevation": 4.5370006561279297, "depth": 1.3898849487304688, "osmid": 4163268888, "name": [ "nan" ] }, "geometry": { "type": "Point", "coordinates": [ 72.969329685032704, 18.876849168647031 ] } },
{ "type": "Feature", "properties": { "elevation": 4.5509214401245117, "depth": 1.6281309127807617, "osmid": 4163268935, "name": [ "nan" ] }, "geometry": { "type": "Point", "coordinates": [ 73.003299331033404, 18.896050047826066 ] } },
{ "type": "Feature", "properties": { "elevation": 4.6177830696105957, "depth": 2.1427350044250488, "osmid": 4163268935, "name": [ "nan" ] }, "geometry": { "type": "Point", "coordinates": [ 73.003034388174953, 18.898037511421293 ] } },
{ "type": "Feature", "properties": { "elevation": 2.5128898620605469, "depth": 1.9854950904846191, "osmid": 4163268952, "name": [ "nan" ] }, "geometry": { "type": "Point", "coordinates": [ 73.00135646700727, 18.899602768813889 ] } },
{ "type": "Feature", "properties": { "elevation": 4.6177830696105957, "depth": 2.1427350044250488, "osmid": 4163268952, "name": [ "nan" ] }, "geometry": { "type": "Point", "coordinates": [ 73.002994666098132, 18.898090539943642 ] } },
{ "type": "Feature", "properties": { "elevation": 2.457324743270874, "depth": 1.5080268383026123, "osmid": 4163269227, "name": [ "nan" ] }, "geometry": { "type": "Point", "coordinates": [ 72.972977854107185, 18.921988021810247 ] } },
{ "type": "Feature", "properties": { "elevation": 3.5524086952209473, "depth": 2.1842794418334961, "osmid": 4163269235, "name": [ "nan" ] }, "geometry": { "type": "Point", "coordinates": [ 72.967893438156139, 18.920326884129889 ] } },
{ "type": "Feature", "properties": { "elevation": 5.2253646850585938, "depth": 1.6848149299621582, "osmid": 4163269246, "name": [ "nan" ] }, "geometry": { "type": "Point", "coordinates": [ 73.000587771741664, 18.927136547795243 ] } },
{ "type": "Feature", "properties": { "elevation": 5.6952776908874512, "depth": 2.1700468063354492, "osmid": 4163269261, "name": [ "nan" ] }, "geometry": { "type": "Point", "coordinates": [ 73.007586890722564, 18.925952611655092 ] } },
{ "type": "Feature", "properties": { "elevation": 5.8246369361877441, "depth": 3.934943675994873, "osmid": 4163269261, "name": [ "nan" ] }, "geometry": { "type": "Point", "coordinates": [ 73.00842312127763, 18.92646647151717 ] } },
{ "type": "Feature", "properties": { "elevation": 5.0247507095336914, "depth": 5.2386312484741211, "osmid": 4163269393, "name": [ "nan" ] }, "geometry": { "type": "Point", "coordinates": [ 73.000893152594102, 18.92753795265083 ] } },
{ "type": "Feature", "properties": { "elevation": 2.9288139343261719, "depth": 1.299314022064209, "osmid": 4163269445, "name": [ "nan" ] }, "geometry": { "type": "Point", "coordinates": [ 73.001700154820583, 18.931334476595982 ] } },
{ "type": "Feature", "properties": { "elevation": 3.4059751033782959, "depth": 1.7759993076324463, "osmid": 4163274294, "name": [ "nan" ] }, "geometry": { "type": "Point", "coordinates": [ 73.113907103299496, 18.980469026059424 ] } },
{ "type": "Feature", "properties": { "elevation": 4.8231515884399414, "depth": 1.8712472915649414, "osmid": 4163274680, "name": [ "nan" ] }, "geometry": { "type": "Point", "coordinates": [ 73.100418545016524, 18.992567100432073 ] } },
{ "type": "Feature", "properties": { "elevation": 5.3047323226928711, "depth": 1.2310371398925781, "osmid": 4164759353, "name": [ "nan" ] }, "geometry": { "type": "Point", "coordinates": [ 72.998779746339551, 19.118009401554051 ] } },
{ "type": "Feature", "properties": { "elevation": 5.3047323226928711, "depth": 1.2310371398925781, "osmid": 4164759357, "name": [ "nan" ] }, "geometry": { "type": "Point", "coordinates": [ 72.998879845153724, 19.117981361303467 ] } },
{ "type": "Feature", "properties": { "elevation": 5.9737148284912109, "depth": 1.3122286796569824, "osmid": 4164921681, "name": [ "Juinagar Station Service Road" ] }, "geometry": { "type": "Point", "coordinates": [ 73.019079156909399, 19.052668655785073 ] } },
{ "type": "Feature", "properties": { "elevation": 5.3952960968017578, "depth": 2.0821404457092285, "osmid": 4165376924, "name": [ "nan" ] }, "geometry": { "type": "Point", "coordinates": [ 73.046996877431653, 18.900649382605852 ] } },
{ "type": "Feature", "properties": { "elevation": 1.9787260293960571, "depth": 1.341525673866272, "osmid": 4165376955, "name": [ "nan" ] }, "geometry": { "type": "Point", "coordinates": [ 73.038581754792745, 18.918319495105994 ] } },
{ "type": "Feature", "properties": { "elevation": 1.9787260293960571, "depth": 1.341525673866272, "osmid": 4165377045, "name": [ "nan" ] }, "geometry": { "type": "Point", "coordinates": [ 73.038580099904365, 18.918323141725928 ] } },
{ "type": "Feature", "properties": { "elevation": 3.4518382549285889, "depth": 2.2314684391021729, "osmid": 4165377151, "name": [ "nan" ] }, "geometry": { "type": "Point", "coordinates": [ 73.031884241200402, 18.928181006621134 ] } },
{ "type": "Feature", "properties": { "elevation": 5.9496860504150391, "depth": 3.2238750457763672, "osmid": 4233302132, "name": [ "Sector 14 Nerul Road" ] }, "geometry": { "type": "Point", "coordinates": [ 73.00899750807568, 19.036568316576602 ] } },
{ "type": "Feature", "properties": { "elevation": 4.9497647285461426, "depth": 1.6262574195861816, "osmid": 4819939176, "name": [ "nan" ] }, "geometry": { "type": "Point", "coordinates": [ 73.012490075658491, 19.086191154616571 ] } },
{ "type": "Feature", "properties": { "elevation": 4.3944540023803711, "depth": 2.0623717308044434, "osmid": 4819939177, "name": [ "MAFCO Road" ] }, "geometry": { "type": "Point", "coordinates": [ 73.013329363609373, 19.086170424354481 ] } },
{ "type": "Feature", "properties": { "elevation": 3.9239187240600586, "depth": 1.300356388092041, "osmid": 5227740369, "name": [ "Casa Bella Road" ] }, "geometry": { "type": "Point", "coordinates": [ 73.075045288576817, 19.168815583102788 ] } },
{ "type": "Feature", "properties": { "elevation": 3.321378231048584, "depth": 3.2422628402709961, "osmid": 5266078477, "name": [ "nan" ] }, "geometry": { "type": "Point", "coordinates": [ 73.005576508932108, 19.088243918711793 ] } },
{ "type": "Feature", "properties": { "elevation": 5.1852312088012695, "depth": 1.4639978408813477, "osmid": 5309680030, "name": [ "nan" ] }, "geometry": { "type": "Point", "coordinates": [ 73.035079306679108, 18.977279453533345 ] } },
{ "type": "Feature", "properties": { "elevation": 5.7509984970092773, "depth": 2.5107393264770508, "osmid": 5382778904, "name": [ "nan" ] }, "geometry": { "type": "Point", "coordinates": [ 73.015215523087761, 19.019835758274706 ] } },
{ "type": "Feature", "properties": { "elevation": 3.0253143310546875, "depth": 2.2494311332702637, "osmid": 5388727688, "name": [ "Seawoods NRI Service Road" ] }, "geometry": { "type": "Point", "coordinates": [ 73.014649562192474, 19.007567548579509 ] } },
{ "type": "Feature", "properties": { "elevation": 3.8956775665283203, "depth": 1.8617682456970215, "osmid": 5414169344, "name": [ "Palm Beach Marg" ] }, "geometry": { "type": "Point", "coordinates": [ 73.009534474499816, 19.011817711326714 ] } },
{ "type": "Feature", "properties": { "elevation": 2.9695119857788086, "depth": 1.3030939102172852, "osmid": 5418171825, "name": [ "Amra Marg" ] }, "geometry": { "type": "Point", "coordinates": [ 73.037628448775493, 18.979025412624686 ] } },
{ "type": "Feature", "properties": { "elevation": 3.0800790786743164, "depth": 1.4951400756835938, "osmid": 5423992482, "name": [ "Ulwe Main Road" ] }, "geometry": { "type": "Point", "coordinates": [ 73.026147489477708, 18.97710313194322 ] } },
{ "type": "Feature", "properties": { "elevation": 2.4808003902435303, "depth": 1.8636472225189209, "osmid": 5423992516, "name": [ "nan" ] }, "geometry": { "type": "Point", "coordinates": [ 73.030174325583289, 18.979649392776356 ] } },
{ "type": "Feature", "properties": { "elevation": 5.7763118743896484, "depth": 1.2682580947875977, "osmid": 5424057899, "name": [ "nan" ] }, "geometry": { "type": "Point", "coordinates": [ 73.023013284671009, 18.969790359414421 ] } },
{ "type": "Feature", "properties": { "elevation": 5.3588380813598633, "depth": 1.2117643356323242, "osmid": 5424058039, "name": [ "Vedanta Road" ] }, "geometry": { "type": "Point", "coordinates": [ 73.019132813732853, 18.969947261753827 ] } },
{ "type": "Feature", "properties": { "elevation": 5.3588380813598633, "depth": 1.2117643356323242, "osmid": 5424058049, "name": [ "Vedanta Road" ] }, "geometry": { "type": "Point", "coordinates": [ 73.01909716699187, 18.969968888954508 ] } },
{ "type": "Feature", "properties": { "elevation": 4.792881965637207, "depth": 2.3249702453613281, "osmid": 5424058049, "name": [ "nan" ] }, "geometry": { "type": "Point", "coordinates": [ 73.018301432482787, 18.970290976037063 ] } },
{ "type": "Feature", "properties": { "elevation": 4.4323782920837402, "depth": 2.2324662208557129, "osmid": 5424058049, "name": [ "nan" ] }, "geometry": { "type": "Point", "coordinates": [ 73.018075630522233, 18.969945904012967 ] } },
{ "type": "Feature", "properties": { "elevation": 4.792881965637207, "depth": 1.5200252532958984, "osmid": 5424058049, "name": [ "Vedanta Road" ] }, "geometry": { "type": "Point", "coordinates": [ 73.018256645497885, 18.97047888684796 ] } },
{ "type": "Feature", "properties": { "elevation": 5.8161606788635254, "depth": 2.3662161827087402, "osmid": 5424075025, "name": [ "nan" ] }, "geometry": { "type": "Point", "coordinates": [ 73.02873162618765, 18.972489989713253 ] } },
{ "type": "Feature", "properties": { "elevation": 3.4747943878173828, "depth": 1.8362746238708496, "osmid": 5425891867, "name": [ "nan" ] }, "geometry": { "type": "Point", "coordinates": [ 73.129939491124759, 18.852103296807687 ] } },
{ "type": "Feature", "properties": { "elevation": 4.7615933418273926, "depth": 1.7065420150756836, "osmid": 5425971079, "name": [ "nan" ] }, "geometry": { "type": "Point", "coordinates": [ 73.002425211066281, 19.060806475652111 ] } },
{ "type": "Feature", "properties": { "elevation": 3.028522253036499, "depth": 1.39017653465271, "osmid": 5437019099, "name": [ "nan" ] }, "geometry": { "type": "Point", "coordinates": [ 73.021550357682145, 18.984698720871108 ] } },
{ "type": "Feature", "properties": { "elevation": 2.6538286209106445, "depth": 1.2994842529296875, "osmid": 5437019099, "name": [ "nan" ] }, "geometry": { "type": "Point", "coordinates": [ 73.022112257666905, 18.985481804212561 ] } },
{ "type": "Feature", "properties": { "elevation": 2.8173620700836182, "depth": 1.2017471790313721, "osmid": 5441912534, "name": [ "nan" ] }, "geometry": { "type": "Point", "coordinates": [ 73.025963151472595, 18.979243062873241 ] } },
{ "type": "Feature", "properties": { "elevation": 5.9191622734069824, "depth": 1.2495322227478027, "osmid": 5461225950, "name": [ "Seawoods Service Road" ] }, "geometry": { "type": "Point", "coordinates": [ 73.010135996152329, 19.011868222224344 ] } },
{ "type": "Feature", "properties": { "elevation": 5.9191622734069824, "depth": 1.2495322227478027, "osmid": 5461225966, "name": [ "Seawoods Service Road" ] }, "geometry": { "type": "Point", "coordinates": [ 73.010113101263997, 19.011890753229885 ] } },
{ "type": "Feature", "properties": { "elevation": 5.1614432334899902, "depth": 2.8625664710998535, "osmid": 5470840244, "name": [ "Gopinath Panda Patil Marg" ] }, "geometry": { "type": "Point", "coordinates": [ 73.031873347884016, 19.005402087962331 ] } },
{ "type": "Feature", "properties": { "elevation": 3.1535236835479736, "depth": 2.8716995716094971, "osmid": 5498535571, "name": [ "Ramesh Sankarrow Hebbar Marg" ] }, "geometry": { "type": "Point", "coordinates": [ 73.017571059733925, 19.011969696294884 ] } },
{ "type": "Feature", "properties": { "elevation": 5.26513671875, "depth": 1.900238037109375, "osmid": 5498535596, "name": [ "nan" ] }, "geometry": { "type": "Point", "coordinates": [ 73.011634106165147, 19.010387833026353 ] } },
{ "type": "Feature", "properties": { "elevation": 2.9726097583770752, "depth": 2.8361585140228271, "osmid": 5498601605, "name": [ "nan" ] }, "geometry": { "type": "Point", "coordinates": [ 73.010646021583867, 19.013764631876505 ] } },
{ "type": "Feature", "properties": { "elevation": 5.2528414726257324, "depth": 3.8086323738098145, "osmid": 5498601605, "name": [ "Jairam Tukaram Tandel Marg" ] }, "geometry": { "type": "Point", "coordinates": [ 73.010618954081096, 19.013354048238359 ] } },
{ "type": "Feature", "properties": { "elevation": 4.9460744857788086, "depth": 1.2276349067687988, "osmid": 5498609702, "name": [ "Shyamrao Ramchandra Tandel Marg" ] }, "geometry": { "type": "Point", "coordinates": [ 73.013220933483694, 19.020956193255255 ] } },
{ "type": "Feature", "properties": { "elevation": 5.7715678215026855, "depth": 1.3235507011413574, "osmid": 5498624641, "name": [ "Seawoods Rail-Over Bridge" ] }, "geometry": { "type": "Point", "coordinates": [ 73.022011337166219, 19.021713218740846 ] } },
{ "type": "Feature", "properties": { "elevation": 5.8029961585998535, "depth": 1.6076512336730957, "osmid": 5498624641, "name": [ "Seawoods Rail-Over Bridge" ] }, "geometry": { "type": "Point", "coordinates": [ 73.022298810149707, 19.022013871577698 ] } },
{ "type": "Feature", "properties": { "elevation": 5.794060230255127, "depth": 2.4259867668151855, "osmid": 5498645852, "name": [ "Seawoods Station Road" ] }, "geometry": { "type": "Point", "coordinates": [ 73.018404156617763, 19.02041504248735 ] } },
{ "type": "Feature", "properties": { "elevation": 4.3097329139709473, "depth": 1.6765103340148926, "osmid": 5507313289, "name": [ "nan" ] }, "geometry": { "type": "Point", "coordinates": [ 73.013952999267346, 19.075215003853213 ] } },
{ "type": "Feature", "properties": { "elevation": 5.2559504508972168, "depth": 1.5315151214599609, "osmid": 5507313289, "name": [ "nan" ] }, "geometry": { "type": "Point", "coordinates": [ 73.014206666844942, 19.077914069795995 ] } },
{ "type": "Feature", "properties": { "elevation": 4.3736691474914551, "depth": 2.3220043182373047, "osmid": 5508317418, "name": [ "Palm Beach Marg" ] }, "geometry": { "type": "Point", "coordinates": [ 73.005550016933839, 19.082924393428062 ] } },
{ "type": "Feature", "properties": { "elevation": 4.0991420745849609, "depth": 1.7658786773681641, "osmid": 5544733055, "name": [ "Sanpada Flyover" ] }, "geometry": { "type": "Point", "coordinates": [ 73.005499743422092, 19.062599083739052 ] } },
{ "type": "Feature", "properties": { "elevation": 2.5444941520690918, "depth": 9.7235908508300781, "osmid": 5611354260, "name": [ "Uran Road" ] }, "geometry": { "type": "Point", "coordinates": [ 73.094718193445345, 18.991179490318213 ] } },
{ "type": "Feature", "properties": { "elevation": 5.9259300231933594, "depth": 1.3013668060302734, "osmid": 5611354265, "name": [ "Uran Road" ] }, "geometry": { "type": "Point", "coordinates": [ 73.09393732036898, 18.989740311105482 ] } },
{ "type": "Feature", "properties": { "elevation": 4.9162616729736328, "depth": 1.6723036766052246, "osmid": 5641667481, "name": [ "Sion-Panvel Highway" ] }, "geometry": { "type": "Point", "coordinates": [ 73.020158585711073, 19.052090111862178 ] } },
{ "type": "Feature", "properties": { "elevation": 2.3703374862670898, "depth": 2.433131217956543, "osmid": 5694694611, "name": [ "NMMC Flyover" ] }, "geometry": { "type": "Point", "coordinates": [ 73.029841180766027, 19.006859730345315 ] } },
{ "type": "Feature", "properties": { "elevation": 5.3095531463623047, "depth": 2.0732402801513672, "osmid": 5707644523, "name": [ "Gharkul Road" ] }, "geometry": { "type": "Point", "coordinates": [ 73.079284017527911, 19.038100907247529 ] } },
{ "type": "Feature", "properties": { "elevation": 4.5396595001220703, "depth": 1.6656785011291504, "osmid": 5710417992, "name": [ "nan" ] }, "geometry": { "type": "Point", "coordinates": [ 73.027267546552125, 18.979945792555288 ] } },
{ "type": "Feature", "properties": { "elevation": 3.7812373638153076, "depth": 1.2981650829315186, "osmid": 5727570451, "name": [ "Vashi Gaon Road" ] }, "geometry": { "type": "Point", "coordinates": [ 72.991191062866591, 19.066099358512112 ] } },
{ "type": "Feature", "properties": { "elevation": 5.3836822509765625, "depth": 3.0994558334350586, "osmid": 5727570452, "name": [ "Swami Pranavanandaji Marg" ] }, "geometry": { "type": "Point", "coordinates": [ 72.992131504758859, 19.066537915129427 ] } },
{ "type": "Feature", "properties": { "elevation": 5.876063346862793, "depth": 1.4816503524780273, "osmid": 5729545593, "name": [ "Seawoods Rail-Over Bridge" ] }, "geometry": { "type": "Point", "coordinates": [ 73.020066974690266, 19.01956403854312 ] } },
{ "type": "Feature", "properties": { "elevation": 5.5319585800170898, "depth": 1.8610424995422363, "osmid": 5729545593, "name": [ "Seawoods Rail-Over Bridge" ] }, "geometry": { "type": "Point", "coordinates": [ 73.019775454329462, 19.019266806496049 ] } },
{ "type": "Feature", "properties": { "elevation": 5.1591396331787109, "depth": 2.2338614463806152, "osmid": 5729545593, "name": [ "Seawoods Rail-Over Bridge" ] }, "geometry": { "type": "Point", "coordinates": [ 73.019483934999272, 19.018969574073783 ] } },
{ "type": "Feature", "properties": { "elevation": 5.3048086166381836, "depth": 1.7891111373901367, "osmid": 5750721603, "name": [ "Gagangiri Maharaj Marg" ] }, "geometry": { "type": "Point", "coordinates": [ 73.002050045258073, 19.09520429156548 ] } },
{ "type": "Feature", "properties": { "elevation": 3.8930380344390869, "depth": 1.9393870830535889, "osmid": 5761252249, "name": [ "Sector 29 Vashi Road" ] }, "geometry": { "type": "Point", "coordinates": [ 73.005889545255684, 19.090225821353982 ] } },
{ "type": "Feature", "properties": { "elevation": 4.0, "depth": 4.652435302734375, "osmid": 5765698424, "name": [ "nan" ] }, "geometry": { "type": "Point", "coordinates": [ 73.165394437395321, 18.886379816056511 ] } },
{ "type": "Feature", "properties": { "elevation": 5.773902416229248, "depth": 3.0352339744567871, "osmid": 5765698424, "name": [ "nan" ] }, "geometry": { "type": "Point", "coordinates": [ 73.165123170222955, 18.886083207121128 ] } },
{ "type": "Feature", "properties": { "elevation": 5.5453472137451172, "depth": 2.0023069381713867, "osmid": 5765698424, "name": [ "nan" ] }, "geometry": { "type": "Point", "coordinates": [ 73.159839466229798, 18.883600317547813 ] } },
{ "type": "Feature", "properties": { "elevation": 5.5, "depth": 3.0621366500854492, "osmid": 5767402969, "name": [ "Sukapur Road" ] }, "geometry": { "type": "Point", "coordinates": [ 73.133400074839244, 18.998010877526522 ] } },
{ "type": "Feature", "properties": { "elevation": 3.3910934925079346, "depth": 1.623032808303833, "osmid": 5772931515, "name": [ "nan" ] }, "geometry": { "type": "Point", "coordinates": [ 73.005860823646913, 18.871456932876406 ] } },
{ "type": "Feature", "properties": { "elevation": 3.3910934925079346, "depth": 1.623032808303833, "osmid": 5772931520, "name": [ "nan" ] }, "geometry": { "type": "Point", "coordinates": [ 73.005860203246328, 18.871452192943249 ] } },
{ "type": "Feature", "properties": { "elevation": 1.3348015546798706, "depth": 1.6571341753005981, "osmid": 5772931520, "name": [ "nan" ] }, "geometry": { "type": "Point", "coordinates": [ 73.006097811911701, 18.87236791118567 ] } },
{ "type": "Feature", "properties": { "elevation": 5.3653473854064941, "depth": 3.1736178398132324, "osmid": 5795954872, "name": [ "Palm Beach Marg" ] }, "geometry": { "type": "Point", "coordinates": [ 73.00643891709062, 19.084039594623111 ] } },
{ "type": "Feature", "properties": { "elevation": 2.0, "depth": 2.1455721855163574, "osmid": 5956625061, "name": [ "nan" ] }, "geometry": { "type": "Point", "coordinates": [ 73.117729172210005, 18.970953459806573 ] } },
{ "type": "Feature", "properties": { "elevation": 2.0, "depth": 1.9729514122009277, "osmid": 5956625061, "name": [ "nan" ] }, "geometry": { "type": "Point", "coordinates": [ 73.117449437128428, 18.971260723386123 ] } },
{ "type": "Feature", "properties": { "elevation": 2.5, "depth": 6.0989980697631836, "osmid": 5956689648, "name": [ "nan" ] }, "geometry": { "type": "Point", "coordinates": [ 73.158137496200609, 18.869888765733236 ] } },
{ "type": "Feature", "properties": { "elevation": 2.5, "depth": 4.9372777938842773, "osmid": 5956689737, "name": [ "nan" ] }, "geometry": { "type": "Point", "coordinates": [ 73.158146772344423, 18.869919822881641 ] } },
{ "type": "Feature", "properties": { "elevation": 1.8108807802200317, "depth": 2.8897886276245117, "osmid": 6052646155, "name": "['Vashi-Sanpada Link Road' 'Vashi Station Road']" }, "geometry": { "type": "Point", "coordinates": [ 72.998364896349386, 19.06644486954638 ] } },
{ "type": "Feature", "properties": { "elevation": 4.486210823059082, "depth": 1.924379825592041, "osmid": 6091905974, "name": [ "Vashi Station Road" ] }, "geometry": { "type": "Point", "coordinates": [ 72.998097580966174, 19.067115143675583 ] } },
{ "type": "Feature", "properties": { "elevation": 5.5969648361206055, "depth": 2.672215461730957, "osmid": 6110379586, "name": [ "nan" ] }, "geometry": { "type": "Point", "coordinates": [ 73.01872597024007, 18.959172265646814 ] } },
{ "type": "Feature", "properties": { "elevation": 5.168543815612793, "depth": 2.403684139251709, "osmid": 6116237984, "name": [ "Central Park Metro Road" ] }, "geometry": { "type": "Point", "coordinates": [ 73.075524018763275, 19.049588250156958 ] } },
{ "type": "Feature", "properties": { "elevation": 3.3588716983795166, "depth": 1.4544165134429932, "osmid": 6117587715, "name": [ "Kalamboli Link Road" ] }, "geometry": { "type": "Point", "coordinates": [ 73.097750892835194, 19.044022763964939 ] } },
{ "type": "Feature", "properties": { "elevation": 3.3287999629974365, "depth": 2.5099132061004639, "osmid": 6118207562, "name": [ "nan" ] }, "geometry": { "type": "Point", "coordinates": [ 73.077350416982156, 19.04763101066705 ] } },
{ "type": "Feature", "properties": { "elevation": 5.0183348655700684, "depth": 1.7624263763427734, "osmid": 6118751981, "name": [ "D-Mart Road" ] }, "geometry": { "type": "Point", "coordinates": [ 73.078687523472098, 19.044610444541672 ] } },
{ "type": "Feature", "properties": { "elevation": 5.0055675506591797, "depth": 1.2290277481079102, "osmid": 6606709737, "name": [ "nan" ] }, "geometry": { "type": "Point", "coordinates": [ 72.991492745022597, 19.163996405116656 ] } },
{ "type": "Feature", "properties": { "elevation": 5.6663212776184082, "depth": 1.2609610557556152, "osmid": 6606709741, "name": [ "nan" ] }, "geometry": { "type": "Point", "coordinates": [ 72.992070910888813, 19.164294411015145 ] } },
{ "type": "Feature", "properties": { "elevation": 3.4932253360748291, "depth": 3.5268304347991943, "osmid": 6615925846, "name": [ "Nirmaladevi Marg" ] }, "geometry": { "type": "Point", "coordinates": [ 73.038615158512798, 19.022532139266573 ] } },
{ "type": "Feature", "properties": { "elevation": 5.4109673500061035, "depth": 1.5304789543151855, "osmid": 6616198210, "name": [ "Kharghar Station Road" ] }, "geometry": { "type": "Point", "coordinates": [ 73.061442795640559, 19.028456330532084 ] } },
{ "type": "Feature", "properties": { "elevation": 5.1792349815368652, "depth": 1.3404331207275391, "osmid": 6616342532, "name": [ "nan" ] }, "geometry": { "type": "Point", "coordinates": [ 73.013888328116707, 19.088434672474207 ] } },
{ "type": "Feature", "properties": { "elevation": 4.0146627426147461, "depth": 1.6411747932434082, "osmid": 6616397029, "name": [ "Kharghar Station Road" ] }, "geometry": { "type": "Point", "coordinates": [ 73.069667547124126, 19.034221954647659 ] } },
{ "type": "Feature", "properties": { "elevation": 1.7638531923294067, "depth": 1.6027559041976929, "osmid": 7165427690, "name": [ "nan" ] }, "geometry": { "type": "Point", "coordinates": [ 73.002170829352664, 18.894829892776176 ] } },
{ "type": "Feature", "properties": { "elevation": 3.6530342102050781, "depth": 1.4609074592590332, "osmid": 7165427785, "name": [ "nan" ] }, "geometry": { "type": "Point", "coordinates": [ 72.995311064140125, 18.868611034392618 ] } },
{ "type": "Feature", "properties": { "elevation": 3.6530342102050781, "depth": 1.4609074592590332, "osmid": 7165428085, "name": [ "nan" ] }, "geometry": { "type": "Point", "coordinates": [ 72.995257584577757, 18.868643309953057 ] } },
{ "type": "Feature", "properties": { "elevation": 4.4323782920837402, "depth": 2.2324662208557129, "osmid": 7239435040, "name": [ "nan" ] }, "geometry": { "type": "Point", "coordinates": [ 73.018076167123894, 18.969946724052967 ] } },
{ "type": "Feature", "properties": { "elevation": 4.792881965637207, "depth": 2.3249702453613281, "osmid": 7239435040, "name": [ "nan" ] }, "geometry": { "type": "Point", "coordinates": [ 73.018301969086565, 18.970291796076577 ] } },
{ "type": "Feature", "properties": { "elevation": 3.0878379344940186, "depth": 2.7020537853240967, "osmid": 7239512509, "name": [ "nan" ] }, "geometry": { "type": "Point", "coordinates": [ 73.032954255718053, 18.987457468198436 ] } },
{ "type": "Feature", "properties": { "elevation": 1.7711851596832275, "depth": 1.624840259552002, "osmid": 7239512509, "name": [ "nan" ] }, "geometry": { "type": "Point", "coordinates": [ 73.033552408793597, 18.988032186937922 ] } },
{ "type": "Feature", "properties": { "elevation": 5.9743409156799316, "depth": 1.2996845245361328, "osmid": 7244612752, "name": [ "nan" ] }, "geometry": { "type": "Point", "coordinates": [ 73.096195417426543, 18.859697082098446 ] } },
{ "type": "Feature", "properties": { "elevation": 5.5453472137451172, "depth": 2.0023069381713867, "osmid": 7252952967, "name": [ "nan" ] }, "geometry": { "type": "Point", "coordinates": [ 73.159847629288095, 18.883601713303015 ] } },
{ "type": "Feature", "properties": { "elevation": 5.2780323028564453, "depth": 2.2696218490600586, "osmid": 7252952967, "name": [ "nan" ] }, "geometry": { "type": "Point", "coordinates": [ 73.160025076923233, 18.88379566622141 ] } },
{ "type": "Feature", "properties": { "elevation": 5.773902416229248, "depth": 3.0352339744567871, "osmid": 7252952967, "name": [ "nan" ] }, "geometry": { "type": "Point", "coordinates": [ 73.165130142314382, 18.886087482915837 ] } },
{ "type": "Feature", "properties": { "elevation": 4.0, "depth": 4.652435302734375, "osmid": 7252952967, "name": [ "nan" ] }, "geometry": { "type": "Point", "coordinates": [ 73.165396810388685, 18.886387380713032 ] } },
{ "type": "Feature", "properties": { "elevation": 3.0, "depth": 4.1940522193908691, "osmid": 7263214675, "name": [ "JNPT Road" ] }, "geometry": { "type": "Point", "coordinates": [ 73.123297396669798, 18.96702859139285 ] } },
{ "type": "Feature", "properties": { "elevation": 2.3659074306488037, "depth": 1.5029385089874268, "osmid": 7271942395, "name": [ "nan" ] }, "geometry": { "type": "Point", "coordinates": [ 73.015713145211876, 18.928426560605377 ] } },
{ "type": "Feature", "properties": { "elevation": 5.6375865936279297, "depth": 1.453773021697998, "osmid": 7271994282, "name": [ "nan" ] }, "geometry": { "type": "Point", "coordinates": [ 73.007685461870992, 18.955526390535383 ] } },
{ "type": "Feature", "properties": { "elevation": 4.3832430839538574, "depth": 1.3934745788574219, "osmid": 7272390641, "name": [ "nan" ] }, "geometry": { "type": "Point", "coordinates": [ 73.022592028229766, 18.964556509104259 ] } },
{ "type": "Feature", "properties": { "elevation": 4.3832430839538574, "depth": 1.3934745788574219, "osmid": 7272390647, "name": [ "nan" ] }, "geometry": { "type": "Point", "coordinates": [ 73.022602188533739, 18.964545519311944 ] } },
{ "type": "Feature", "properties": { "elevation": 5.5004734992980957, "depth": 1.2331094741821289, "osmid": 7279096207, "name": [ "nan" ] }, "geometry": { "type": "Point", "coordinates": [ 73.016770853773565, 18.957053372693967 ] } },
{ "type": "Feature", "properties": { "elevation": 5.5004734992980957, "depth": 1.2331094741821289, "osmid": 7279096214, "name": [ "nan" ] }, "geometry": { "type": "Point", "coordinates": [ 73.016768088482152, 18.957042252265921 ] } },
{ "type": "Feature", "properties": { "elevation": 5.905642032623291, "depth": 1.6484723091125488, "osmid": 7279827690, "name": [ "nan" ] }, "geometry": { "type": "Point", "coordinates": [ 73.043666374630703, 19.164040313653473 ] } },
{ "type": "Feature", "properties": { "elevation": 5.9224643707275391, "depth": 1.223656177520752, "osmid": 7283999908, "name": [ "nan" ] }, "geometry": { "type": "Point", "coordinates": [ 73.014654653124353, 18.9665244237084 ] } },
{ "type": "Feature", "properties": { "elevation": 5.9224643707275391, "depth": 1.223656177520752, "osmid": 7283999912, "name": [ "nan" ] }, "geometry": { "type": "Point", "coordinates": [ 73.014668899845205, 18.96655339558253 ] } },
{ "type": "Feature", "properties": { "elevation": 2.8904886245727539, "depth": 1.9936127662658691, "osmid": 7302434779, "name": [ "Kopra Road" ] }, "geometry": { "type": "Point", "coordinates": [ 73.078363922046393, 19.034507463982518 ] } },
{ "type": "Feature", "properties": { "elevation": 4.8646512031555176, "depth": 4.8134722709655762, "osmid": 7302434779, "name": [ "Kopra Road" ] }, "geometry": { "type": "Point", "coordinates": [ 73.078034877752728, 19.036258352257875 ] } },
{ "type": "Feature", "properties": { "elevation": 2.8468599319458008, "depth": 1.9452142715454102, "osmid": 7302519060, "name": [ "Kalamboli Link Road" ] }, "geometry": { "type": "Point", "coordinates": [ 73.092932792672016, 19.040982726107 ] } },
{ "type": "Feature", "properties": { "elevation": 3.059945821762085, "depth": 1.4464466571807861, "osmid": 7306022147, "name": [ "Mansarovar Station Road" ] }, "geometry": { "type": "Point", "coordinates": [ 73.083381260009986, 19.015404923598108 ] } },
{ "type": "Feature", "properties": { "elevation": 3.5846617221832275, "depth": 1.398726224899292, "osmid": 7306022147, "name": [ "Mansarovar Station Road" ] }, "geometry": { "type": "Point", "coordinates": [ 73.085554174834286, 19.016012985438593 ] } },
{ "type": "Feature", "properties": { "elevation": 5.4500622749328613, "depth": 1.3831033706665039, "osmid": 7308716771, "name": [ "nan" ] }, "geometry": { "type": "Point", "coordinates": [ 73.077469784398417, 19.157605964787912 ] } },
{ "type": "Feature", "properties": { "elevation": 4.6935749053955078, "depth": 1.850006103515625, "osmid": 7308964597, "name": [ "Casa Rio Main Road" ] }, "geometry": { "type": "Point", "coordinates": [ 73.074593570849842, 19.154007788274146 ] } },
{ "type": "Feature", "properties": { "elevation": 5.1852312088012695, "depth": 1.4639978408813477, "osmid": 7309244962, "name": [ "nan" ] }, "geometry": { "type": "Point", "coordinates": [ 73.035134868644434, 18.977227533523404 ] } },
{ "type": "Feature", "properties": { "elevation": 5.9742794036865234, "depth": 1.4760675430297852, "osmid": 7311268248, "name": [ "nan" ] }, "geometry": { "type": "Point", "coordinates": [ 72.987860111955868, 19.067533617864143 ] } },
{ "type": "Feature", "properties": { "elevation": 3.1564688682556152, "depth": 1.3040285110473633, "osmid": 7311268275, "name": [ "Vashi Gaon Underpass" ] }, "geometry": { "type": "Point", "coordinates": [ 72.985464691858951, 19.068518696750218 ] } },
{ "type": "Feature", "properties": { "elevation": 4.4209532737731934, "depth": 1.2347216606140137, "osmid": 7312284296, "name": [ "nan" ] }, "geometry": { "type": "Point", "coordinates": [ 73.062671169582373, 19.175630474729825 ] } },
{ "type": "Feature", "properties": { "elevation": 5.2733778953552246, "depth": 1.5388312339782715, "osmid": 7320888570, "name": [ "nan" ] }, "geometry": { "type": "Point", "coordinates": [ 73.081800235594429, 19.172881940803833 ] } },
{ "type": "Feature", "properties": { "elevation": 4.0520548820495605, "depth": 1.8052725791931152, "osmid": 7320958029, "name": [ "nan" ] }, "geometry": { "type": "Point", "coordinates": [ 73.072610523580479, 19.035341827527503 ] } },
{ "type": "Feature", "properties": { "elevation": -0.78886246681213379, "depth": 3.1780636310577393, "osmid": 7321670649, "name": [ "Swami Pranavanandji Marg" ] }, "geometry": { "type": "Point", "coordinates": [ 72.99631503613243, 19.063744244008504 ] } },
{ "type": "Feature", "properties": { "elevation": 5.8445596694946289, "depth": 1.3207006454467773, "osmid": 7334166938, "name": [ "nan" ] }, "geometry": { "type": "Point", "coordinates": [ 73.06951563702674, 18.972056862773627 ] } },
{ "type": "Feature", "properties": { "elevation": 3.7449996471405029, "depth": 1.8961265087127686, "osmid": 7334166946, "name": [ "nan" ] }, "geometry": { "type": "Point", "coordinates": [ 73.073222499777359, 18.9735503669101 ] } },
{ "type": "Feature", "properties": { "elevation": 4.6920218467712402, "depth": 1.266387939453125, "osmid": 7335566059, "name": [ "nan" ] }, "geometry": { "type": "Point", "coordinates": [ 73.108381004049278, 19.033833433044659 ] } },
{ "type": "Feature", "properties": { "elevation": 5.5595946311950684, "depth": 1.4543685913085938, "osmid": 7349785865, "name": [ "nan" ] }, "geometry": { "type": "Point", "coordinates": [ 73.027523934653729, 18.913678068071526 ] } },
{ "type": "Feature", "properties": { "elevation": 5.2871956825256348, "depth": 1.6659450531005859, "osmid": 7349900144, "name": [ "nan" ] }, "geometry": { "type": "Point", "coordinates": [ 73.113583863342413, 19.030630598787571 ] } },
{ "type": "Feature", "properties": { "elevation": 4.9884672164916992, "depth": 2.8214573860168457, "osmid": 7349929293, "name": [ "nan" ] }, "geometry": { "type": "Point", "coordinates": [ 73.111347550216635, 19.02902370751335 ] } },
{ "type": "Feature", "properties": { "elevation": 1.9513767957687378, "depth": 1.3854116201400757, "osmid": 7350078172, "name": [ "nan" ] }, "geometry": { "type": "Point", "coordinates": [ 73.025561858070461, 18.913663277769903 ] } },
{ "type": "Feature", "properties": { "elevation": 5.7017941474914551, "depth": 2.677584171295166, "osmid": 7350101282, "name": [ "Sai Baba Temple Road" ] }, "geometry": { "type": "Point", "coordinates": [ 72.999902753620987, 19.083054467604011 ] } },
{ "type": "Feature", "properties": { "elevation": 3.6995868682861328, "depth": 1.4347858428955078, "osmid": 7350334509, "name": [ "nan" ] }, "geometry": { "type": "Point", "coordinates": [ 73.026774487033705, 18.91486856076175 ] } },
{ "type": "Feature", "properties": { "elevation": 1.7841694355010986, "depth": 1.370070219039917, "osmid": 7350611221, "name": [ "nan" ] }, "geometry": { "type": "Point", "coordinates": [ 73.027172529521579, 18.918342040435633 ] } },
{ "type": "Feature", "properties": { "elevation": 5.6825213432312012, "depth": 1.2586946487426758, "osmid": 7358613356, "name": [ "nan" ] }, "geometry": { "type": "Point", "coordinates": [ 73.091385881442164, 18.985364969694686 ] } },
{ "type": "Feature", "properties": { "elevation": 2.2916765213012695, "depth": 3.1695456504821777, "osmid": 7358613367, "name": [ "nan" ] }, "geometry": { "type": "Point", "coordinates": [ 73.093389322335597, 18.988367739773636 ] } },
{ "type": "Feature", "properties": { "elevation": 2.2916765213012695, "depth": 3.1695456504821777, "osmid": 7358613402, "name": [ "nan" ] }, "geometry": { "type": "Point", "coordinates": [ 73.093393370689384, 18.988373577833972 ] } },
{ "type": "Feature", "properties": { "elevation": 3.1362884044647217, "depth": 2.8093059062957764, "osmid": 7358613406, "name": [ "nan" ] }, "geometry": { "type": "Point", "coordinates": [ 73.092825161728072, 18.98755416283295 ] } },
{ "type": "Feature", "properties": { "elevation": 4.4665207862854004, "depth": 1.3713469505310059, "osmid": 7358613408, "name": [ "nan" ] }, "geometry": { "type": "Point", "coordinates": [ 73.092241036322065, 18.986711702370833 ] } },
{ "type": "Feature", "properties": { "elevation": 2.0, "depth": 1.9729514122009277, "osmid": 7361786198, "name": [ "nan" ] }, "geometry": { "type": "Point", "coordinates": [ 73.117437422536483, 18.971275296596971 ] } },
{ "type": "Feature", "properties": { "elevation": 2.0, "depth": 2.1455721855163574, "osmid": 7361786198, "name": [ "nan" ] }, "geometry": { "type": "Point", "coordinates": [ 73.11771663505067, 18.970967642773982 ] } },
{ "type": "Feature", "properties": { "elevation": 4.5488953590393066, "depth": 1.4304361343383789, "osmid": 7362542486, "name": [ "nan" ] }, "geometry": { "type": "Point", "coordinates": [ 73.100642354751258, 19.002531997802162 ] } },
{ "type": "Feature", "properties": { "elevation": 3.646174430847168, "depth": 1.2798871994018555, "osmid": 7362542491, "name": [ "nan" ] }, "geometry": { "type": "Point", "coordinates": [ 73.103515687887054, 19.004274494599034 ] } },
{ "type": "Feature", "properties": { "elevation": 3.646174430847168, "depth": 1.2798871994018555, "osmid": 7417874351, "name": [ "nan" ] }, "geometry": { "type": "Point", "coordinates": [ 73.103506556531798, 19.00427932844595 ] } },
{ "type": "Feature", "properties": { "elevation": 5.2622466087341309, "depth": 1.9047451019287109, "osmid": 7544553174, "name": [ "JNPT Terminal 3" ] }, "geometry": { "type": "Point", "coordinates": [ 72.984035809247615, 18.90259208963819 ] } },
{ "type": "Feature", "properties": { "elevation": 3.791614294052124, "depth": 2.5877459049224854, "osmid": 7544553174, "name": [ "JNPT Terminal 3" ] }, "geometry": { "type": "Point", "coordinates": [ 72.983796662974356, 18.902928857519129 ] } },
{ "type": "Feature", "properties": { "elevation": 5.9686236381530762, "depth": 2.5189433097839355, "osmid": 7544553174, "name": [ "JNPT Terminal 3" ] }, "geometry": { "type": "Point", "coordinates": [ 72.982441481952677, 18.904837201124753 ] } },
{ "type": "Feature", "properties": { "elevation": 5.9043397903442383, "depth": 2.5832271575927734, "osmid": 7544824572, "name": [ "JNPT Terminal 3" ] }, "geometry": { "type": "Point", "coordinates": [ 72.982701949763552, 18.904627218305134 ] } },
{ "type": "Feature", "properties": { "elevation": 4.6399736404418945, "depth": 2.6133503913879395, "osmid": 7545495821, "name": [ "nan" ] }, "geometry": { "type": "Point", "coordinates": [ 72.980231364229041, 18.892004195170124 ] } },
{ "type": "Feature", "properties": { "elevation": 4.5568552017211914, "depth": 1.7382378578186035, "osmid": 7545495821, "name": [ "nan" ] }, "geometry": { "type": "Point", "coordinates": [ 72.979961844826022, 18.892319485843622 ] } },
{ "type": "Feature", "properties": { "elevation": 3.0490617752075195, "depth": 1.3319392204284668, "osmid": 7545495838, "name": [ "nan" ] }, "geometry": { "type": "Point", "coordinates": [ 72.997157998964667, 18.878760634808277 ] } },
{ "type": "Feature", "properties": { "elevation": 2.5582835674285889, "depth": 1.2050356864929199, "osmid": 7545495838, "name": [ "nan" ] }, "geometry": { "type": "Point", "coordinates": [ 72.999445875494445, 18.882080415905392 ] } },
{ "type": "Feature", "properties": { "elevation": 2.6195535659790039, "depth": 1.3775408267974854, "osmid": 7551206167, "name": [ "nan" ] }, "geometry": { "type": "Point", "coordinates": [ 72.977397117758642, 18.917542687239685 ] } },
{ "type": "Feature", "properties": { "elevation": 1.7450023889541626, "depth": 1.5869492292404175, "osmid": 7551206174, "name": [ "nan" ] }, "geometry": { "type": "Point", "coordinates": [ 72.97510343933449, 18.910148710212894 ] } },
{ "type": "Feature", "properties": { "elevation": 1.7963151931762695, "depth": 1.293405294418335, "osmid": 7551206191, "name": [ "JNPT Terminal 3" ] }, "geometry": { "type": "Point", "coordinates": [ 72.958718905831319, 18.924030140713651 ] } },
{ "type": "Feature", "properties": { "elevation": 4.2041635513305664, "depth": 1.8580260276794434, "osmid": 7554013726, "name": [ "Panvel Uran Road" ] }, "geometry": { "type": "Point", "coordinates": [ 72.979655322586922, 18.89632945081345 ] } },
{ "type": "Feature", "properties": { "elevation": 5.8689665794372559, "depth": 1.9657130241394043, "osmid": 7554013731, "name": [ "nan" ] }, "geometry": { "type": "Point", "coordinates": [ 72.979630827130606, 18.892823627489992 ] } },
{ "type": "Feature", "properties": { "elevation": 2.0289084911346436, "depth": 1.3168420791625977, "osmid": 7554013749, "name": [ "nan" ] }, "geometry": { "type": "Point", "coordinates": [ 73.002781970163966, 18.895266224046118 ] } },
{ "type": "Feature", "properties": { "elevation": 2.4253518581390381, "depth": 1.2052910327911377, "osmid": 7554013756, "name": [ "nan" ] }, "geometry": { "type": "Point", "coordinates": [ 72.992424712610045, 18.874298784206044 ] } },
{ "type": "Feature", "properties": { "elevation": 2.9768116474151611, "depth": 1.6968810558319092, "osmid": 7554013756, "name": [ "nan" ] }, "geometry": { "type": "Point", "coordinates": [ 72.989424959148863, 18.87121879007271 ] } },
{ "type": "Feature", "properties": { "elevation": 2.3916807174682617, "depth": 1.2390856742858887, "osmid": 7554013756, "name": [ "nan" ] }, "geometry": { "type": "Point", "coordinates": [ 72.986615940916209, 18.868538641175526 ] } },
{ "type": "Feature", "properties": { "elevation": 1.4805676937103271, "depth": 1.6195850372314453, "osmid": 7555543259, "name": [ "nan" ] }, "geometry": { "type": "Point", "coordinates": [ 73.009622108538139, 18.916722263538649 ] } },
{ "type": "Feature", "properties": { "elevation": 0.96923017501831055, "depth": 1.8226814270019531, "osmid": 7555543259, "name": [ "nan" ] }, "geometry": { "type": "Point", "coordinates": [ 73.008549259929538, 18.915129043592927 ] } },
{ "type": "Feature", "properties": { "elevation": 1.7211229801177979, "depth": 1.4359560012817383, "osmid": 7555566198, "name": [ "nan" ] }, "geometry": { "type": "Point", "coordinates": [ 73.010466991439145, 18.918109370685585 ] } },
{ "type": "Feature", "properties": { "elevation": 2.4092164039611816, "depth": 1.785679817199707, "osmid": 7555566238, "name": [ "Panvel Uran Road" ] }, "geometry": { "type": "Point", "coordinates": [ 72.999759982870913, 18.909328170785287 ] } },
{ "type": "Feature", "properties": { "elevation": 2.2511487007141113, "depth": 1.2785036563873291, "osmid": 7555566238, "name": [ "Panvel Uran Road" ] }, "geometry": { "type": "Point", "coordinates": [ 72.998314912812319, 18.908460973619189 ] } },
{ "type": "Feature", "properties": { "elevation": 1.7421056032180786, "depth": 1.8615907430648804, "osmid": 7560520680, "name": [ "nan" ] }, "geometry": { "type": "Point", "coordinates": [ 73.094384725410421, 18.99088220075274 ] } },
{ "type": "Feature", "properties": { "elevation": 5.4612221717834473, "depth": 3.6137518882751465, "osmid": 7560520683, "name": [ "nan" ] }, "geometry": { "type": "Point", "coordinates": [ 73.093354777488145, 18.988573784579721 ] } },
{ "type": "Feature", "properties": { "elevation": 5.945594310760498, "depth": 4.7966675758361816, "osmid": 7560520683, "name": [ "nan" ] }, "geometry": { "type": "Point", "coordinates": [ 73.092817284246038, 18.987774917722678 ] } },
{ "type": "Feature", "properties": { "elevation": 5.6796250343322754, "depth": 1.5145630836486816, "osmid": 7560542492, "name": [ "Uran Road" ] }, "geometry": { "type": "Point", "coordinates": [ 73.097252432030174, 18.99490867141558 ] } },
{ "type": "Feature", "properties": { "elevation": 4.6362142562866211, "depth": 1.5767407417297363, "osmid": 7563577492, "name": [ "Uran Road Flyover" ] }, "geometry": { "type": "Point", "coordinates": [ 73.099708145346256, 19.002409169467256 ] } },
{ "type": "Feature", "properties": { "elevation": 2.9584131240844727, "depth": 1.2181100845336914, "osmid": 7580880341, "name": "['JNPT Road Flyover' 'JNPT Road']" }, "geometry": { "type": "Point", "coordinates": [ 72.990880403531506, 18.901668993051771 ] } },
{ "type": "Feature", "properties": { "elevation": 2.7359015941619873, "depth": 1.4920899868011475, "osmid": 7580880342, "name": [ "JNPT Road" ] }, "geometry": { "type": "Point", "coordinates": [ 72.998796163940142, 18.896380868994427 ] } },
{ "type": "Feature", "properties": { "elevation": 2.73569655418396, "depth": 1.470569372177124, "osmid": 7580880342, "name": [ "JNPT Road" ] }, "geometry": { "type": "Point", "coordinates": [ 72.999251678377689, 18.896055673409453 ] } },
{ "type": "Feature", "properties": { "elevation": 2.512615442276001, "depth": 1.2615158557891846, "osmid": 7580880342, "name": [ "JNPT Road" ] }, "geometry": { "type": "Point", "coordinates": [ 73.000390333558698, 18.895242524004168 ] } },
{ "type": "Feature", "properties": { "elevation": 2.6683659553527832, "depth": 1.4644527435302734, "osmid": 7580880344, "name": [ "nan" ] }, "geometry": { "type": "Point", "coordinates": [ 73.018469491293843, 18.906350521648911 ] } },
{ "type": "Feature", "properties": { "elevation": 1.4646754264831543, "depth": 1.3016579151153564, "osmid": 7595820397, "name": [ "nan" ] }, "geometry": { "type": "Point", "coordinates": [ 73.0211638243197, 18.907632957393705 ] } },
{ "type": "Feature", "properties": { "elevation": 0.54539841413497925, "depth": 1.6706736087799072, "osmid": 7595820420, "name": "['JNPT Road Flyover' 'JNPT Road']" }, "geometry": { "type": "Point", "coordinates": [ 73.027997581015484, 18.922208152822478 ] } },
{ "type": "Feature", "properties": { "elevation": 3.3822550773620605, "depth": 1.4153847694396973, "osmid": 7597527870, "name": [ "nan" ] }, "geometry": { "type": "Point", "coordinates": [ 73.002367309441496, 18.900136063974308 ] } },
{ "type": "Feature", "properties": { "elevation": 0.99807220697402954, "depth": 1.3446602821350098, "osmid": 7597563101, "name": [ "nan" ] }, "geometry": { "type": "Point", "coordinates": [ 72.989715069135144, 18.910938959650132 ] } },
{ "type": "Feature", "properties": { "elevation": 2.2685196399688721, "depth": 1.2831881046295166, "osmid": 7597584799, "name": [ "nan" ] }, "geometry": { "type": "Point", "coordinates": [ 72.977845511252809, 18.908629432824704 ] } },
{ "type": "Feature", "properties": { "elevation": 2.1260886192321777, "depth": 4.1128559112548828, "osmid": 7597584799, "name": [ "nan" ] }, "geometry": { "type": "Point", "coordinates": [ 72.979263652853533, 18.906767292446332 ] } },
{ "type": "Feature", "properties": { "elevation": 2.0734093189239502, "depth": 2.4807417392730713, "osmid": 7597584799, "name": [ "nan" ] }, "geometry": { "type": "Point", "coordinates": [ 72.97952150637434, 18.90644326768555 ] } },
{ "type": "Feature", "properties": { "elevation": 5.5969648361206055, "depth": 2.672215461730957, "osmid": 7598310823, "name": [ "nan" ] }, "geometry": { "type": "Point", "coordinates": [ 73.018734443823547, 18.959177002090456 ] } },
{ "type": "Feature", "properties": { "elevation": 1.6499497890472412, "depth": 1.275221586227417, "osmid": 7602273800, "name": [ "Amra Marg" ] }, "geometry": { "type": "Point", "coordinates": [ 73.03625844175032, 18.996145193380254 ] } },
{ "type": "Feature", "properties": { "elevation": 3.3096492290496826, "depth": 1.3440349102020264, "osmid": 7602273800, "name": [ "Amra Marg" ] }, "geometry": { "type": "Point", "coordinates": [ 73.035637587416559, 18.997211935626524 ] } },
{ "type": "Feature", "properties": { "elevation": 2.7265021800994873, "depth": 1.4237082004547119, "osmid": 7602273812, "name": [ "Amra Marg" ] }, "geometry": { "type": "Point", "coordinates": [ 73.037782490654763, 18.985641600455132 ] } },
{ "type": "Feature", "properties": { "elevation": -0.28775244951248169, "depth": 2.5032501220703125, "osmid": 7614794303, "name": [ "Ulwe Exit" ] }, "geometry": { "type": "Point", "coordinates": [ 73.009461302161156, 18.966867922740065 ] } },
{ "type": "Feature", "properties": { "elevation": 5.9697837829589844, "depth": 1.3651647567749023, "osmid": 7658543134, "name": [ "MIDC Service Road" ] }, "geometry": { "type": "Point", "coordinates": [ 73.021117037748368, 19.051392980856367 ] } },
{ "type": "Feature", "properties": { "elevation": 4.1696071624755859, "depth": 1.373870849609375, "osmid": 7728028038, "name": [ "Sion-Panvel Highway" ] }, "geometry": { "type": "Point", "coordinates": [ 72.982501481896605, 19.065477443668701 ] } },
{ "type": "Feature", "properties": { "elevation": 4.0538549423217773, "depth": 1.3554301261901855, "osmid": 7728028038, "name": [ "Sion-Panvel Highway" ] }, "geometry": { "type": "Point", "coordinates": [ 72.981876394477894, 19.064923543344442 ] } },
{ "type": "Feature", "properties": { "elevation": 3.9560854434967041, "depth": 2.0259311199188232, "osmid": 7728028038, "name": [ "Sion-Panvel Highway" ] }, "geometry": { "type": "Point", "coordinates": [ 72.981023956597951, 19.064433919159487 ] } },
{ "type": "Feature", "properties": { "elevation": 4.8281598091125488, "depth": 1.2304425239562988, "osmid": 7728028052, "name": [ "Swami Pranavanandaji Marg" ] }, "geometry": { "type": "Point", "coordinates": [ 72.991576986857453, 19.067040450703775 ] } },
{ "type": "Feature", "properties": { "elevation": 4.6406693458557129, "depth": 1.6075625419616699, "osmid": 7731220370, "name": [ "nan" ] }, "geometry": { "type": "Point", "coordinates": [ 73.031375949856525, 19.005418719466078 ] } },
{ "type": "Feature", "properties": { "elevation": 4.8565430641174316, "depth": 1.4275321960449219, "osmid": 7803568945, "name": [ "Sector 17 Road" ] }, "geometry": { "type": "Point", "coordinates": [ 73.00145894448994, 19.070675831024626 ] } },
{ "type": "Feature", "properties": { "elevation": 5.2110705375671387, "depth": 2.9253726005554199, "osmid": 8671144991, "name": [ "nan" ] }, "geometry": { "type": "Point", "coordinates": [ 73.07688661166334, 19.162734788926837 ] } },
{ "type": "Feature", "properties": { "elevation": 5.1998100280761719, "depth": 2.8771820068359375, "osmid": 8693507296, "name": [ "nan" ] }, "geometry": { "type": "Point", "coordinates": [ 73.035993159569415, 18.998684516970027 ] } },
{ "type": "Feature", "properties": { "elevation": 5.0007352828979492, "depth": 1.394228458404541, "osmid": 8894174502, "name": [ "Sector 27 Road" ] }, "geometry": { "type": "Point", "coordinates": [ 73.023966406425444, 19.021284534561531 ] } },
{ "type": "Feature", "properties": { "elevation": 3.2072679996490479, "depth": 1.6110775470733643, "osmid": 8963723815, "name": [ "Palm Beach Marg" ] }, "geometry": { "type": "Point", "coordinates": [ 73.002312297728068, 19.071864149942442 ] } },
{ "type": "Feature", "properties": { "elevation": 3.9719531536102295, "depth": 1.3381316661834717, "osmid": 9054257941, "name": [ "Ulwe Flyover" ] }, "geometry": { "type": "Point", "coordinates": [ 73.036177614189342, 18.974880651610459 ] } },
{ "type": "Feature", "properties": { "elevation": 4.5981745719909668, "depth": 1.3477482795715332, "osmid": 9067722991, "name": [ "nan" ] }, "geometry": { "type": "Point", "coordinates": [ 73.095996488614631, 18.851307256669241 ] } },
{ "type": "Feature", "properties": { "elevation": -2.1483175754547119, "depth": 3.2961678504943848, "osmid": 9136014519, "name": [ "nan" ] }, "geometry": { "type": "Point", "coordinates": [ 72.978249970742311, 18.920178171174648 ] } },
{ "type": "Feature", "properties": { "elevation": 1.7462649345397949, "depth": 1.2529807090759277, "osmid": 9136014706, "name": [ "nan" ] }, "geometry": { "type": "Point", "coordinates": [ 72.998751064470866, 18.913609930222009 ] } },
{ "type": "Feature", "properties": { "elevation": 2.2387688159942627, "depth": 1.2412467002868652, "osmid": 9136014710, "name": [ "nan" ] }, "geometry": { "type": "Point", "coordinates": [ 72.989390866158715, 18.916275134993082 ] } },
{ "type": "Feature", "properties": { "elevation": 2.0, "depth": 2.3344306945800781, "osmid": 9140432719, "name": [ "nan" ] }, "geometry": { "type": "Point", "coordinates": [ 72.978492746981928, 18.87598218261369 ] } },
{ "type": "Feature", "properties": { "elevation": 2.4837932586669922, "depth": 3.1148519515991211, "osmid": 9140432735, "name": [ "nan" ] }, "geometry": { "type": "Point", "coordinates": [ 72.973305908711495, 18.876750536881186 ] } },
{ "type": "Feature", "properties": { "elevation": 4.0347738265991211, "depth": 1.4888930320739746, "osmid": 9140432735, "name": [ "nan" ] }, "geometry": { "type": "Point", "coordinates": [ 72.974544877445695, 18.875264903898042 ] } },
{ "type": "Feature", "properties": { "elevation": 2.6949625015258789, "depth": 1.2683918476104736, "osmid": 9140432813, "name": [ "Uran Koproli Road" ] }, "geometry": { "type": "Point", "coordinates": [ 72.988264259007707, 18.884567356116886 ] } },
{ "type": "Feature", "properties": { "elevation": 1.9003241062164307, "depth": 1.9336972236633301, "osmid": 9140432825, "name": [ "nan" ] }, "geometry": { "type": "Point", "coordinates": [ 72.970360088354184, 18.877098897125109 ] } },
{ "type": "Feature", "properties": { "elevation": 0.0, "depth": 1.5724014043807983, "osmid": 9153468942, "name": [ "JNPT Terminal 3" ] }, "geometry": { "type": "Point", "coordinates": [ 72.958105778027289, 18.924563711520371 ] } },
{ "type": "Feature", "properties": { "elevation": 0.0, "depth": 1.7403619289398193, "osmid": 9153468942, "name": [ "JNPT Terminal 3" ] }, "geometry": { "type": "Point", "coordinates": [ 72.958457604737418, 18.924333248625157 ] } },
{ "type": "Feature", "properties": { "elevation": 3.4874498844146729, "depth": 1.2724654674530029, "osmid": 9166424895, "name": [ "nan" ] }, "geometry": { "type": "Point", "coordinates": [ 73.032347304505393, 18.993613036356894 ] } },
{ "type": "Feature", "properties": { "elevation": 2.6406936645507812, "depth": 1.6974706649780273, "osmid": 9166424895, "name": [ "nan" ] }, "geometry": { "type": "Point", "coordinates": [ 73.032592705340249, 18.993945371123413 ] } },
{ "type": "Feature", "properties": { "elevation": 1.5, "depth": 2.9529929161071777, "osmid": 9166424895, "name": [ "nan" ] }, "geometry": { "type": "Point", "coordinates": [ 73.033183635439727, 18.995022788365279 ] } },
{ "type": "Feature", "properties": { "elevation": 4.0370917320251465, "depth": 1.6260924339294434, "osmid": 9167774559, "name": [ "nan" ] }, "geometry": { "type": "Point", "coordinates": [ 72.979817860316501, 18.895076044332363 ] } },
{ "type": "Feature", "properties": { "elevation": 4.8627128601074219, "depth": 3.8158273696899414, "osmid": 9167774559, "name": [ "nan" ] }, "geometry": { "type": "Point", "coordinates": [ 72.979366329280978, 18.89474586810412 ] } },
{ "type": "Feature", "properties": { "elevation": 4.0866155624389648, "depth": 1.4395561218261719, "osmid": 9167774570, "name": [ "nan" ] }, "geometry": { "type": "Point", "coordinates": [ 72.97882115014859, 18.894047171167077 ] } },
{ "type": "Feature", "properties": { "elevation": 3.4731576442718506, "depth": 1.7099483013153076, "osmid": 9167774570, "name": [ "nan" ] }, "geometry": { "type": "Point", "coordinates": [ 72.979739039203821, 18.893364829596312 ] } },
{ "type": "Feature", "properties": { "elevation": 0.26395183801651001, "depth": 2.0509097576141357, "osmid": 9167774576, "name": [ "nan" ] }, "geometry": { "type": "Point", "coordinates": [ 72.983167592284801, 18.879358587820825 ] } },
{ "type": "Feature", "properties": { "elevation": 1.2473164796829224, "depth": 1.6451503038406372, "osmid": 9167774576, "name": [ "nan" ] }, "geometry": { "type": "Point", "coordinates": [ 72.982921946568283, 18.881641596176816 ] } },
{ "type": "Feature", "properties": { "elevation": 1.2473164796829224, "depth": 1.6451503038406372, "osmid": 9167774597, "name": [ "nan" ] }, "geometry": { "type": "Point", "coordinates": [ 72.982922376398832, 18.881645135415617 ] } },
{ "type": "Feature", "properties": { "elevation": 0.26395183801651001, "depth": 2.0509097576141357, "osmid": 9167774597, "name": [ "nan" ] }, "geometry": { "type": "Point", "coordinates": [ 72.983164846624021, 18.879361009099579 ] } },
{ "type": "Feature", "properties": { "elevation": 0.0, "depth": 1.6840636730194092, "osmid": 9167774608, "name": [ "nan" ] }, "geometry": { "type": "Point", "coordinates": [ 72.981888922683268, 18.882310136756001 ] } },
{ "type": "Feature", "properties": { "elevation": 0.0, "depth": 1.4634780883789062, "osmid": 9167774608, "name": [ "nan" ] }, "geometry": { "type": "Point", "coordinates": [ 72.981555964000393, 18.882055639409419 ] } },
{ "type": "Feature", "properties": { "elevation": 0.91949957609176636, "depth": 1.2496485710144043, "osmid": 9167774608, "name": [ "nan" ] }, "geometry": { "type": "Point", "coordinates": [ 72.983878749682802, 18.883659595638221 ] } },
{ "type": "Feature", "properties": { "elevation": 3.6746914386749268, "depth": 1.5512988567352295, "osmid": 9454903493, "name": "['Panvel Uran Road' 'Panvel Uran Road Flyover']" }, "geometry": { "type": "Point", "coordinates": [ 73.017042012060614, 18.932681123998393 ] } },
{ "type": "Feature", "properties": { "elevation": 2.8763189315795898, "depth": 1.5162897109985352, "osmid": 9454903493, "name": "['Panvel Uran Road' 'Panvel Uran Road Flyover']" }, "geometry": { "type": "Point", "coordinates": [ 73.016202449217587, 18.930233863779431 ] } },
{ "type": "Feature", "properties": { "elevation": 2.2930271625518799, "depth": 1.3489577770233154, "osmid": 9454903510, "name": [ "nan" ] }, "geometry": { "type": "Point", "coordinates": [ 73.003915247800734, 18.912157642997478 ] } },
{ "type": "Feature", "properties": { "elevation": 1.956511378288269, "depth": 1.718269944190979, "osmid": 9454903510, "name": [ "nan" ] }, "geometry": { "type": "Point", "coordinates": [ 73.00475677272243, 18.912665686362281 ] } },
{ "type": "Feature", "properties": { "elevation": 2.0294547080993652, "depth": 1.6989035606384277, "osmid": 9454903510, "name": [ "nan" ] }, "geometry": { "type": "Point", "coordinates": [ 73.006376522009987, 18.913763467160326 ] } },
{ "type": "Feature", "properties": { "elevation": 2.4078962802886963, "depth": 1.6584656238555908, "osmid": 9454903510, "name": [ "nan" ] }, "geometry": { "type": "Point", "coordinates": [ 73.008064722924715, 18.915217074198967 ] } },
{ "type": "Feature", "properties": { "elevation": 5.2656702995300293, "depth": 1.7328929901123047, "osmid": 9537861342, "name": [ "Kopra Road" ] }, "geometry": { "type": "Point", "coordinates": [ 73.076958032174929, 19.033129951714074 ] } },
{ "type": "Feature", "properties": { "elevation": 3.1802570819854736, "depth": 1.5199830532073975, "osmid": 9608304561, "name": [ "nan" ] }, "geometry": { "type": "Point", "coordinates": [ 73.037224030129138, 18.986625505972476 ] } },
{ "type": "Feature", "properties": { "elevation": 3.636507511138916, "depth": 2.762080192565918, "osmid": 9608304655, "name": [ "Seawoods Station Road" ] }, "geometry": { "type": "Point", "coordinates": [ 73.016591260367548, 19.022063860073072 ] } },
{ "type": "Feature", "properties": { "elevation": 4.307431697845459, "depth": 2.0750703811645508, "osmid": 9608304655, "name": [ "Seawoods Station Road" ] }, "geometry": { "type": "Point", "coordinates": [ 73.016899112977669, 19.021782079090155 ] } },
{ "type": "Feature", "properties": { "elevation": 3.1517581939697266, "depth": 7.7751913070678711, "osmid": 9608304664, "name": [ "Darave Road" ] }, "geometry": { "type": "Point", "coordinates": [ 73.02004367827692, 19.024546705401843 ] } },
{ "type": "Feature", "properties": { "elevation": 1.1379107236862183, "depth": 2.127596378326416, "osmid": 9631638405, "name": [ "JNPT Road Flyover" ] }, "geometry": { "type": "Point", "coordinates": [ 72.983631171287172, 18.911797517447255 ] } },
{ "type": "Feature", "properties": { "elevation": 1.6470732688903809, "depth": 1.3428754806518555, "osmid": 9631638405, "name": [ "JNPT Road Flyover" ] }, "geometry": { "type": "Point", "coordinates": [ 72.984542814962481, 18.910758212706725 ] } },
{ "type": "Feature", "properties": { "elevation": 2.102771520614624, "depth": 1.8481862545013428, "osmid": 9631638405, "name": [ "JNPT Road Flyover" ] }, "geometry": { "type": "Point", "coordinates": [ 72.98838084941876, 18.904736818390823 ] } },
{ "type": "Feature", "properties": { "elevation": 2.0031774044036865, "depth": 1.2770514488220215, "osmid": 9631638410, "name": [ "nan" ] }, "geometry": { "type": "Point", "coordinates": [ 72.980562623026572, 18.915116622380882 ] } },
{ "type": "Feature", "properties": { "elevation": -0.2306504100561142, "depth": 2.801938533782959, "osmid": 9631638410, "name": [ "nan" ] }, "geometry": { "type": "Point", "coordinates": [ 72.979688801649075, 18.91600846699847 ] } },
{ "type": "Feature", "properties": { "elevation": 2.5805277824401855, "depth": 1.2919461727142334, "osmid": 9631642820, "name": [ "JNPT Road" ] }, "geometry": { "type": "Point", "coordinates": [ 72.990056361797841, 18.90542107092072 ] } },
{ "type": "Feature", "properties": { "elevation": 2.4141383171081543, "depth": 1.3102664947509766, "osmid": 9631642821, "name": [ "JNPT Road" ] }, "geometry": { "type": "Point", "coordinates": [ 72.987546752504286, 18.907643756986484 ] } },
{ "type": "Feature", "properties": { "elevation": 1.4755322933197021, "depth": 1.4674403667449951, "osmid": 9631642853, "name": [ "JNPT Road Flyover" ] }, "geometry": { "type": "Point", "coordinates": [ 72.98309309204447, 18.912139788096738 ] } },
{ "type": "Feature", "properties": { "elevation": 1.9798341989517212, "depth": 1.2050133943557739, "osmid": 9631642876, "name": [ "nan" ] }, "geometry": { "type": "Point", "coordinates": [ 73.009244187522143, 18.916852378232559 ] } },
{ "type": "Feature", "properties": { "elevation": 2.331744909286499, "depth": 1.3351609706878662, "osmid": 9631642876, "name": [ "nan" ] }, "geometry": { "type": "Point", "coordinates": [ 73.012023588897321, 18.921426919505919 ] } },
{ "type": "Feature", "properties": { "elevation": 1.8026002645492554, "depth": 1.9775542020797729, "osmid": 9631642876, "name": [ "nan" ] }, "geometry": { "type": "Point", "coordinates": [ 73.013732480352601, 18.924242836057541 ] } },
{ "type": "Feature", "properties": { "elevation": 2.3975620269775391, "depth": 1.5479249954223633, "osmid": 9631642876, "name": [ "nan" ] }, "geometry": { "type": "Point", "coordinates": [ 73.01430527340564, 18.925333226115299 ] } },
{ "type": "Feature", "properties": { "elevation": 5.6444735527038574, "depth": 2.4255728721618652, "osmid": 9632917639, "name": [ "Adi Shankaracharya Marg" ] }, "geometry": { "type": "Point", "coordinates": [ 73.020206132790548, 19.026033670712444 ] } },
{ "type": "Feature", "properties": { "elevation": 0.0, "depth": 1.3902690410614014, "osmid": 9685181432, "name": [ "Seawoods Harbour Road" ] }, "geometry": { "type": "Point", "coordinates": [ 73.023685659207914, 19.002829055643343 ] } },
{ "type": "Feature", "properties": { "elevation": 3.4888813495635986, "depth": 1.4599649906158447, "osmid": 9778641844, "name": [ "Sion-Panvel Highway" ] }, "geometry": { "type": "Point", "coordinates": [ 72.984680275892472, 19.067807588168176 ] } },
{ "type": "Feature", "properties": { "elevation": 3.1564688682556152, "depth": 1.3657760620117188, "osmid": 9778641844, "name": [ "Sion-Panvel Highway" ] }, "geometry": { "type": "Point", "coordinates": [ 72.985337242481265, 19.068521247035303 ] } },
{ "type": "Feature", "properties": { "elevation": 4.2040243148803711, "depth": 1.8784093856811523, "osmid": 9798857336, "name": [ "nan" ] }, "geometry": { "type": "Point", "coordinates": [ 73.080978626664503, 19.049472430584977 ] } },
{ "type": "Feature", "properties": { "elevation": 5.3688564300537109, "depth": 5.2014570236206055, "osmid": 9805620649, "name": [ "nan" ] }, "geometry": { "type": "Point", "coordinates": [ 72.988559035680382, 19.152889134640493 ] } },
{ "type": "Feature", "properties": { "elevation": 1.5, "depth": 2.6192765235900879, "osmid": 9817235234, "name": [ "nan" ] }, "geometry": { "type": "Point", "coordinates": [ 73.082897533103065, 19.054910663447348 ] } },
{ "type": "Feature", "properties": { "elevation": 4.6361293792724609, "depth": 1.6951308250427246, "osmid": 9867330427, "name": [ "Palm Beach Marg" ] }, "geometry": { "type": "Point", "coordinates": [ 73.024995274821322, 19.008829473122276 ] } },
{ "type": "Feature", "properties": { "elevation": 3.5506443977355957, "depth": 1.8761262893676758, "osmid": 9867330428, "name": [ "nan" ] }, "geometry": { "type": "Point", "coordinates": [ 73.024113395803923, 19.008759881654743 ] } },
{ "type": "Feature", "properties": { "elevation": 4.2730913162231445, "depth": 1.2263779640197754, "osmid": 9867487255, "name": [ "Bhagwan Mahaveer Road" ] }, "geometry": { "type": "Point", "coordinates": [ 72.999933134081388, 19.06654487147004 ] } },
{ "type": "Feature", "properties": { "elevation": 5.8378677368164062, "depth": 6.2374486923217773, "osmid": 9880746218, "name": [ "nan" ] }, "geometry": { "type": "Point", "coordinates": [ 73.092262632814027, 18.986945964705452 ] } },
{ "type": "Feature", "properties": { "elevation": 3.4512977600097656, "depth": 1.2983541488647461, "osmid": 9891102558, "name": [ "nan" ] }, "geometry": { "type": "Point", "coordinates": [ 72.984959283706559, 19.069138239353666 ] } },
{ "type": "Feature", "properties": { "elevation": 5.8907623291015625, "depth": 1.9604334831237793, "osmid": 9891102591, "name": [ "nan" ] }, "geometry": { "type": "Point", "coordinates": [ 72.987468049629925, 19.073603362238728 ] } },
{ "type": "Feature", "properties": { "elevation": 3.3683021068572998, "depth": 1.688800573348999, "osmid": 9967226442, "name": [ "Dattatray Tandel Marg" ] }, "geometry": { "type": "Point", "coordinates": [ 73.02176434696392, 19.018265928097147 ] } },
{ "type": "Feature", "properties": { "elevation": 3.8313300609588623, "depth": 1.2130062580108643, "osmid": 10026636291, "name": [ "Roadpali Lake Road" ] }, "geometry": { "type": "Point", "coordinates": [ 73.097866865748628, 19.041583852126966 ] } },
{ "type": "Feature", "properties": { "elevation": 1.5, "depth": 3.0634336471557617, "osmid": 10026636291, "name": [ "nan" ] }, "geometry": { "type": "Point", "coordinates": [ 73.098264566294759, 19.0409877581112 ] } },
{ "type": "Feature", "properties": { "elevation": 3.5, "depth": 2.8845028877258301, "osmid": 10166091984, "name": [ "nan" ] }, "geometry": { "type": "Point", "coordinates": [ 73.129054804704793, 18.972985142905824 ] } },
{ "type": "Feature", "properties": { "elevation": 5.9742794036865234, "depth": 2.3847055435180664, "osmid": 10246391077, "name": [ "nan" ] }, "geometry": { "type": "Point", "coordinates": [ 72.98805070475025, 19.067529067727111 ] } },
{ "type": "Feature", "properties": { "elevation": 5.9742794036865234, "depth": 2.3847055435180664, "osmid": 10246391078, "name": [ "nan" ] }, "geometry": { "type": "Point", "coordinates": [ 72.988073748557781, 19.067554433152996 ] } },
{ "type": "Feature", "properties": { "elevation": 5.9742794036865234, "depth": 1.4760675430297852, "osmid": 10246391078, "name": [ "nan" ] }, "geometry": { "type": "Point", "coordinates": [ 72.987864591778504, 19.067530579544634 ] } },
{ "type": "Feature", "properties": { "elevation": 4.1283783912658691, "depth": 1.4570498466491699, "osmid": 10264433230, "name": [ "Sai Mannat road" ] }, "geometry": { "type": "Point", "coordinates": [ 73.083585105116512, 19.069365023255443 ] } },
{ "type": "Feature", "properties": { "elevation": 5.6001152992248535, "depth": 1.7666840553283691, "osmid": 10277516973, "name": [ "nan" ] }, "geometry": { "type": "Point", "coordinates": [ 73.087513310452749, 19.174008758351256 ] } },
{ "type": "Feature", "properties": { "elevation": 2.5812919139862061, "depth": 1.7729575634002686, "osmid": 10281685549, "name": [ "Mumbai Pune National Highway" ] }, "geometry": { "type": "Point", "coordinates": [ 73.095410913374664, 19.062150035051779 ] } },
{ "type": "Feature", "properties": { "elevation": 5.4581508636474609, "depth": 1.3977413177490234, "osmid": 10281709468, "name": [ "nan" ] }, "geometry": { "type": "Point", "coordinates": [ 73.033644705426838, 19.001349999220867 ] } },
{ "type": "Feature", "properties": { "elevation": 5.0147037506103516, "depth": 1.6818256378173828, "osmid": 10281709468, "name": [ "nan" ] }, "geometry": { "type": "Point", "coordinates": [ 73.033404738823052, 19.001685491128281 ] } },
{ "type": "Feature", "properties": { "elevation": 4.1551885604858398, "depth": 1.8130741119384766, "osmid": 10281742522, "name": [ "nan" ] }, "geometry": { "type": "Point", "coordinates": [ 72.969725551097554, 18.92154899561595 ] } },
{ "type": "Feature", "properties": { "elevation": 3.7810027599334717, "depth": 1.4913103580474854, "osmid": 10281742522, "name": [ "nan" ] }, "geometry": { "type": "Point", "coordinates": [ 72.971191585377824, 18.920714161249851 ] } },
{ "type": "Feature", "properties": { "elevation": 3.6966352462768555, "depth": 1.3757920265197754, "osmid": 10281883203, "name": [ "nan" ] }, "geometry": { "type": "Point", "coordinates": [ 72.998601541705369, 18.897077516072208 ] } },
{ "type": "Feature", "properties": { "elevation": 4.5509214401245117, "depth": 1.6281309127807617, "osmid": 10281883203, "name": [ "nan" ] }, "geometry": { "type": "Point", "coordinates": [ 73.003321502761835, 18.896065203584222 ] } },
{ "type": "Feature", "properties": { "elevation": 3.9813511371612549, "depth": 1.2946898937225342, "osmid": 10290639114, "name": [ "nan" ] }, "geometry": { "type": "Point", "coordinates": [ 73.009169920778589, 19.014883909837696 ] } },
{ "type": "Feature", "properties": { "elevation": 3.9813511371612549, "depth": 1.2946898937225342, "osmid": 10290639116, "name": [ "nan" ] }, "geometry": { "type": "Point", "coordinates": [ 73.009185179094317, 19.014894090235074 ] } },
{ "type": "Feature", "properties": { "elevation": 3.8472738265991211, "depth": 1.2104945182800293, "osmid": 10343491579, "name": [ "nan" ] }, "geometry": { "type": "Point", "coordinates": [ 72.992685260264537, 19.065085293959726 ] } },
{ "type": "Feature", "properties": { "elevation": 4.4810953140258789, "depth": 2.1845664978027344, "osmid": 10548781976, "name": [ "nan" ] }, "geometry": { "type": "Point", "coordinates": [ 72.990564948492988, 19.075994662500815 ] } },
{ "type": "Feature", "properties": { "elevation": 4.7597970962524414, "depth": 1.4019198417663574, "osmid": 10725443478, "name": [ "nan" ] }, "geometry": { "type": "Point", "coordinates": [ 73.013976178603187, 19.074476505156088 ] } },
{ "type": "Feature", "properties": { "elevation": 5.2414412498474121, "depth": 1.9832763671875, "osmid": 10837083876, "name": [ "nan" ] }, "geometry": { "type": "Point", "coordinates": [ 73.100112506752581, 19.070631202475472 ] } },
{ "type": "Feature", "properties": { "elevation": 4.918428897857666, "depth": 1.329315185546875, "osmid": 10926137557, "name": [ "nan" ] }, "geometry": { "type": "Point", "coordinates": [ 73.012365911845862, 19.087320904090799 ] } },
{ "type": "Feature", "properties": { "elevation": 4.0637774467468262, "depth": 2.8273906707763672, "osmid": 10939012926, "name": [ "nan" ] }, "geometry": { "type": "Point", "coordinates": [ 72.998122021006978, 19.085782001991525 ] } },
{ "type": "Feature", "properties": { "elevation": 4.8691911697387695, "depth": 2.1844673156738281, "osmid": 10939012926, "name": [ "nan" ] }, "geometry": { "type": "Point", "coordinates": [ 72.998356953283448, 19.086121604792101 ] } },
{ "type": "Feature", "properties": { "elevation": 2.9996187686920166, "depth": 1.4460728168487549, "osmid": 10939012926, "name": [ "nan" ] }, "geometry": { "type": "Point", "coordinates": [ 73.00032677010833, 19.089075734904803 ] } },
{ "type": "Feature", "properties": { "elevation": 2.8994655609130859, "depth": 1.7770404815673828, "osmid": 10939012926, "name": [ "nan" ] }, "geometry": { "type": "Point", "coordinates": [ 73.000598852171279, 19.089384343460949 ] } },
{ "type": "Feature", "properties": { "elevation": 2.0003523826599121, "depth": 2.007044792175293, "osmid": 10939012926, "name": [ "nan" ] }, "geometry": { "type": "Point", "coordinates": [ 73.00090823903335, 19.089664884481824 ] } },
{ "type": "Feature", "properties": { "elevation": 2.7405455112457275, "depth": 1.2668516635894775, "osmid": 10939012926, "name": [ "nan" ] }, "geometry": { "type": "Point", "coordinates": [ 73.001217626943557, 19.089945425069661 ] } },
{ "type": "Feature", "properties": { "elevation": 4.6542677879333496, "depth": 1.7259001731872559, "osmid": 10942292172, "name": [ "nan" ] }, "geometry": { "type": "Point", "coordinates": [ 73.069065671382219, 19.1651296601467 ] } },
{ "type": "Feature", "properties": { "elevation": 3.748816967010498, "depth": 1.5886530876159668, "osmid": 10943518784, "name": [ "Gagangiri Maharaj Marg" ] }, "geometry": { "type": "Point", "coordinates": [ 73.001192295730249, 19.094453022970381 ] } },
{ "type": "Feature", "properties": { "elevation": 1.297255277633667, "depth": 1.7506496906280518, "osmid": 10943547113, "name": [ "nan" ] }, "geometry": { "type": "Point", "coordinates": [ 73.001797597615166, 19.090443713339877 ] } },
{ "type": "Feature", "properties": { "elevation": 2.7405455112457275, "depth": 1.2668516635894775, "osmid": 10943547113, "name": [ "nan" ] }, "geometry": { "type": "Point", "coordinates": [ 73.001164766411279, 19.089897493350307 ] } },
{ "type": "Feature", "properties": { "elevation": 2.0003523826599121, "depth": 2.007044792175293, "osmid": 10943547113, "name": [ "nan" ] }, "geometry": { "type": "Point", "coordinates": [ 73.000855378680143, 19.089616952688477 ] } },
{ "type": "Feature", "properties": { "elevation": 2.9996187686920166, "depth": 1.4460728168487549, "osmid": 10943547113, "name": [ "nan" ] }, "geometry": { "type": "Point", "coordinates": [ 73.000361883395655, 19.089132719486557 ] } },
{ "type": "Feature", "properties": { "elevation": 3.5668165683746338, "depth": 2.2904398441314697, "osmid": 10943547113, "name": [ "nan" ] }, "geometry": { "type": "Point", "coordinates": [ 72.99870941948349, 19.086628921229337 ] } },
{ "type": "Feature", "properties": { "elevation": 3.059945821762085, "depth": 1.4464466571807861, "osmid": 10970186796, "name": [ "Mansarovar Station Road" ] }, "geometry": { "type": "Point", "coordinates": [ 73.083349942012262, 19.015434979793273 ] } },
{ "type": "Feature", "properties": { "elevation": 3.1424939632415771, "depth": 1.3638985157012939, "osmid": 10970186796, "name": [ "Mansarovar Station Road" ] }, "geometry": { "type": "Point", "coordinates": [ 73.083650782983952, 19.015146258996808 ] } },
{ "type": "Feature", "properties": { "elevation": 2.5279335975646973, "depth": 3.376406192779541, "osmid": 11019861252, "name": [ "nan" ] }, "geometry": { "type": "Point", "coordinates": [ 72.982721023690544, 18.904903161895732 ] } },
{ "type": "Feature", "properties": { "elevation": 2.0502209663391113, "depth": 2.450995922088623, "osmid": 11019861252, "name": [ "nan" ] }, "geometry": { "type": "Point", "coordinates": [ 72.982982336538456, 18.904581658404705 ] } },
{ "type": "Feature", "properties": { "elevation": 5.5065922737121582, "depth": 2.4347906112670898, "osmid": 11019861252, "name": [ "nan" ] }, "geometry": { "type": "Point", "coordinates": [ 72.983592062531699, 18.903831481759415 ] } },
{ "type": "Feature", "properties": { "elevation": 3.5008039474487305, "depth": 5.4750680923461914, "osmid": 11019861252, "name": [ "nan" ] }, "geometry": { "type": "Point", "coordinates": [ 72.983853371963761, 18.903509976697389 ] } },
{ "type": "Feature", "properties": { "elevation": 4.2914104461669922, "depth": 2.5112104415893555, "osmid": 11019861252, "name": [ "nan" ] }, "geometry": { "type": "Point", "coordinates": [ 72.984724396003514, 18.902438289753881 ] } },
{ "type": "Feature", "properties": { "elevation": 2.7315497398376465, "depth": 1.5101909637451172, "osmid": 11027232412, "name": [ "nan" ] }, "geometry": { "type": "Point", "coordinates": [ 73.03144730674606, 18.876016693373575 ] } },
{ "type": "Feature", "properties": { "elevation": 5.4645814895629883, "depth": 1.4635829925537109, "osmid": 11027232435, "name": [ "nan" ] }, "geometry": { "type": "Point", "coordinates": [ 73.028278870694749, 18.875171806311076 ] } },
{ "type": "Feature", "properties": { "elevation": 5.9980344772338867, "depth": 1.381260871887207, "osmid": 11027235855, "name": [ "nan" ] }, "geometry": { "type": "Point", "coordinates": [ 73.049664199326287, 18.870854639430586 ] } },
{ "type": "Feature", "properties": { "elevation": 2.9005770683288574, "depth": 2.2368206977844238, "osmid": 11027244282, "name": [ "nan" ] }, "geometry": { "type": "Point", "coordinates": [ 73.041775329618972, 18.864022963841563 ] } },
{ "type": "Feature", "properties": { "elevation": 2.9005770683288574, "depth": 2.2368206977844238, "osmid": 11027244346, "name": [ "nan" ] }, "geometry": { "type": "Point", "coordinates": [ 73.041783671078932, 18.864034917891846 ] } },
{ "type": "Feature", "properties": { "elevation": 5.2702245712280273, "depth": 1.8116011619567871, "osmid": 11027331889, "name": [ "nan" ] }, "geometry": { "type": "Point", "coordinates": [ 73.016799049053617, 18.857722838255636 ] } },
{ "type": "Feature", "properties": { "elevation": 5.3940281867980957, "depth": 1.3797793388366699, "osmid": 11027337904, "name": [ "nan" ] }, "geometry": { "type": "Point", "coordinates": [ 73.019841800692902, 18.861083480278324 ] } },
{ "type": "Feature", "properties": { "elevation": 3.4502692222595215, "depth": 1.4523639678955078, "osmid": 11029496822, "name": [ "nan" ] }, "geometry": { "type": "Point", "coordinates": [ 73.042390556387105, 18.927153200941433 ] } },
{ "type": "Feature", "properties": { "elevation": 3.4502692222595215, "depth": 1.4523639678955078, "osmid": 11029496826, "name": [ "nan" ] }, "geometry": { "type": "Point", "coordinates": [ 73.042425690556485, 18.92715209293031 ] } },
{ "type": "Feature", "properties": { "elevation": 1.8179507255554199, "depth": 2.1185970306396484, "osmid": 11036720290, "name": [ "nan" ] }, "geometry": { "type": "Point", "coordinates": [ 73.020863779813141, 18.925186032874901 ] } },
{ "type": "Feature", "properties": { "elevation": 1.655124306678772, "depth": 1.6254292726516724, "osmid": 11036803232, "name": [ "nan" ] }, "geometry": { "type": "Point", "coordinates": [ 73.02419549026007, 18.91060047048958 ] } },
{ "type": "Feature", "properties": { "elevation": 2.1301243305206299, "depth": 1.2812721729278564, "osmid": 11036803232, "name": [ "nan" ] }, "geometry": { "type": "Point", "coordinates": [ 73.023621302186527, 18.909826206513024 ] } },
{ "type": "Feature", "properties": { "elevation": 1.4675710201263428, "depth": 1.5631306171417236, "osmid": 11036803232, "name": [ "nan" ] }, "geometry": { "type": "Point", "coordinates": [ 73.02224494502029, 18.90846086145682 ] } },
{ "type": "Feature", "properties": { "elevation": 5.2997479438781738, "depth": 2.0123467445373535, "osmid": 11037315333, "name": [ "nan" ] }, "geometry": { "type": "Point", "coordinates": [ 73.103666737018258, 18.993076162916516 ] } },
{ "type": "Feature", "properties": { "elevation": 5.2997479438781738, "depth": 2.0123467445373535, "osmid": 11037315342, "name": [ "nan" ] }, "geometry": { "type": "Point", "coordinates": [ 73.103633038800339, 18.993094414010255 ] } },
{ "type": "Feature", "properties": { "elevation": 4.5835051536560059, "depth": 1.3535680770874023, "osmid": 11038523145, "name": [ "nan" ] }, "geometry": { "type": "Point", "coordinates": [ 73.073009788788397, 19.145453583100874 ] } },
{ "type": "Feature", "properties": { "elevation": 4.5835051536560059, "depth": 1.3535680770874023, "osmid": 11038523155, "name": [ "nan" ] }, "geometry": { "type": "Point", "coordinates": [ 73.073006313913808, 19.1454585092069 ] } },
{ "type": "Feature", "properties": { "elevation": 4.5268597602844238, "depth": 2.4341449737548828, "osmid": 11038588735, "name": [ "nan" ] }, "geometry": { "type": "Point", "coordinates": [ 73.132245481675398, 18.854889249082071 ] } },
{ "type": "Feature", "properties": { "elevation": 4.5268597602844238, "depth": 2.4341449737548828, "osmid": 11038588737, "name": [ "nan" ] }, "geometry": { "type": "Point", "coordinates": [ 73.132244626097716, 18.854888616544653 ] } },
{ "type": "Feature", "properties": { "elevation": 3.134972095489502, "depth": 6.2236332893371582, "osmid": 11038674043, "name": [ "nan" ] }, "geometry": { "type": "Point", "coordinates": [ 73.094435710804234, 19.015512419245876 ] } },
{ "type": "Feature", "properties": { "elevation": 2.8048813343048096, "depth": 1.2354109287261963, "osmid": 11043838709, "name": [ "Mumbai - Pune Road" ] }, "geometry": { "type": "Point", "coordinates": [ 73.028862106696721, 19.162747025953866 ] } },
{ "type": "Feature", "properties": { "elevation": 5.6966948509216309, "depth": 1.509376049041748, "osmid": 11043864732, "name": [ "nan" ] }, "geometry": { "type": "Point", "coordinates": [ 73.029755393659144, 19.164806918315804 ] } },
{ "type": "Feature", "properties": { "elevation": 5.7310171127319336, "depth": 6.1024341583251953, "osmid": 11047690520, "name": [ "nan" ] }, "geometry": { "type": "Point", "coordinates": [ 73.087088588070372, 19.015930856848136 ] } },
{ "type": "Feature", "properties": { "elevation": 5.7310171127319336, "depth": 6.1024341583251953, "osmid": 11047690524, "name": [ "nan" ] }, "geometry": { "type": "Point", "coordinates": [ 73.087079635286514, 19.015933693902834 ] } },
{ "type": "Feature", "properties": { "elevation": 4.9372072219848633, "depth": 2.3071413040161133, "osmid": 11050911823, "name": [ "D Mart Road" ] }, "geometry": { "type": "Point", "coordinates": [ 73.10194376633504, 19.030760496647463 ] } },
{ "type": "Feature", "properties": { "elevation": 5.8681783676147461, "depth": 1.5984539985656738, "osmid": 11061220463, "name": [ "Mar Theophilus Marg" ] }, "geometry": { "type": "Point", "coordinates": [ 72.998995121526121, 19.083555890136299 ] } },
{ "type": "Feature", "properties": { "elevation": 5.1449251174926758, "depth": 1.5694904327392578, "osmid": 11064529914, "name": [ "Turbhe Village Road" ] }, "geometry": { "type": "Point", "coordinates": [ 73.009993190035857, 19.07161046486609 ] } },
{ "type": "Feature", "properties": { "elevation": 3.7812373638153076, "depth": 1.2981650829315186, "osmid": 11066424429, "name": [ "Vashi Gaon Road" ] }, "geometry": { "type": "Point", "coordinates": [ 72.991169637224587, 19.066118141544372 ] } },
{ "type": "Feature", "properties": { "elevation": 5.4037399291992188, "depth": 2.2247509956359863, "osmid": 11066609235, "name": [ "nan" ] }, "geometry": { "type": "Point", "coordinates": [ 73.060687023486381, 19.029621290797991 ] } },
{ "type": "Feature", "properties": { "elevation": 4.7893996238708496, "depth": 1.6398558616638184, "osmid": 11068749200, "name": [ "nan" ] }, "geometry": { "type": "Point", "coordinates": [ 72.996487455817118, 19.151747848401516 ] } },
{ "type": "Feature", "properties": { "elevation": 4.8390789031982422, "depth": 1.4386177062988281, "osmid": 11070577446, "name": [ "nan" ] }, "geometry": { "type": "Point", "coordinates": [ 73.048547991013876, 19.162523956083081 ] } },
{ "type": "Feature", "properties": { "elevation": 4.8390789031982422, "depth": 1.4386177062988281, "osmid": 11070577448, "name": [ "nan" ] }, "geometry": { "type": "Point", "coordinates": [ 73.048524976236493, 19.162492113704396 ] } },
{ "type": "Feature", "properties": { "elevation": 5.3940281867980957, "depth": 1.3797793388366699, "osmid": 11118793473, "name": [ "nan" ] }, "geometry": { "type": "Point", "coordinates": [ 73.019886524600182, 18.861153865942249 ] } },
{ "type": "Feature", "properties": { "elevation": 3.1737470626831055, "depth": 1.3395638465881348, "osmid": 11569787896, "name": [ "Panvel Uran Road" ] }, "geometry": { "type": "Point", "coordinates": [ 73.005900463474674, 18.913223184722447 ] } },
{ "type": "Feature", "properties": { "elevation": 2.7068278789520264, "depth": 1.2699568271636963, "osmid": 11569787896, "name": [ "Panvel Uran Road" ] }, "geometry": { "type": "Point", "coordinates": [ 73.008412388097796, 18.915422895090984 ] } },
{ "type": "Feature", "properties": { "elevation": 2.1250207424163818, "depth": 1.6596179008483887, "osmid": 11569787896, "name": [ "Panvel Uran Road" ] }, "geometry": { "type": "Point", "coordinates": [ 73.009541950921658, 18.917141414638778 ] } },
{ "type": "Feature", "properties": { "elevation": 3.6669058799743652, "depth": 1.4931516647338867, "osmid": 11569787896, "name": [ "Panvel Uran Road" ] }, "geometry": { "type": "Point", "coordinates": [ 73.01204286789762, 18.921243144493225 ] } },
{ "type": "Feature", "properties": { "elevation": 2.8150579929351807, "depth": 1.942669153213501, "osmid": 11569787896, "name": [ "Panvel Uran Road" ] }, "geometry": { "type": "Point", "coordinates": [ 73.012328694329398, 18.921711912076564 ] } },
{ "type": "Feature", "properties": { "elevation": 3.1773889064788818, "depth": 1.4593064785003662, "osmid": 11569787896, "name": [ "Panvel Uran Road" ] }, "geometry": { "type": "Point", "coordinates": [ 73.014032464192837, 18.924530504829391 ] } },
{ "type": "Feature", "properties": { "elevation": 5.9829802513122559, "depth": 3.9249815940856934, "osmid": 11921430019, "name": [ "Uran Road" ] }, "geometry": { "type": "Point", "coordinates": [ 73.092174029761949, 18.987667142742264 ] } },
{ "type": "Feature", "properties": { "elevation": 3.9016406536102295, "depth": 3.4518477916717529, "osmid": 11921430019, "name": [ "Uran Road" ] }, "geometry": { "type": "Point", "coordinates": [ 73.09272327802735, 18.988458740482734 ] } },
{ "type": "Feature", "properties": { "elevation": 3.2216629981994629, "depth": 1.9867801666259766, "osmid": 11921430019, "name": [ "Uran Road" ] }, "geometry": { "type": "Point", "coordinates": [ 73.093299006397132, 18.989233021012044 ] } },
{ "type": "Feature", "properties": { "elevation": 3.711601734161377, "depth": 2.3959355354309082, "osmid": 11921430019, "name": [ "Uran Road" ] }, "geometry": { "type": "Point", "coordinates": [ 73.0935477177796, 18.98956356723124 ] } },
{ "type": "Feature", "properties": { "elevation": 2.2879939079284668, "depth": 1.7220296859741211, "osmid": 11930133020, "name": [ "Sion-Panvel Highway" ] }, "geometry": { "type": "Point", "coordinates": [ 73.081079046894942, 19.035411530169938 ] } },
{ "type": "Feature", "properties": { "elevation": 1.8521654605865479, "depth": 1.2456319332122803, "osmid": 11977554916, "name": [ "Mumbai Pune National Highway" ] }, "geometry": { "type": "Point", "coordinates": [ 73.094789809257122, 19.063208957146156 ] } },
{ "type": "Feature", "properties": { "elevation": 3.0135049819946289, "depth": 1.5182504653930664, "osmid": 12046217754, "name": [ "nan" ] }, "geometry": { "type": "Point", "coordinates": [ 73.013590306438189, 18.960487059363071 ] } },
{ "type": "Feature", "properties": { "elevation": 2.8952558040618896, "depth": 2.2084858417510986, "osmid": 12088479400, "name": [ "nan" ] }, "geometry": { "type": "Point", "coordinates": [ 73.097006176548447, 18.994027161289768 ] } },
{ "type": "Feature", "properties": { "elevation": 4.6406693458557129, "depth": 1.6075625419616699, "osmid": 12135252771, "name": [ "nan" ] }, "geometry": { "type": "Point", "coordinates": [ 73.031397250553127, 19.005394980737929 ] } },
{ "type": "Feature", "properties": { "elevation": 5.0147037506103516, "depth": 1.6818256378173828, "osmid": 12135252771, "name": [ "nan" ] }, "geometry": { "type": "Point", "coordinates": [ 73.033423501962517, 19.001661806045277 ] } },
{ "type": "Feature", "properties": { "elevation": 5.4581508636474609, "depth": 1.3977413177490234, "osmid": 12135252771, "name": [ "nan" ] }, "geometry": { "type": "Point", "coordinates": [ 73.033660358944971, 19.001324351298315 ] } },
{ "type": "Feature", "properties": { "elevation": 4.0456395149230957, "depth": 1.2096648216247559, "osmid": 12137305720, "name": [ "Nag Devi Marg" ] }, "geometry": { "type": "Point", "coordinates": [ 73.013437135292548, 19.021742805816569 ] } },
{ "type": "Feature", "properties": { "elevation": 4.3176174163818359, "depth": 1.6363339424133301, "osmid": 12272821050, "name": [ "nan" ] }, "geometry": { "type": "Point", "coordinates": [ 73.026432350842143, 18.968994601346221 ] } },
{ "type": "Feature", "properties": { "elevation": 4.2133846282958984, "depth": 1.2227902412414551, "osmid": 12272972779, "name": [ "nan" ] }, "geometry": { "type": "Point", "coordinates": [ 73.009918255707376, 19.059343852265791 ] } },
{ "type": "Feature", "properties": { "elevation": 5.2061591148376465, "depth": 2.0700473785400391, "osmid": 12395276866, "name": [ "nan" ] }, "geometry": { "type": "Point", "coordinates": [ 73.001831026241831, 19.108793193314387 ] } },
{ "type": "Feature", "properties": { "elevation": 5.2061591148376465, "depth": 2.0700473785400391, "osmid": 12395347002, "name": [ "nan" ] }, "geometry": { "type": "Point", "coordinates": [ 73.001854995612476, 19.108719826877032 ] } },
{ "type": "Feature", "properties": { "elevation": 5.2887639999389648, "depth": 1.4624552726745605, "osmid": 12461201943, "name": [ "Atal Setu" ] }, "geometry": { "type": "Point", "coordinates": [ 73.011667993712209, 18.959185280250541 ] } },
{ "type": "Feature", "properties": { "elevation": 5.3100318908691406, "depth": 2.9833030700683594, "osmid": 12488092978, "name": [ "nan" ] }, "geometry": { "type": "Point", "coordinates": [ 73.013407576804354, 19.063675789009181 ] } },
{ "type": "Feature", "properties": { "elevation": 2.5325441360473633, "depth": 2.8790245056152344, "osmid": 12577856835, "name": [ "nan" ] }, "geometry": { "type": "Point", "coordinates": [ 73.012949744114593, 18.922161748154547 ] } },
{ "type": "Feature", "properties": { "elevation": 5.7428650856018066, "depth": 1.6432590484619141, "osmid": 12583406423, "name": [ "Amra Marg" ] }, "geometry": { "type": "Point", "coordinates": [ 73.030684257997677, 19.004761298084858 ] } },
{ "type": "Feature", "properties": { "elevation": 5.5022034645080566, "depth": 1.2147922515869141, "osmid": 12893285365, "name": [ "nan" ] }, "geometry": { "type": "Point", "coordinates": [ 73.065097235019564, 19.037668666410319 ] } },
{ "type": "Feature", "properties": { "elevation": 3.4422996044158936, "depth": 1.373767614364624, "osmid": 12992247008, "name": [ "nan" ] }, "geometry": { "type": "Point", "coordinates": [ 73.054286075064169, 18.992149488097912 ] } },
{ "type": "Feature", "properties": { "elevation": -0.36512115597724915, "depth": 1.3820400238037109, "osmid": 13050384872, "name": [ "nan" ] }, "geometry": { "type": "Point", "coordinates": [ 73.012051675255947, 18.91465959984091 ] } },
{ "type": "Feature", "properties": { "elevation": -0.45481446385383606, "depth": 1.7882176637649536, "osmid": 13050384875, "name": [ "nan" ] }, "geometry": { "type": "Point", "coordinates": [ 73.012504703882129, 18.914910999100787 ] } },
{ "type": "Feature", "properties": { "elevation": -0.2306504100561142, "depth": 2.801938533782959, "osmid": 13094131089, "name": [ "nan" ] }, "geometry": { "type": "Point", "coordinates": [ 72.979711889307794, 18.91598490332667 ] } },
{ "type": "Feature", "properties": { "elevation": 4.0798687934875488, "depth": 1.2107973098754883, "osmid": 13096307799, "name": "['Targhar Flyover' 'Ambuja Jetty Flyover' 'Amra Marg']" }, "geometry": { "type": "Point", "coordinates": [ 73.036256787838937, 18.996747458691413 ] } },
{ "type": "Feature", "properties": { "elevation": 5.5436439514160156, "depth": 1.3525300025939941, "osmid": 13096307799, "name": [ "Amra Marg" ] }, "geometry": { "type": "Point", "coordinates": [ 73.034468177403951, 18.999866689913819 ] } },
{ "type": "Feature", "properties": { "elevation": 4.2467331886291504, "depth": 1.980496883392334, "osmid": 13201244761, "name": [ "nan" ] }, "geometry": { "type": "Point", "coordinates": [ 73.063689759637072, 19.030423256802397 ] } },
{ "type": "Feature", "properties": { "elevation": 5.4478983879089355, "depth": 2.3217239379882812, "osmid": 13272154901, "name": [ "nan" ] }, "geometry": { "type": "Point", "coordinates": [ 73.011118781054094, 19.058334830390702 ] } },
{ "type": "Feature", "properties": { "elevation": 5.404332160949707, "depth": 2.3652901649475098, "osmid": 13272154901, "name": [ "nan" ] }, "geometry": { "type": "Point", "coordinates": [ 73.010797900468035, 19.058603354793178 ] } },
{ "type": "Feature", "properties": { "elevation": 5.1729345321655273, "depth": 2.6516017913818359, "osmid": 13272154901, "name": [ "nan" ] }, "geometry": { "type": "Point", "coordinates": [ 73.010477804927817, 19.058872759035392 ] } },
{ "type": "Feature", "properties": { "elevation": 5.7729935646057129, "depth": 2.0841684341430664, "osmid": 13272154901, "name": [ "nan" ] }, "geometry": { "type": "Point", "coordinates": [ 73.010157708364801, 19.05914216262039 ] } },
{ "type": "Feature", "properties": { "elevation": 5.2051944732666016, "depth": 1.7466573715209961, "osmid": 13284832557, "name": [ "nan" ] }, "geometry": { "type": "Point", "coordinates": [ 73.106634454741609, 19.067903892436075 ] } },
{ "type": "Feature", "properties": { "elevation": 1.2048900127410889, "depth": 1.3007495403289795, "osmid": 13285046492, "name": [ "NMIA North Boundary Road" ] }, "geometry": { "type": "Point", "coordinates": [ 73.073502009334334, 19.002286531764646 ] } },
{ "type": "Feature", "properties": { "elevation": 5.3079710006713867, "depth": 1.2056093215942383, "osmid": 13350626017, "name": [ "Kalyan - Shil Road" ] }, "geometry": { "type": "Point", "coordinates": [ 73.071661102651859, 19.162213213018649 ] } },
{ "type": "Feature", "properties": { "elevation": 5.3079710006713867, "depth": 1.2056093215942383, "osmid": 13350626017, "name": [ "Kalyan - Shil Road" ] }, "geometry": { "type": "Point", "coordinates": [ 73.071618887138584, 19.162254041942049 ] } },
{ "type": "Feature", "properties": { "elevation": 5.7471427917480469, "depth": 1.9749312400817871, "osmid": 13350626017, "name": [ "Kalyan - Shil Road" ] }, "geometry": { "type": "Point", "coordinates": [ 73.075295844897127, 19.164902691537549 ] } },
{ "type": "Feature", "properties": { "elevation": 5.9717845916748047, "depth": 3.6690082550048828, "osmid": 13350626017, "name": [ "Kalyan - Shil Road" ] }, "geometry": { "type": "Point", "coordinates": [ 73.077227954417253, 19.166894905423156 ] } },
{ "type": "Feature", "properties": { "elevation": 5.793602466583252, "depth": 2.8596596717834473, "osmid": 13350626017, "name": [ "Kalyan - Shil Road" ] }, "geometry": { "type": "Point", "coordinates": [ 73.077531430399844, 19.167181379504505 ] } },
{ "type": "Feature", "properties": { "elevation": 2.8399057388305664, "depth": 1.3340134620666504, "osmid": 13410353970, "name": "['Amra Marg' 'Targhar Flyover']" }, "geometry": { "type": "Point", "coordinates": [ 73.037541036292552, 18.986571764999908 ] } },
{ "type": "Feature", "properties": { "elevation": 3.3771376609802246, "depth": 1.4606485366821289, "osmid": 13410353970, "name": "['Amra Marg' 'Targhar Flyover']" }, "geometry": { "type": "Point", "coordinates": [ 73.0378322912253, 18.985953840307044 ] } },
{ "type": "Feature", "properties": { "elevation": 2.7703633308410645, "depth": 1.3798470497131348, "osmid": 13410353970, "name": "['Amra Marg' 'Targhar Flyover']" }, "geometry": { "type": "Point", "coordinates": [ 73.03807554786421, 18.985317558775801 ] } },
{ "type": "Feature", "properties": { "elevation": 5.6663212776184082, "depth": 1.2609610557556152, "osmid": 13434015871, "name": [ "nan" ] }, "geometry": { "type": "Point", "coordinates": [ 72.992072189115305, 19.164330388986471 ] } },
{ "type": "Feature", "properties": { "elevation": 3.4422996044158936, "depth": 1.373767614364624, "osmid": 13437295116, "name": [ "nan" ] }, "geometry": { "type": "Point", "coordinates": [ 73.054343631256799, 18.992080027722608 ] } },
{ "type": "Feature", "properties": { "elevation": 3.7449996471405029, "depth": 1.8961265087127686, "osmid": 13506702144, "name": [ "nan" ] }, "geometry": { "type": "Point", "coordinates": [ 73.073261900183581, 18.973583366298513 ] } },
{ "type": "Feature", "properties": { "elevation": 3.1010494232177734, "depth": 1.2353019714355469, "osmid": 13523848282, "name": [ "Kharghar Station Road" ] }, "geometry": { "type": "Point", "coordinates": [ 73.071328558077198, 19.035365670548646 ] } },
{ "type": "Feature", "properties": { "elevation": 4.7573099136352539, "depth": 2.04351806640625, "osmid": 13523867403, "name": [ "Taloja Phase 2 road" ] }, "geometry": { "type": "Point", "coordinates": [ 73.099026454505818, 19.067023852697446 ] } },
{ "type": "Feature", "properties": { "elevation": 3.1971287727355957, "depth": 2.3169040679931641, "osmid": 13543195456, "name": [ "Palm Beach Service Road" ] }, "geometry": { "type": "Point", "coordinates": [ 73.004581031630607, 19.055292829671753 ] } },
{ "type": "Feature", "properties": { "elevation": 3.0057971477508545, "depth": 1.5459473133087158, "osmid": 13543195462, "name": [ "nan" ] }, "geometry": { "type": "Point", "coordinates": [ 73.006990468008055, 19.055053787582988 ] } },
{ "type": "Feature", "properties": { "elevation": 5.9817371368408203, "depth": 1.6122221946716309, "osmid": 13543270807, "name": [ "Sukir Manya Koli Marg" ] }, "geometry": { "type": "Point", "coordinates": [ 73.040665570201, 19.00838821560421 ] } },
{ "type": "Feature", "properties": { "elevation": 4.231846809387207, "depth": 2.1039104461669922, "osmid": 13543270807, "name": [ "Sukir Manya Koli Marg" ] }, "geometry": { "type": "Point", "coordinates": [ 73.040349540373455, 19.008648228923722 ] } },
{ "type": "Feature", "properties": { "elevation": 3.9068799018859863, "depth": 2.4756221771240234, "osmid": 13545534867, "name": [ "Seawoods Station Road" ] }, "geometry": { "type": "Point", "coordinates": [ 73.017194989078774, 19.02151328647841 ] } },
{ "type": "Feature", "properties": { "elevation": 4.8248639106750488, "depth": 2.3804664611816406, "osmid": 13545534867, "name": [ "Seawoods Station Road" ] }, "geometry": { "type": "Point", "coordinates": [ 73.017504066700141, 19.021232556048684 ] } },
{ "type": "Feature", "properties": { "elevation": 1.1005617380142212, "depth": 1.8306657075881958, "osmid": 13755575827, "name": [ "Kalamboli Link Road" ] }, "geometry": { "type": "Point", "coordinates": [ 73.086252913222708, 19.033916724531867 ] } },
{ "type": "Feature", "properties": { "elevation": 4.4554681777954102, "depth": 1.7856602668762207, "osmid": 13766219946, "name": [ "nan" ] }, "geometry": { "type": "Point", "coordinates": [ 73.002866434197642, 19.069532070098536 ] } },
{ "type": "Feature", "properties": { "elevation": 5.1998100280761719, "depth": 2.8771820068359375, "osmid": 13769114583, "name": [ "nan" ] }, "geometry": { "type": "Point", "coordinates": [ 73.035986934219409, 18.998692979505911 ] } },
{ "type": "Feature", "properties": { "elevation": 1.5, "depth": 3.0634336471557617, "osmid": 13779642265, "name": [ "nan" ] }, "geometry": { "type": "Point", "coordinates": [ 73.098265843479425, 19.040988646110794 ] } },
{ "type": "Feature", "properties": { "elevation": 5.5022034645080566, "depth": 1.2147922515869141, "osmid": 13779738520, "name": [ "nan" ] }, "geometry": { "type": "Point", "coordinates": [ 73.065073719095579, 19.037676258882527 ] } },
{ "type": "Feature", "properties": { "elevation": 4.6934328079223633, "depth": 1.2895474433898926, "osmid": 13851588770, "name": [ "nan" ] }, "geometry": { "type": "Point", "coordinates": [ 73.09187840697966, 18.98764958327979 ] } },
{ "type": "Feature", "properties": { "elevation": 5.6650834083557129, "depth": 2.6346755027770996, "osmid": 13893419217, "name": [ "Dr. Babasaheb Ambedkar Marg" ] }, "geometry": { "type": "Point", "coordinates": [ 73.014854062888475, 19.05617764732299 ] } },
{ "type": "Feature", "properties": { "elevation": 3.9199240207672119, "depth": 1.5057218074798584, "osmid": 13893419217, "name": [ "Dr. Babasaheb Ambedkar Marg" ] }, "geometry": { "type": "Point", "coordinates": [ 73.014533862039173, 19.056446934797215 ] } },
{ "type": "Feature", "properties": { "elevation": 4.4814119338989258, "depth": 2.5399246215820312, "osmid": 13936494396, "name": [ "nan" ] }, "geometry": { "type": "Point", "coordinates": [ 73.054104505345023, 19.155086248806313 ] } },
{ "type": "Feature", "properties": { "elevation": 4.2912249565124512, "depth": 1.4335479736328125, "osmid": 352470440, "name": [ "Eastern Express Highway" ] }, "geometry": { "type": "Point", "coordinates": [ 73.004123005477538, 19.209102771617911 ] } },
{ "type": "Feature", "properties": { "elevation": 5.4464869499206543, "depth": 1.5860204696655273, "osmid": 352470440, "name": [ "Eastern Express Highway" ] }, "geometry": { "type": "Point", "coordinates": [ 73.002972738393112, 19.208571533386671 ] } },
{ "type": "Feature", "properties": { "elevation": 5.1551008224487305, "depth": 1.2731823921203613, "osmid": 904824687, "name": [ "nan" ] }, "geometry": { "type": "Point", "coordinates": [ 73.0118409722526, 19.295651571385285 ] } },
{ "type": "Feature", "properties": { "elevation": 1.3584357500076294, "depth": 1.4362417459487915, "osmid": 1235720554, "name": [ "nan" ] }, "geometry": { "type": "Point", "coordinates": [ 72.987571947074329, 19.265335468169887 ] } },
{ "type": "Feature", "properties": { "elevation": 5.5612902641296387, "depth": 1.6225318908691406, "osmid": 1647015838, "name": [ "Shree Swami Samarth Marg" ] }, "geometry": { "type": "Point", "coordinates": [ 72.981052167911443, 19.180743372372238 ] } },
{ "type": "Feature", "properties": { "elevation": 4.1394748687744141, "depth": 1.8210806846618652, "osmid": 1650406080, "name": [ "Salvi Road" ] }, "geometry": { "type": "Point", "coordinates": [ 72.99429213255867, 19.195473264022965 ] } },
{ "type": "Feature", "properties": { "elevation": 5.6239776611328125, "depth": 2.4190340042114258, "osmid": 1708083270, "name": [ "nan" ] }, "geometry": { "type": "Point", "coordinates": [ 73.090104073297539, 19.203828670461828 ] } },
{ "type": "Feature", "properties": { "elevation": 5.4826140403747559, "depth": 3.8912291526794434, "osmid": 1708083270, "name": [ "nan" ] }, "geometry": { "type": "Point", "coordinates": [ 73.089326674659631, 19.203532362771472 ] } },
{ "type": "Feature", "properties": { "elevation": 3.4933376312255859, "depth": 2.7953433990478516, "osmid": 1960734350, "name": [ "RW Sawant Road" ] }, "geometry": { "type": "Point", "coordinates": [ 72.981862579127764, 19.209625128917324 ] } },
{ "type": "Feature", "properties": { "elevation": 0.58231985569000244, "depth": 1.3266319036483765, "osmid": 2193781125, "name": [ "nan" ] }, "geometry": { "type": "Point", "coordinates": [ 73.033800122887243, 19.177711353189338 ] } },
{ "type": "Feature", "properties": { "elevation": 4.2063584327697754, "depth": 1.3012795448303223, "osmid": 2221087644, "name": [ "nan" ] }, "geometry": { "type": "Point", "coordinates": [ 73.016702061274941, 19.25806151940176 ] } },
{ "type": "Feature", "properties": { "elevation": 3.2920563220977783, "depth": 1.56111741065979, "osmid": 2221088240, "name": [ "nan" ] }, "geometry": { "type": "Point", "coordinates": [ 73.014633767326742, 19.261561132886222 ] } },
{ "type": "Feature", "properties": { "elevation": 3.9732530117034912, "depth": 2.0865037441253662, "osmid": 2221090658, "name": [ "nan" ] }, "geometry": { "type": "Point", "coordinates": [ 73.175965135100469, 19.300053368243908 ] } },
{ "type": "Feature", "properties": { "elevation": 3.0002353191375732, "depth": 1.854266881942749, "osmid": 2221471571, "name": [ "nan" ] }, "geometry": { "type": "Point", "coordinates": [ 73.072305539043342, 19.323452964808066 ] } },
{ "type": "Feature", "properties": { "elevation": 3.0002353191375732, "depth": 1.854266881942749, "osmid": 2221471740, "name": [ "nan" ] }, "geometry": { "type": "Point", "coordinates": [ 73.072301946208441, 19.323431423559761 ] } },
{ "type": "Feature", "properties": { "elevation": 2.5577516555786133, "depth": 3.1132607460021973, "osmid": 2224423922, "name": [ "nan" ] }, "geometry": { "type": "Point", "coordinates": [ 73.06604219812138, 19.233290486393315 ] } },
{ "type": "Feature", "properties": { "elevation": 2.9925811290740967, "depth": 4.3071060180664062, "osmid": 2224423922, "name": [ "nan" ] }, "geometry": { "type": "Point", "coordinates": [ 73.066309863694798, 19.233607635840453 ] } },
{ "type": "Feature", "properties": { "elevation": 2.783158540725708, "depth": 5.4079570770263672, "osmid": 2224423922, "name": [ "nan" ] }, "geometry": { "type": "Point", "coordinates": [ 73.066594397545032, 19.233909940251259 ] } },
{ "type": "Feature", "properties": { "elevation": 3.4199438095092773, "depth": 2.3456687927246094, "osmid": 2224424457, "name": [ "nan" ] }, "geometry": { "type": "Point", "coordinates": [ 73.063099637274448, 19.236348816609674 ] } },
{ "type": "Feature", "properties": { "elevation": 4.5992393493652344, "depth": 5.2372941970825195, "osmid": 2224424557, "name": [ "nan" ] }, "geometry": { "type": "Point", "coordinates": [ 73.040193734827369, 19.237532972762335 ] } },
{ "type": "Feature", "properties": { "elevation": 4.5992393493652344, "depth": 5.2372941970825195, "osmid": 2224424732, "name": [ "nan" ] }, "geometry": { "type": "Point", "coordinates": [ 73.040190011283272, 19.237530015230842 ] } },
{ "type": "Feature", "properties": { "elevation": 5.0695667266845703, "depth": 2.9441795349121094, "osmid": 2224424845, "name": [ "nan" ] }, "geometry": { "type": "Point", "coordinates": [ 73.062858586534105, 19.23674365394055 ] } },
{ "type": "Feature", "properties": { "elevation": 2.8557336330413818, "depth": 2.5577113628387451, "osmid": 2224424845, "name": [ "nan" ] }, "geometry": { "type": "Point", "coordinates": [ 73.0646608533538, 19.238755482810024 ] } },
{ "type": "Feature", "properties": { "elevation": 2.8843436241149902, "depth": 1.8786959648132324, "osmid": 2224425155, "name": [ "nan" ] }, "geometry": { "type": "Point", "coordinates": [ 73.022866847631107, 19.242860398480033 ] } },
{ "type": "Feature", "properties": { "elevation": 4.205812931060791, "depth": 1.4727597236633301, "osmid": 2224425254, "name": [ "nan" ] }, "geometry": { "type": "Point", "coordinates": [ 73.024297543253823, 19.24514373700061 ] } },
{ "type": "Feature", "properties": { "elevation": 2.8843436241149902, "depth": 1.8786959648132324, "osmid": 2224425254, "name": [ "nan" ] }, "geometry": { "type": "Point", "coordinates": [ 73.022860268857769, 19.242854088844691 ] } },
{ "type": "Feature", "properties": { "elevation": 4.205812931060791, "depth": 1.4727597236633301, "osmid": 2224425602, "name": [ "nan" ] }, "geometry": { "type": "Point", "coordinates": [ 73.024258749834033, 19.245168990546539 ] } },
{ "type": "Feature", "properties": { "elevation": 5.1272764205932617, "depth": 2.6889247894287109, "osmid": 2224426222, "name": [ "nan" ] }, "geometry": { "type": "Point", "coordinates": [ 73.069224108163198, 19.245806135875792 ] } },
{ "type": "Feature", "properties": { "elevation": 4.3164100646972656, "depth": 1.7405948638916016, "osmid": 2224426807, "name": [ "nan" ] }, "geometry": { "type": "Point", "coordinates": [ 73.012976225848192, 19.249610912855445 ] } },
{ "type": "Feature", "properties": { "elevation": 4.6283965110778809, "depth": 1.4517560005187988, "osmid": 2224871254, "name": [ "nan" ] }, "geometry": { "type": "Point", "coordinates": [ 73.042582279074338, 19.187601996921479 ] } },
{ "type": "Feature", "properties": { "elevation": 5.2814226150512695, "depth": 7.5717382431030273, "osmid": 2224871557, "name": [ "nan" ] }, "geometry": { "type": "Point", "coordinates": [ 73.045199878899652, 19.188628418307168 ] } },
{ "type": "Feature", "properties": { "elevation": 4.0591187477111816, "depth": 3.1502156257629395, "osmid": 2224873151, "name": [ "nan" ] }, "geometry": { "type": "Point", "coordinates": [ 73.071772628502913, 19.198180231478727 ] } },
{ "type": "Feature", "properties": { "elevation": 5.9669198989868164, "depth": 2.7004966735839844, "osmid": 2224873496, "name": [ "nan" ] }, "geometry": { "type": "Point", "coordinates": [ 73.038726115853237, 19.215772957086656 ] } },
{ "type": "Feature", "properties": { "elevation": 5.59661865234375, "depth": 1.991757869720459, "osmid": 2227586937, "name": [ "Majiwada Village Road" ] }, "geometry": { "type": "Point", "coordinates": [ 72.983543631562455, 19.215630374249514 ] } },
{ "type": "Feature", "properties": { "elevation": 5.59661865234375, "depth": 1.991757869720459, "osmid": 2227610325, "name": [ "Majiwada Village Road" ] }, "geometry": { "type": "Point", "coordinates": [ 72.983553868062742, 19.215634479850078 ] } },
{ "type": "Feature", "properties": { "elevation": 2.0245583057403564, "depth": 2.2672317028045654, "osmid": 2228291385, "name": [ "Chendani Bunder Road" ] }, "geometry": { "type": "Point", "coordinates": [ 72.982604852319852, 19.193925556423679 ] } },
{ "type": "Feature", "properties": { "elevation": 2.0245583057403564, "depth": 2.2672317028045654, "osmid": 2228291496, "name": [ "Chendani Bunder Road" ] }, "geometry": { "type": "Point", "coordinates": [ 72.982613175774603, 19.19394212556368 ] } },
{ "type": "Feature", "properties": { "elevation": 3.1949360370635986, "depth": 2.129812479019165, "osmid": 2228291677, "name": [ "nan" ] }, "geometry": { "type": "Point", "coordinates": [ 72.995873292933979, 19.198230367856773 ] } },
{ "type": "Feature", "properties": { "elevation": 3.4933376312255859, "depth": 2.7953433990478516, "osmid": 2228292629, "name": [ "RW Sawant Road" ] }, "geometry": { "type": "Point", "coordinates": [ 72.981907116840034, 19.209672827621908 ] } },
{ "type": "Feature", "properties": { "elevation": 5.5267319679260254, "depth": 1.8398046493530273, "osmid": 2230420381, "name": [ "nan" ] }, "geometry": { "type": "Point", "coordinates": [ 73.044550746647261, 19.190010220932184 ] } },
{ "type": "Feature", "properties": { "elevation": 5.9669198989868164, "depth": 2.7004966735839844, "osmid": 2230421638, "name": [ "nan" ] }, "geometry": { "type": "Point", "coordinates": [ 73.038788830464043, 19.215808773852604 ] } },
{ "type": "Feature", "properties": { "elevation": 3.5206539630889893, "depth": 1.6681869029998779, "osmid": 2230498732, "name": [ "nan" ] }, "geometry": { "type": "Point", "coordinates": [ 73.032955637492392, 19.20835763374037 ] } },
{ "type": "Feature", "properties": { "elevation": 3.5206539630889893, "depth": 1.6681869029998779, "osmid": 2230498818, "name": [ "nan" ] }, "geometry": { "type": "Point", "coordinates": [ 73.032934439509418, 19.208408963170843 ] } },
{ "type": "Feature", "properties": { "elevation": 5.1980290412902832, "depth": 1.2741847038269043, "osmid": 2230499069, "name": [ "nan" ] }, "geometry": { "type": "Point", "coordinates": [ 73.062739015487111, 19.218688838000183 ] } },
{ "type": "Feature", "properties": { "elevation": 5.67181396484375, "depth": 1.3676056861877441, "osmid": 2230499243, "name": [ "nan" ] }, "geometry": { "type": "Point", "coordinates": [ 73.043565662142541, 19.229177931320979 ] } },
{ "type": "Feature", "properties": { "elevation": 4.7445549964904785, "depth": 1.8581624031066895, "osmid": 2230499258, "name": [ "nan" ] }, "geometry": { "type": "Point", "coordinates": [ 73.025340811305881, 19.228845121503241 ] } },
{ "type": "Feature", "properties": { "elevation": 4.2522149085998535, "depth": 1.7066068649291992, "osmid": 2230499258, "name": [ "nan" ] }, "geometry": { "type": "Point", "coordinates": [ 73.02616909713845, 19.229374727393612 ] } },
{ "type": "Feature", "properties": { "elevation": 3.383033275604248, "depth": 1.2060227394104004, "osmid": 2230499258, "name": [ "nan" ] }, "geometry": { "type": "Point", "coordinates": [ 73.026999848030457, 19.229900861749805 ] } },
{ "type": "Feature", "properties": { "elevation": 4.8007464408874512, "depth": 2.1185808181762695, "osmid": 2231219734, "name": [ "nan" ] }, "geometry": { "type": "Point", "coordinates": [ 73.079935097734506, 19.209489883114131 ] } },
{ "type": "Feature", "properties": { "elevation": 4.8007464408874512, "depth": 2.1185808181762695, "osmid": 2231219794, "name": [ "nan" ] }, "geometry": { "type": "Point", "coordinates": [ 73.079901262697561, 19.209423989621062 ] } },
{ "type": "Feature", "properties": { "elevation": 4.980621337890625, "depth": 3.203913688659668, "osmid": 2231220102, "name": [ "nan" ] }, "geometry": { "type": "Point", "coordinates": [ 73.078136771022201, 19.213366858298116 ] } },
{ "type": "Feature", "properties": { "elevation": 5.3099260330200195, "depth": 1.5302653312683105, "osmid": 2231220260, "name": [ "nan" ] }, "geometry": { "type": "Point", "coordinates": [ 73.076177875306669, 19.216502507416386 ] } },
{ "type": "Feature", "properties": { "elevation": 5.5336956977844238, "depth": 2.6987662315368652, "osmid": 2231220506, "name": [ "nan" ] }, "geometry": { "type": "Point", "coordinates": [ 73.075857032210095, 19.215784813123214 ] } },
{ "type": "Feature", "properties": { "elevation": 4.4037070274353027, "depth": 1.6063961982727051, "osmid": 2236479317, "name": [ "nan" ] }, "geometry": { "type": "Point", "coordinates": [ 73.124912495796892, 19.23485158533428 ] } },
{ "type": "Feature", "properties": { "elevation": 5.1334829330444336, "depth": 4.1818361282348633, "osmid": 2236480435, "name": [ "nan" ] }, "geometry": { "type": "Point", "coordinates": [ 73.114684104501706, 19.245480964964038 ] } },
{ "type": "Feature", "properties": { "elevation": 3.5163359642028809, "depth": 2.066218376159668, "osmid": 2236480544, "name": [ "Kon Piplas Rd" ] }, "geometry": { "type": "Point", "coordinates": [ 73.096267042461079, 19.246966856352863 ] } },
{ "type": "Feature", "properties": { "elevation": 3.5440444946289062, "depth": 1.9420275688171387, "osmid": 2236480544, "name": [ "Kon Piplas Rd" ] }, "geometry": { "type": "Point", "coordinates": [ 73.082872445279506, 19.245182966541957 ] } },
{ "type": "Feature", "properties": { "elevation": 0.58231985569000244, "depth": 1.3266319036483765, "osmid": 2237059412, "name": [ "nan" ] }, "geometry": { "type": "Point", "coordinates": [ 73.033813828636113, 19.177700185960422 ] } },
{ "type": "Feature", "properties": { "elevation": 4.6668128967285156, "depth": 1.2278356552124023, "osmid": 2237059606, "name": [ "nan" ] }, "geometry": { "type": "Point", "coordinates": [ 73.040347199288689, 19.180413976879404 ] } },
{ "type": "Feature", "properties": { "elevation": 3.2167904376983643, "depth": 1.2306625843048096, "osmid": 2237059665, "name": [ "nan" ] }, "geometry": { "type": "Point", "coordinates": [ 73.041974609715837, 19.181041077921464 ] } },
{ "type": "Feature", "properties": { "elevation": 5.0558347702026367, "depth": 1.2658214569091797, "osmid": 2237059994, "name": [ "nan" ] }, "geometry": { "type": "Point", "coordinates": [ 73.040347664119366, 19.183886352258853 ] } },
{ "type": "Feature", "properties": { "elevation": 2.8055994510650635, "depth": 1.3824527263641357, "osmid": 2242078217, "name": [ "nan" ] }, "geometry": { "type": "Point", "coordinates": [ 72.974073870405235, 19.325408758046926 ] } },
{ "type": "Feature", "properties": { "elevation": 3.9779191017150879, "depth": 1.3334393501281738, "osmid": 2242267475, "name": [ "nan" ] }, "geometry": { "type": "Point", "coordinates": [ 72.988670260781845, 19.186188414464617 ] } },
{ "type": "Feature", "properties": { "elevation": 3.9779191017150879, "depth": 1.3334393501281738, "osmid": 2242267475, "name": [ "nan" ] }, "geometry": { "type": "Point", "coordinates": [ 72.988702527097956, 19.185927461803594 ] } },
{ "type": "Feature", "properties": { "elevation": 5.6000089645385742, "depth": 1.2862558364868164, "osmid": 2244912349, "name": [ "nan" ] }, "geometry": { "type": "Point", "coordinates": [ 73.043394721928081, 19.312205555994016 ] } },
{ "type": "Feature", "properties": { "elevation": 1.9349448680877686, "depth": 1.2175707817077637, "osmid": 2245096737, "name": [ "nan" ] }, "geometry": { "type": "Point", "coordinates": [ 72.988465502794298, 19.295394037437454 ] } },
{ "type": "Feature", "properties": { "elevation": 2.4767775535583496, "depth": 2.0167989730834961, "osmid": 2245096737, "name": [ "nan" ] }, "geometry": { "type": "Point", "coordinates": [ 72.988099579896655, 19.29560497055428 ] } },
{ "type": "Feature", "properties": { "elevation": 2.0777781009674072, "depth": 1.4825284481048584, "osmid": 2245096737, "name": [ "nan" ] }, "geometry": { "type": "Point", "coordinates": [ 72.987611807102411, 19.295886409370539 ] } },
{ "type": "Feature", "properties": { "elevation": 2.9253747463226318, "depth": 1.4806067943572998, "osmid": 2245096737, "name": [ "nan" ] }, "geometry": { "type": "Point", "coordinates": [ 72.986115872904151, 19.296675834444606 ] } },
{ "type": "Feature", "properties": { "elevation": 1.9317892789840698, "depth": 1.3899680376052856, "osmid": 2245096999, "name": [ "nan" ] }, "geometry": { "type": "Point", "coordinates": [ 72.984770808383857, 19.298155771655132 ] } },
{ "type": "Feature", "properties": { "elevation": 2.5586555004119873, "depth": 2.2711327075958252, "osmid": 2245097516, "name": [ "nan" ] }, "geometry": { "type": "Point", "coordinates": [ 72.975890345985704, 19.303179380719968 ] } },
{ "type": "Feature", "properties": { "elevation": 2.2364840507507324, "depth": 1.8729472160339355, "osmid": 2245097524, "name": [ "nan" ] }, "geometry": { "type": "Point", "coordinates": [ 72.975456521056259, 19.303078819506513 ] } },
{ "type": "Feature", "properties": { "elevation": 3.1750202178955078, "depth": 1.397667407989502, "osmid": 2245097524, "name": [ "nan" ] }, "geometry": { "type": "Point", "coordinates": [ 72.977259184917088, 19.302039568654802 ] } },
{ "type": "Feature", "properties": { "elevation": 5.697089672088623, "depth": 1.3461699485778809, "osmid": 2246571938, "name": [ "nan" ] }, "geometry": { "type": "Point", "coordinates": [ 73.157927004863893, 19.252158372614907 ] } },
{ "type": "Feature", "properties": { "elevation": 5.6014680862426758, "depth": 3.5619878768920898, "osmid": 2246572737, "name": [ "nan" ] }, "geometry": { "type": "Point", "coordinates": [ 73.156930673335637, 19.264376875765205 ] } },
{ "type": "Feature", "properties": { "elevation": 4.8328285217285156, "depth": 1.8842005729675293, "osmid": 2269782618, "name": [ "Mumbai Agra National Highway" ] }, "geometry": { "type": "Point", "coordinates": [ 73.024948140798088, 19.228058084867016 ] } },
{ "type": "Feature", "properties": { "elevation": 3.4031744003295898, "depth": 1.6146588325500488, "osmid": 2269782636, "name": [ "Mumbai Agra National Highway" ] }, "geometry": { "type": "Point", "coordinates": [ 73.027615465138112, 19.229692613374201 ] } },
{ "type": "Feature", "properties": { "elevation": 5.0653095245361328, "depth": 1.4333429336547852, "osmid": 2269782638, "name": [ "Mumbai Agra National Highway" ] }, "geometry": { "type": "Point", "coordinates": [ 73.030738214082078, 19.231848062515702 ] } },
{ "type": "Feature", "properties": { "elevation": 4.592498779296875, "depth": 2.0474739074707031, "osmid": 2269782638, "name": [ "Mumbai Agra National Highway" ] }, "geometry": { "type": "Point", "coordinates": [ 73.03120940616833, 19.232153610392409 ] } },
{ "type": "Feature", "properties": { "elevation": 5.4325728416442871, "depth": 1.4861798286437988, "osmid": 2269782638, "name": [ "Mumbai Agra National Highway" ] }, "geometry": { "type": "Point", "coordinates": [ 73.03166246609166, 19.232483040525565 ] } },
{ "type": "Feature", "properties": { "elevation": 5.4524679183959961, "depth": 1.7182917594909668, "osmid": 2269782638, "name": [ "Mumbai Agra National Highway" ] }, "geometry": { "type": "Point", "coordinates": [ 73.031987829358286, 19.232746831970115 ] } },
{ "type": "Feature", "properties": { "elevation": 4.3832244873046875, "depth": 1.6170320510864258, "osmid": 2299204467, "name": [ "Thane Belapur Road" ] }, "geometry": { "type": "Point", "coordinates": [ 72.987440896390069, 19.193432005064142 ] } },
{ "type": "Feature", "properties": { "elevation": 5.8292150497436523, "depth": 2.0624346733093262, "osmid": 3797743020, "name": [ "nan" ] }, "geometry": { "type": "Point", "coordinates": [ 73.025737925581964, 19.252185987516029 ] } },
{ "type": "Feature", "properties": { "elevation": 5.8292150497436523, "depth": 2.0624346733093262, "osmid": 3797743022, "name": [ "nan" ] }, "geometry": { "type": "Point", "coordinates": [ 73.025749724712369, 19.252187671048585 ] } },
{ "type": "Feature", "properties": { "elevation": 5.588829517364502, "depth": 1.371490478515625, "osmid": 3797743031, "name": [ "nan" ] }, "geometry": { "type": "Point", "coordinates": [ 73.0138759192577, 19.251404524214244 ] } },
{ "type": "Feature", "properties": { "elevation": 5.1989812850952148, "depth": 1.3451032638549805, "osmid": 3797743226, "name": [ "nan" ] }, "geometry": { "type": "Point", "coordinates": [ 73.014980905966922, 19.254233047498392 ] } },
{ "type": "Feature", "properties": { "elevation": 3.8259401321411133, "depth": 1.4570088386535645, "osmid": 3797743249, "name": [ "nan" ] }, "geometry": { "type": "Point", "coordinates": [ 73.014660221705938, 19.255078097821684 ] } },
{ "type": "Feature", "properties": { "elevation": 4.963660717010498, "depth": 2.3811583518981934, "osmid": 3797743368, "name": [ "nan" ] }, "geometry": { "type": "Point", "coordinates": [ 73.016080502097836, 19.256694168798465 ] } },
{ "type": "Feature", "properties": { "elevation": 5.3277935981750488, "depth": 2.4884586334228516, "osmid": 3797743368, "name": [ "nan" ] }, "geometry": { "type": "Point", "coordinates": [ 73.015496122780206, 19.256397513884171 ] } },
{ "type": "Feature", "properties": { "elevation": 3.2920563220977783, "depth": 1.56111741065979, "osmid": 3797743462, "name": [ "nan" ] }, "geometry": { "type": "Point", "coordinates": [ 73.014608170792258, 19.26158672935227 ] } },
{ "type": "Feature", "properties": { "elevation": 4.2063584327697754, "depth": 1.3012795448303223, "osmid": 3797743462, "name": [ "nan" ] }, "geometry": { "type": "Point", "coordinates": [ 73.016648703427094, 19.258110403257273 ] } },
{ "type": "Feature", "properties": { "elevation": 3.0027377605438232, "depth": 1.3340332508087158, "osmid": 4140598033, "name": [ "nan" ] }, "geometry": { "type": "Point", "coordinates": [ 72.988594123823432, 19.183753030647004 ] } },
{ "type": "Feature", "properties": { "elevation": 4.4779849052429199, "depth": 2.223297119140625, "osmid": 4233697105, "name": [ "Agra Road" ] }, "geometry": { "type": "Point", "coordinates": [ 73.014107561303959, 19.235481576710125 ] } },
{ "type": "Feature", "properties": { "elevation": 4.1483278274536133, "depth": 2.1517510414123535, "osmid": 4233697105, "name": [ "Agra Road" ] }, "geometry": { "type": "Point", "coordinates": [ 73.013765143744635, 19.235237988777655 ] } },
{ "type": "Feature", "properties": { "elevation": 4.1351718902587891, "depth": 1.9738345146179199, "osmid": 4233697153, "name": [ "nan" ] }, "geometry": { "type": "Point", "coordinates": [ 73.013279266661399, 19.247913108242294 ] } },
{ "type": "Feature", "properties": { "elevation": 4.6671261787414551, "depth": 1.435002326965332, "osmid": 4233708806, "name": [ "nan" ] }, "geometry": { "type": "Point", "coordinates": [ 73.015766877388884, 19.237957950026093 ] } },
{ "type": "Feature", "properties": { "elevation": 5.6666989326477051, "depth": 1.7781453132629395, "osmid": 4367712924, "name": [ "Wood Street" ] }, "geometry": { "type": "Point", "coordinates": [ 72.982430237371915, 19.258378902577469 ] } },
{ "type": "Feature", "properties": { "elevation": 4.1355671882629395, "depth": 1.4480562210083008, "osmid": 4946969898, "name": [ "nan" ] }, "geometry": { "type": "Point", "coordinates": [ 73.008985701845717, 19.232481436090158 ] } },
{ "type": "Feature", "properties": { "elevation": 5.6176581382751465, "depth": 1.7684454917907715, "osmid": 4946969898, "name": [ "nan" ] }, "geometry": { "type": "Point", "coordinates": [ 73.009329089675063, 19.232723978068162 ] } },
{ "type": "Feature", "properties": { "elevation": 4.6671261787414551, "depth": 1.435002326965332, "osmid": 4946969910, "name": [ "nan" ] }, "geometry": { "type": "Point", "coordinates": [ 73.015745929307016, 19.237932536062228 ] } },
{ "type": "Feature", "properties": { "elevation": 5.4276127815246582, "depth": 1.9061932563781738, "osmid": 5355360602, "name": "['Majiwada Flyover' 'Eastern Express Highway']" }, "geometry": { "type": "Point", "coordinates": [ 72.981963064170927, 19.211315682070577 ] } },
{ "type": "Feature", "properties": { "elevation": 5.6114473342895508, "depth": 2.6493110656738281, "osmid": 5428709958, "name": [ "Bhiwandi-Kharbao Road" ] }, "geometry": { "type": "Point", "coordinates": [ 73.04414502946193, 19.297320006062943 ] } },
{ "type": "Feature", "properties": { "elevation": 5.3099260330200195, "depth": 1.5302653312683105, "osmid": 5689747287, "name": [ "nan" ] }, "geometry": { "type": "Point", "coordinates": [ 73.076187421057469, 19.21648664083791 ] } },
{ "type": "Feature", "properties": { "elevation": 5.3399505615234375, "depth": 1.4228978157043457, "osmid": 5757749708, "name": [ "nan" ] }, "geometry": { "type": "Point", "coordinates": [ 73.03536189242574, 19.257212559730615 ] } },
{ "type": "Feature", "properties": { "elevation": 5.6000089645385742, "depth": 1.2862558364868164, "osmid": 5758317603, "name": [ "nan" ] }, "geometry": { "type": "Point", "coordinates": [ 73.043455738068559, 19.312247796095974 ] } },
{ "type": "Feature", "properties": { "elevation": 5.8244738578796387, "depth": 2.0586004257202148, "osmid": 5763005616, "name": [ "nan" ] }, "geometry": { "type": "Point", "coordinates": [ 73.108526360663205, 19.252789806484529 ] } },
{ "type": "Feature", "properties": { "elevation": 5.8244738578796387, "depth": 2.0586004257202148, "osmid": 5763005628, "name": [ "nan" ] }, "geometry": { "type": "Point", "coordinates": [ 73.108518396165209, 19.252787110681982 ] } },
{ "type": "Feature", "properties": { "elevation": 3.2568206787109375, "depth": 1.931149959564209, "osmid": 5923862802, "name": [ "nan" ] }, "geometry": { "type": "Point", "coordinates": [ 72.9832100541812, 19.195242299603887 ] } },
{ "type": "Feature", "properties": { "elevation": 3.599973201751709, "depth": 2.7628612518310547, "osmid": 6134580034, "name": [ "nan" ] }, "geometry": { "type": "Point", "coordinates": [ 72.994008403859098, 19.19624211018267 ] } },
{ "type": "Feature", "properties": { "elevation": 4.0132231712341309, "depth": 2.3496112823486328, "osmid": 6134580034, "name": [ "nan" ] }, "geometry": { "type": "Point", "coordinates": [ 72.994333391182295, 19.19650645605287 ] } },
{ "type": "Feature", "properties": { "elevation": 3.6113855838775635, "depth": 2.0663111209869385, "osmid": 6409061734, "name": [ "Mumbai Agra National Highway" ] }, "geometry": { "type": "Point", "coordinates": [ 73.081851264300383, 19.268196509284074 ] } },
{ "type": "Feature", "properties": { "elevation": 3.8678059577941895, "depth": 3.3399019241333008, "osmid": 6409061734, "name": [ "Mumbai Agra National Highway" ] }, "geometry": { "type": "Point", "coordinates": [ 73.081374058128773, 19.267899252302332 ] } },
{ "type": "Feature", "properties": { "elevation": 4.4486746788024902, "depth": 2.2853293418884277, "osmid": 6409061734, "name": [ "Mumbai Agra National Highway" ] }, "geometry": { "type": "Point", "coordinates": [ 73.080538951636413, 19.267379049920088 ] } },
{ "type": "Feature", "properties": { "elevation": 5.3623218536376953, "depth": 1.9800000190734863, "osmid": 6560194597, "name": [ "nan" ] }, "geometry": { "type": "Point", "coordinates": [ 73.018351455861037, 19.205014543934393 ] } },
{ "type": "Feature", "properties": { "elevation": 5.6997556686401367, "depth": 1.2048883438110352, "osmid": 6627481778, "name": [ "nan" ] }, "geometry": { "type": "Point", "coordinates": [ 72.994470788959873, 19.295556080821203 ] } },
{ "type": "Feature", "properties": { "elevation": 3.7095489501953125, "depth": 1.810234546661377, "osmid": 7113040831, "name": [ "Regent Street" ] }, "geometry": { "type": "Point", "coordinates": [ 72.988061324879467, 19.258192949416568 ] } },
{ "type": "Feature", "properties": { "elevation": 4.5896339416503906, "depth": 1.3942670822143555, "osmid": 7257349649, "name": [ "nan" ] }, "geometry": { "type": "Point", "coordinates": [ 73.012076999757525, 19.327088942395065 ] } },
{ "type": "Feature", "properties": { "elevation": 2.0843157768249512, "depth": 1.6576933860778809, "osmid": 7259985366, "name": [ "nan" ] }, "geometry": { "type": "Point", "coordinates": [ 73.011880240182279, 19.29161556259232 ] } },
{ "type": "Feature", "properties": { "elevation": 2.625612735748291, "depth": 1.4362392425537109, "osmid": 7273598656, "name": [ "Chinchoti Anjur Phata Road" ] }, "geometry": { "type": "Point", "coordinates": [ 73.000804377976934, 19.295531345413686 ] } },
{ "type": "Feature", "properties": { "elevation": 3.9075005054473877, "depth": 2.9124252796173096, "osmid": 7278735410, "name": [ "nan" ] }, "geometry": { "type": "Point", "coordinates": [ 73.039105984434272, 19.183750974068978 ] } },
{ "type": "Feature", "properties": { "elevation": 3.9075005054473877, "depth": 2.9124252796173096, "osmid": 7278735414, "name": [ "nan" ] }, "geometry": { "type": "Point", "coordinates": [ 73.0391337935161, 19.183741594450979 ] } },
{ "type": "Feature", "properties": { "elevation": 4.9049282073974609, "depth": 1.2244791984558105, "osmid": 7278910210, "name": [ "nan" ] }, "geometry": { "type": "Point", "coordinates": [ 73.057195539106701, 19.305720956695708 ] } },
{ "type": "Feature", "properties": { "elevation": 5.0397429466247559, "depth": 3.078066349029541, "osmid": 7284224909, "name": [ "nan" ] }, "geometry": { "type": "Point", "coordinates": [ 73.051187684871024, 19.301508838048488 ] } },
{ "type": "Feature", "properties": { "elevation": 5.0397429466247559, "depth": 3.078066349029541, "osmid": 7284224965, "name": [ "nan" ] }, "geometry": { "type": "Point", "coordinates": [ 73.051184483768822, 19.30150754849118 ] } },
{ "type": "Feature", "properties": { "elevation": 3.9732530117034912, "depth": 2.0865037441253662, "osmid": 7284240255, "name": [ "nan" ] }, "geometry": { "type": "Point", "coordinates": [ 73.17597071111102, 19.300070457884893 ] } },
{ "type": "Feature", "properties": { "elevation": 5.5, "depth": 1.4739751815795898, "osmid": 7284397004, "name": [ "nan" ] }, "geometry": { "type": "Point", "coordinates": [ 73.046423936531284, 19.295388719342128 ] } },
{ "type": "Feature", "properties": { "elevation": 5.9038615226745605, "depth": 2.1043248176574707, "osmid": 7287240759, "name": [ "nan" ] }, "geometry": { "type": "Point", "coordinates": [ 73.079046567713036, 19.336323887410689 ] } },
{ "type": "Feature", "properties": { "elevation": 3.383033275604248, "depth": 1.2060227394104004, "osmid": 7298318661, "name": [ "nan" ] }, "geometry": { "type": "Point", "coordinates": [ 73.027003877404397, 19.229903413631835 ] } },
{ "type": "Feature", "properties": { "elevation": 4.2522149085998535, "depth": 1.7066068649291992, "osmid": 7298318661, "name": [ "nan" ] }, "geometry": { "type": "Point", "coordinates": [ 73.026173126485688, 19.229377279291789 ] } },
{ "type": "Feature", "properties": { "elevation": 4.7445549964904785, "depth": 1.8581624031066895, "osmid": 7298318661, "name": [ "nan" ] }, "geometry": { "type": "Point", "coordinates": [ 73.02534477485068, 19.228847764460902 ] } },
{ "type": "Feature", "properties": { "elevation": 3.6844754219055176, "depth": 1.4356842041015625, "osmid": 7298407846, "name": [ "nan" ] }, "geometry": { "type": "Point", "coordinates": [ 73.017215171531163, 19.23793050658535 ] } },
{ "type": "Feature", "properties": { "elevation": 3.7422254085540771, "depth": 1.5978000164031982, "osmid": 7298407847, "name": [ "Agra Road" ] }, "geometry": { "type": "Point", "coordinates": [ 73.015761073679585, 19.236886626796352 ] } },
{ "type": "Feature", "properties": { "elevation": 3.6844754219055176, "depth": 1.4356842041015625, "osmid": 7298407848, "name": [ "nan" ] }, "geometry": { "type": "Point", "coordinates": [ 73.017210632307894, 19.237926851483202 ] } },
{ "type": "Feature", "properties": { "elevation": 5.5, "depth": 1.4739751815795898, "osmid": 7298709965, "name": [ "nan" ] }, "geometry": { "type": "Point", "coordinates": [ 73.04641917969505, 19.295376647974415 ] } },
{ "type": "Feature", "properties": { "elevation": 3.2974503040313721, "depth": 4.0224180221557617, "osmid": 7306020689, "name": [ "nan" ] }, "geometry": { "type": "Point", "coordinates": [ 73.003859315826375, 19.251480063690309 ] } },
{ "type": "Feature", "properties": { "elevation": 4.3902535438537598, "depth": 1.7704563140869141, "osmid": 7306020689, "name": [ "nan" ] }, "geometry": { "type": "Point", "coordinates": [ 73.003607455364531, 19.252253003577135 ] } },
{ "type": "Feature", "properties": { "elevation": 3.988560676574707, "depth": 2.9246106147766113, "osmid": 7306020689, "name": [ "nan" ] }, "geometry": { "type": "Point", "coordinates": [ 73.002988137965289, 19.25357036213018 ] } },
{ "type": "Feature", "properties": { "elevation": 2.1276993751525879, "depth": 1.9674434661865234, "osmid": 7306020689, "name": [ "nan" ] }, "geometry": { "type": "Point", "coordinates": [ 73.002941349744574, 19.258185863455477 ] } },
{ "type": "Feature", "properties": { "elevation": 2.6505110263824463, "depth": 1.4599659442901611, "osmid": 7306020689, "name": [ "nan" ] }, "geometry": { "type": "Point", "coordinates": [ 73.003505353231205, 19.259732547878109 ] } },
{ "type": "Feature", "properties": { "elevation": 2.4677417278289795, "depth": 1.6427352428436279, "osmid": 7306020689, "name": [ "nan" ] }, "geometry": { "type": "Point", "coordinates": [ 73.003775162882448, 19.260047390140944 ] } },
{ "type": "Feature", "properties": { "elevation": 4.9308357238769531, "depth": 1.4499788284301758, "osmid": 7311293794, "name": [ "nan" ] }, "geometry": { "type": "Point", "coordinates": [ 73.050289399743136, 19.225372454830531 ] } },
{ "type": "Feature", "properties": { "elevation": 4.38275146484375, "depth": 1.4097299575805664, "osmid": 7312806381, "name": [ "nan" ] }, "geometry": { "type": "Point", "coordinates": [ 73.022868799079149, 19.327654271277584 ] } },
{ "type": "Feature", "properties": { "elevation": 4.9308357238769531, "depth": 1.4499788284301758, "osmid": 7315958424, "name": [ "nan" ] }, "geometry": { "type": "Point", "coordinates": [ 73.050303950754596, 19.225382069615506 ] } },
{ "type": "Feature", "properties": { "elevation": 4.9030756950378418, "depth": 2.2225217819213867, "osmid": 7324673523, "name": [ "nan" ] }, "geometry": { "type": "Point", "coordinates": [ 73.08184809002411, 19.269029024146196 ] } },
{ "type": "Feature", "properties": { "elevation": 5.0130267143249512, "depth": 1.7594814300537109, "osmid": 7324673523, "name": [ "nan" ] }, "geometry": { "type": "Point", "coordinates": [ 73.082198062003684, 19.26926305224141 ] } },
{ "type": "Feature", "properties": { "elevation": 3.5440444946289062, "depth": 1.9420275688171387, "osmid": 7325214857, "name": [ "Kon Piplas Rd" ] }, "geometry": { "type": "Point", "coordinates": [ 73.082880834475276, 19.245180731561899 ] } },
{ "type": "Feature", "properties": { "elevation": 3.5163359642028809, "depth": 2.066218376159668, "osmid": 7325214857, "name": [ "Kon Piplas Rd" ] }, "geometry": { "type": "Point", "coordinates": [ 73.09627391837148, 19.246971939254188 ] } },
{ "type": "Feature", "properties": { "elevation": 5.2221031188964844, "depth": 4.1383371353149414, "osmid": 7330612966, "name": [ "nan" ] }, "geometry": { "type": "Point", "coordinates": [ 73.168791537317887, 19.272938885162162 ] } },
{ "type": "Feature", "properties": { "elevation": 5.1432428359985352, "depth": 2.2266502380371094, "osmid": 7330693275, "name": [ "nan" ] }, "geometry": { "type": "Point", "coordinates": [ 73.076771190603608, 19.264914532827845 ] } },
{ "type": "Feature", "properties": { "elevation": 5.9543604850769043, "depth": 1.269585132598877, "osmid": 7330967748, "name": [ "nan" ] }, "geometry": { "type": "Point", "coordinates": [ 73.103332538528647, 19.259530050184114 ] } },
{ "type": "Feature", "properties": { "elevation": 4.1330552101135254, "depth": 1.3654046058654785, "osmid": 7331361857, "name": [ "Kolshet Road" ] }, "geometry": { "type": "Point", "coordinates": [ 72.995936094443806, 19.243809888708515 ] } },
{ "type": "Feature", "properties": { "elevation": 4.4990420341491699, "depth": 1.2760672569274902, "osmid": 7331361857, "name": [ "Pipeline Road" ] }, "geometry": { "type": "Point", "coordinates": [ 72.996851056345903, 19.239869090565328 ] } },
{ "type": "Feature", "properties": { "elevation": 2.8449616432189941, "depth": 1.9983396530151367, "osmid": 7334231514, "name": [ "nan" ] }, "geometry": { "type": "Point", "coordinates": [ 73.070761671088093, 19.244274604578724 ] } },
{ "type": "Feature", "properties": { "elevation": 2.9415607452392578, "depth": 2.4192953109741211, "osmid": 7334778683, "name": [ "nan" ] }, "geometry": { "type": "Point", "coordinates": [ 73.077203003123202, 19.210423704120299 ] } },
{ "type": "Feature", "properties": { "elevation": 4.6564784049987793, "depth": 1.3243899345397949, "osmid": 7335089440, "name": [ "nan" ] }, "geometry": { "type": "Point", "coordinates": [ 73.103884709275988, 19.225356864930031 ] } },
{ "type": "Feature", "properties": { "elevation": 5.8754844665527344, "depth": 2.7704095840454102, "osmid": 7339636336, "name": [ "nan" ] }, "geometry": { "type": "Point", "coordinates": [ 72.981284852821403, 19.298926492291702 ] } },
{ "type": "Feature", "properties": { "elevation": 1.9317892789840698, "depth": 1.3899680376052856, "osmid": 7339636351, "name": [ "nan" ] }, "geometry": { "type": "Point", "coordinates": [ 72.984771616411109, 19.298155141223969 ] } },
{ "type": "Feature", "properties": { "elevation": 2.9253747463226318, "depth": 1.4806067943572998, "osmid": 7339636367, "name": [ "nan" ] }, "geometry": { "type": "Point", "coordinates": [ 72.986103959040051, 19.296682268918044 ] } },
{ "type": "Feature", "properties": { "elevation": 2.0777781009674072, "depth": 1.4825284481048584, "osmid": 7339636367, "name": [ "nan" ] }, "geometry": { "type": "Point", "coordinates": [ 72.987600116447368, 19.29589320285649 ] } },
{ "type": "Feature", "properties": { "elevation": 2.4767775535583496, "depth": 2.0167989730834961, "osmid": 7339636367, "name": [ "nan" ] }, "geometry": { "type": "Point", "coordinates": [ 72.988087863701367, 19.29561172423249 ] } },
{ "type": "Feature", "properties": { "elevation": 1.9349448680877686, "depth": 1.2175707817077637, "osmid": 7339636367, "name": [ "nan" ] }, "geometry": { "type": "Point", "coordinates": [ 72.988453786627574, 19.295400791142036 ] } },
{ "type": "Feature", "properties": { "elevation": 5.6359367370605469, "depth": 1.2550668716430664, "osmid": 7339706432, "name": [ "nan" ] }, "geometry": { "type": "Point", "coordinates": [ 72.980679503394597, 19.298603346002096 ] } },
{ "type": "Feature", "properties": { "elevation": 4.1976404190063477, "depth": 1.6778440475463867, "osmid": 7339706432, "name": [ "nan" ] }, "geometry": { "type": "Point", "coordinates": [ 72.981270413235421, 19.299133812971402 ] } },
{ "type": "Feature", "properties": { "elevation": 2.2257957458496094, "depth": 1.9578652381896973, "osmid": 7339706456, "name": [ "nan" ] }, "geometry": { "type": "Point", "coordinates": [ 72.976666332659761, 19.30230726102717 ] } },
{ "type": "Feature", "properties": { "elevation": 2.6408641338348389, "depth": 2.037980318069458, "osmid": 7339706456, "name": [ "nan" ] }, "geometry": { "type": "Point", "coordinates": [ 72.976345457880285, 19.30257588540454 ] } },
{ "type": "Feature", "properties": { "elevation": 2.2364840507507324, "depth": 1.8729472160339355, "osmid": 7339706456, "name": [ "nan" ] }, "geometry": { "type": "Point", "coordinates": [ 72.975488481821614, 19.303055395844655 ] } },
{ "type": "Feature", "properties": { "elevation": 1.9754824638366699, "depth": 2.494715690612793, "osmid": 7339706456, "name": [ "nan" ] }, "geometry": { "type": "Point", "coordinates": [ 72.978618106415169, 19.301252696370597 ] } },
{ "type": "Feature", "properties": { "elevation": 5.9543604850769043, "depth": 1.269585132598877, "osmid": 7349804226, "name": [ "nan" ] }, "geometry": { "type": "Point", "coordinates": [ 73.103329520839068, 19.259528354206303 ] } },
{ "type": "Feature", "properties": { "elevation": 1.9241510629653931, "depth": 4.0649099349975586, "osmid": 7350264587, "name": [ "nan" ] }, "geometry": { "type": "Point", "coordinates": [ 73.11776658403744, 19.244859219193163 ] } },
{ "type": "Feature", "properties": { "elevation": 4.1167793273925781, "depth": 1.3335752487182617, "osmid": 7350403536, "name": [ "nan" ] }, "geometry": { "type": "Point", "coordinates": [ 72.995703191929366, 19.217880521901119 ] } },
{ "type": "Feature", "properties": { "elevation": 5.6602993011474609, "depth": 2.1979556083679199, "osmid": 7350736744, "name": [ "nan" ] }, "geometry": { "type": "Point", "coordinates": [ 73.027796446515907, 19.25234391369505 ] } },
{ "type": "Feature", "properties": { "elevation": 5.6602993011474609, "depth": 2.1979556083679199, "osmid": 7350736745, "name": [ "nan" ] }, "geometry": { "type": "Point", "coordinates": [ 73.027795444827802, 19.252356218020733 ] } },
{ "type": "Feature", "properties": { "elevation": 4.3342041969299316, "depth": 3.0106148719787598, "osmid": 7350751421, "name": [ "nan" ] }, "geometry": { "type": "Point", "coordinates": [ 73.016078295230301, 19.256635366457804 ] } },
{ "type": "Feature", "properties": { "elevation": 4.6126871109008789, "depth": 2.2002925872802734, "osmid": 7350824157, "name": [ "nan" ] }, "geometry": { "type": "Point", "coordinates": [ 73.095948286262299, 19.230175424407857 ] } },
{ "type": "Feature", "properties": { "elevation": 2.6208362579345703, "depth": 1.6261086463928223, "osmid": 7353234650, "name": [ "nan" ] }, "geometry": { "type": "Point", "coordinates": [ 73.071368672961484, 19.24347649891498 ] } },
{ "type": "Feature", "properties": { "elevation": 4.0547971725463867, "depth": 5.4395618438720703, "osmid": 7353234661, "name": [ "nan" ] }, "geometry": { "type": "Point", "coordinates": [ 73.071900880586881, 19.242386697457317 ] } },
{ "type": "Feature", "properties": { "elevation": 2.8449616432189941, "depth": 1.9983396530151367, "osmid": 7353234661, "name": [ "nan" ] }, "geometry": { "type": "Point", "coordinates": [ 73.0707195933593, 19.244332357452834 ] } },
{ "type": "Feature", "properties": { "elevation": 4.1673774719238281, "depth": 3.8146858215332031, "osmid": 7353308444, "name": [ "nan" ] }, "geometry": { "type": "Point", "coordinates": [ 73.070419252448175, 19.243680571015641 ] } },
{ "type": "Feature", "properties": { "elevation": 5.5421504974365234, "depth": 4.3585271835327148, "osmid": 7353308444, "name": [ "nan" ] }, "geometry": { "type": "Point", "coordinates": [ 73.070660838182604, 19.243345050777915 ] } },
{ "type": "Feature", "properties": { "elevation": 3.6519901752471924, "depth": 3.3966062068939209, "osmid": 7353308444, "name": [ "nan" ] }, "geometry": { "type": "Point", "coordinates": [ 73.070990815833284, 19.242902950935793 ] } },
{ "type": "Feature", "properties": { "elevation": 4.3376355171203613, "depth": 4.1234536170959473, "osmid": 7353308444, "name": [ "nan" ] }, "geometry": { "type": "Point", "coordinates": [ 73.071242036677006, 19.242573876562851 ] } },
{ "type": "Feature", "properties": { "elevation": 3.9657011032104492, "depth": 3.0106601715087891, "osmid": 7353308444, "name": [ "nan" ] }, "geometry": { "type": "Point", "coordinates": [ 73.071825930781117, 19.241804466901264 ] } },
{ "type": "Feature", "properties": { "elevation": 4.4016952514648438, "depth": 2.5326766967773438, "osmid": 7353308444, "name": [ "nan" ] }, "geometry": { "type": "Point", "coordinates": [ 73.06951329271979, 19.245051643472227 ] } },
{ "type": "Feature", "properties": { "elevation": 4.0547971725463867, "depth": 5.4395618438720703, "osmid": 7353314286, "name": [ "nan" ] }, "geometry": { "type": "Point", "coordinates": [ 73.071877313875945, 19.242419069922278 ] } },
{ "type": "Feature", "properties": { "elevation": 4.2469449043273926, "depth": 4.3138155937194824, "osmid": 7353314286, "name": [ "nan" ] }, "geometry": { "type": "Point", "coordinates": [ 73.071312801088069, 19.243201154665115 ] } },
{ "type": "Feature", "properties": { "elevation": 5.677696704864502, "depth": 2.3911929130554199, "osmid": 7353724840, "name": [ "Mumbai - Agra National Highway" ] }, "geometry": { "type": "Point", "coordinates": [ 73.08161799473244, 19.268150779867362 ] } },
{ "type": "Feature", "properties": { "elevation": 4.6429791450500488, "depth": 3.7106680870056152, "osmid": 7353724840, "name": [ "Mumbai - Agra National Highway" ] }, "geometry": { "type": "Point", "coordinates": [ 73.080793943311505, 19.267614952431877 ] } },
{ "type": "Feature", "properties": { "elevation": 4.4486746788024902, "depth": 2.2853293418884277, "osmid": 7353724840, "name": [ "Mumbai - Agra National Highway" ] }, "geometry": { "type": "Point", "coordinates": [ 73.080442096684024, 19.267383478489176 ] } },
{ "type": "Feature", "properties": { "elevation": 4.3376355171203613, "depth": 4.1234536170959473, "osmid": 7353821465, "name": [ "nan" ] }, "geometry": { "type": "Point", "coordinates": [ 73.071216426152702, 19.242607423890181 ] } },
{ "type": "Feature", "properties": { "elevation": 5.3568515777587891, "depth": 4.6182003021240234, "osmid": 7353821465, "name": [ "nan" ] }, "geometry": { "type": "Point", "coordinates": [ 73.070083750692504, 19.244169219990415 ] } },
{ "type": "Feature", "properties": { "elevation": 3.838904857635498, "depth": 3.2263202667236328, "osmid": 7353821465, "name": [ "nan" ] }, "geometry": { "type": "Point", "coordinates": [ 73.069842852317535, 19.244504661084196 ] } },
{ "type": "Feature", "properties": { "elevation": 2.783158540725708, "depth": 5.4079570770263672, "osmid": 7353994926, "name": [ "nan" ] }, "geometry": { "type": "Point", "coordinates": [ 73.066598161997007, 19.233913221664125 ] } },
{ "type": "Feature", "properties": { "elevation": 2.9925811290740967, "depth": 4.3071060180664062, "osmid": 7353994926, "name": [ "nan" ] }, "geometry": { "type": "Point", "coordinates": [ 73.066313079880246, 19.233611406869979 ] } },
{ "type": "Feature", "properties": { "elevation": 2.5577516555786133, "depth": 3.1132607460021973, "osmid": 7353994926, "name": [ "nan" ] }, "geometry": { "type": "Point", "coordinates": [ 73.066045391857202, 19.233294274592538 ] } },
{ "type": "Feature", "properties": { "elevation": 5.6666989326477051, "depth": 1.7781453132629395, "osmid": 7357675157, "name": [ "Wood Street" ] }, "geometry": { "type": "Point", "coordinates": [ 72.982433881443981, 19.258386687643011 ] } },
{ "type": "Feature", "properties": { "elevation": 5.3399505615234375, "depth": 1.4228978157043457, "osmid": 7362071335, "name": [ "nan" ] }, "geometry": { "type": "Point", "coordinates": [ 73.03536154575805, 19.257212292738572 ] } },
{ "type": "Feature", "properties": { "elevation": 3.907597541809082, "depth": 1.8430514335632324, "osmid": 7362963614, "name": [ "Kalyan Bypass" ] }, "geometry": { "type": "Point", "coordinates": [ 73.118405306971937, 19.236274417234185 ] } },
{ "type": "Feature", "properties": { "elevation": 4.1072726249694824, "depth": 1.421083927154541, "osmid": 7374253459, "name": [ "nan" ] }, "geometry": { "type": "Point", "coordinates": [ 73.079692737754129, 19.207397008341683 ] } },
{ "type": "Feature", "properties": { "elevation": 5.4826140403747559, "depth": 3.8912291526794434, "osmid": 7375076202, "name": [ "nan" ] }, "geometry": { "type": "Point", "coordinates": [ 73.089437837036627, 19.203584084834844 ] } },
{ "type": "Feature", "properties": { "elevation": 5.6239776611328125, "depth": 2.4190340042114258, "osmid": 7375076202, "name": [ "nan" ] }, "geometry": { "type": "Point", "coordinates": [ 73.090087053285529, 19.203836352058353 ] } },
{ "type": "Feature", "properties": { "elevation": 5.3004245758056641, "depth": 2.258817195892334, "osmid": 7379630125, "name": [ "Old Mumbai - Pune Road" ] }, "geometry": { "type": "Point", "coordinates": [ 72.997432498644642, 19.199835167222723 ] } },
{ "type": "Feature", "properties": { "elevation": 3.1949360370635986, "depth": 2.129812479019165, "osmid": 7383945680, "name": [ "nan" ] }, "geometry": { "type": "Point", "coordinates": [ 72.995884475059114, 19.198233815676485 ] } },
{ "type": "Feature", "properties": { "elevation": 3.2646598815917969, "depth": 2.4497919082641602, "osmid": 7397580513, "name": [ "Chinchoti Anjur Phata Road" ] }, "geometry": { "type": "Point", "coordinates": [ 72.959071419773778, 19.321070061402423 ] } },
{ "type": "Feature", "properties": { "elevation": 3.0592725276947021, "depth": 1.2683737277984619, "osmid": 7397580513, "name": [ "Chinchoti Anjur Phata Road" ] }, "geometry": { "type": "Point", "coordinates": [ 72.959716872512999, 19.321358895968348 ] } },
{ "type": "Feature", "properties": { "elevation": 3.1376667022705078, "depth": 1.8217158317565918, "osmid": 7397580612, "name": [ "Chinchoti Anjur Phata Road" ] }, "geometry": { "type": "Point", "coordinates": [ 72.993843310160955, 19.297849294657862 ] } },
{ "type": "Feature", "properties": { "elevation": 3.6401498317718506, "depth": 1.4115078449249268, "osmid": 7397723398, "name": [ "Chinchoti Anjur Phata Road" ] }, "geometry": { "type": "Point", "coordinates": [ 72.949773143716342, 19.317733025696068 ] } },
{ "type": "Feature", "properties": { "elevation": 3.088468074798584, "depth": 2.6510481834411621, "osmid": 8231514941, "name": [ "nan" ] }, "geometry": { "type": "Point", "coordinates": [ 73.009546533830374, 19.212163542078873 ] } },
{ "type": "Feature", "properties": { "elevation": 5.0972318649291992, "depth": 1.2616486549377441, "osmid": 8231514941, "name": [ "nan" ] }, "geometry": { "type": "Point", "coordinates": [ 73.010337381704403, 19.212944829509865 ] } },
{ "type": "Feature", "properties": { "elevation": 4.6402897834777832, "depth": 1.3721575736999512, "osmid": 8231514941, "name": [ "nan" ] }, "geometry": { "type": "Point", "coordinates": [ 73.010633833367962, 19.213237923535402 ] } },
{ "type": "Feature", "properties": { "elevation": 3.7925956249237061, "depth": 2.2198517322540283, "osmid": 8231514941, "name": [ "nan" ] }, "geometry": { "type": "Point", "coordinates": [ 73.0109302860794, 19.213531017166595 ] } },
{ "type": "Feature", "properties": { "elevation": -1.1106598377227783, "depth": 2.8650953769683838, "osmid": 8639406606, "name": [ "Regent Street" ] }, "geometry": { "type": "Point", "coordinates": [ 72.986886787407329, 19.260071098406346 ] } },
{ "type": "Feature", "properties": { "elevation": 4.1125483512878418, "depth": 1.3230414390563965, "osmid": 8731028158, "name": [ "Mumbai - Agra National Highway" ] }, "geometry": { "type": "Point", "coordinates": [ 73.082683530359034, 19.269087155374379 ] } },
{ "type": "Feature", "properties": { "elevation": 4.4604330062866211, "depth": 1.2387375831604004, "osmid": 8780753141, "name": [ "nan" ] }, "geometry": { "type": "Point", "coordinates": [ 72.995159462892204, 19.217153058086701 ] } },
{ "type": "Feature", "properties": { "elevation": 4.1167793273925781, "depth": 1.3335752487182617, "osmid": 8780753141, "name": [ "nan" ] }, "geometry": { "type": "Point", "coordinates": [ 72.995737460652293, 19.217926370327145 ] } },
{ "type": "Feature", "properties": { "elevation": 4.7103738784790039, "depth": 1.4975366592407227, "osmid": 8780753141, "name": [ "nan" ] }, "geometry": { "type": "Point", "coordinates": [ 72.996315463644677, 19.218699681170854 ] } },
{ "type": "Feature", "properties": { "elevation": 4.2595219612121582, "depth": 1.3071274757385254, "osmid": 8780753141, "name": [ "nan" ] }, "geometry": { "type": "Point", "coordinates": [ 72.996563180814661, 19.219031099676243 ] } },
{ "type": "Feature", "properties": { "elevation": 3.055600643157959, "depth": 1.2323079109191895, "osmid": 8780753156, "name": "['Saket - Kalwa Rd' 'Saket - Kalwa Road']" }, "geometry": { "type": "Point", "coordinates": [ 72.986533188513576, 19.201591361586527 ] } },
{ "type": "Feature", "properties": { "elevation": 3.3285074234008789, "depth": 2.4445395469665527, "osmid": 8780753168, "name": "['Saket - Kalwa Rd' 'Saket - Kalwa Road']" }, "geometry": { "type": "Point", "coordinates": [ 72.987341650859094, 19.202377061930338 ] } },
{ "type": "Feature", "properties": { "elevation": 5.9343733787536621, "depth": 2.391359806060791, "osmid": 8780753183, "name": [ "Saket - Kalwa Road" ] }, "geometry": { "type": "Point", "coordinates": [ 72.994461784420395, 19.209021281351585 ] } },
{ "type": "Feature", "properties": { "elevation": 5.0135960578918457, "depth": 2.3528275489807129, "osmid": 8780753195, "name": [ "Saket - Kalwa Road" ] }, "geometry": { "type": "Point", "coordinates": [ 72.993601469466739, 19.208173524210668 ] } },
{ "type": "Feature", "properties": { "elevation": 2.7904520034790039, "depth": 1.9475007057189941, "osmid": 8828308662, "name": [ "Chinchoti Anjur Phata Road" ] }, "geometry": { "type": "Point", "coordinates": [ 72.984764852471727, 19.300808415136469 ] } },
{ "type": "Feature", "properties": { "elevation": 4.5860867500305176, "depth": 1.9658560752868652, "osmid": 8842938271, "name": "['Mumbai Agra National Highway Flyover' 'Mumbai Agra National Highway']" }, "geometry": { "type": "Point", "coordinates": [ 73.040008195982637, 19.239263358675625 ] } },
{ "type": "Feature", "properties": { "elevation": 4.8549995422363281, "depth": 1.6969432830810547, "osmid": 8842938271, "name": "['Mumbai Agra National Highway Flyover' 'Mumbai Agra National Highway']" }, "geometry": { "type": "Point", "coordinates": [ 73.039690484294042, 19.23899104597087 ] } },
{ "type": "Feature", "properties": { "elevation": 5.0142817497253418, "depth": 2.5658211708068848, "osmid": 8842938271, "name": "['Mumbai Agra National Highway Flyover' 'Mumbai Agra National Highway']" }, "geometry": { "type": "Point", "coordinates": [ 73.037767199942095, 19.237375509236177 ] } },
{ "type": "Feature", "properties": { "elevation": 4.4971561431884766, "depth": 2.9692826271057129, "osmid": 8842938271, "name": "['Mumbai Agra National Highway Flyover' 'Mumbai Agra National Highway']" }, "geometry": { "type": "Point", "coordinates": [ 73.037439845491221, 19.237113707849453 ] } },
{ "type": "Feature", "properties": { "elevation": 3.8715126514434814, "depth": 1.5336263179779053, "osmid": 8842938271, "name": "['Mumbai Agra National Highway Flyover' 'Mumbai Agra National Highway']" }, "geometry": { "type": "Point", "coordinates": [ 73.036360884330165, 19.236227478336364 ] } },
{ "type": "Feature", "properties": { "elevation": 2.8965895175933838, "depth": 2.5085494518280029, "osmid": 8842938271, "name": "['Mumbai Agra National Highway Flyover' 'Mumbai Agra National Highway']" }, "geometry": { "type": "Point", "coordinates": [ 73.036037870536177, 19.235960860040322 ] } },
{ "type": "Feature", "properties": { "elevation": 3.3005859851837158, "depth": 2.0887877941131592, "osmid": 8842938271, "name": "['Mumbai Agra National Highway Flyover' 'Mumbai Agra National Highway']" }, "geometry": { "type": "Point", "coordinates": [ 73.035714857799732, 19.235694241258948 ] } },
{ "type": "Feature", "properties": { "elevation": 3.4649598598480225, "depth": 2.1104390621185303, "osmid": 8842938271, "name": "['Mumbai Agra National Highway Flyover' 'Mumbai Agra National Highway']" }, "geometry": { "type": "Point", "coordinates": [ 73.034115213186581, 19.234344505985206 ] } },
{ "type": "Feature", "properties": { "elevation": 3.4156186580657959, "depth": 1.2965309619903564, "osmid": 8842938271, "name": "['Mumbai Agra National Highway Flyover' 'Mumbai Agra National Highway']" }, "geometry": { "type": "Point", "coordinates": [ 73.033797904924342, 19.23407178138908 ] } },
{ "type": "Feature", "properties": { "elevation": 3.0150980949401855, "depth": 1.6970515251159668, "osmid": 8842938271, "name": "['Mumbai Agra National Highway Flyover' 'Mumbai Agra National Highway']" }, "geometry": { "type": "Point", "coordinates": [ 73.033480635352248, 19.233799016393704 ] } },
{ "type": "Feature", "properties": { "elevation": 5.1334829330444336, "depth": 4.1818361282348633, "osmid": 9169841073, "name": [ "nan" ] }, "geometry": { "type": "Point", "coordinates": [ 73.114752435536246, 19.2455021528862 ] } },
{ "type": "Feature", "properties": { "elevation": 5.6151957511901855, "depth": 1.5833053588867188, "osmid": 9447929178, "name": [ "nan" ] }, "geometry": { "type": "Point", "coordinates": [ 73.000211156775379, 19.197241199564463 ] } },
{ "type": "Feature", "properties": { "elevation": 5.9846110343933105, "depth": 2.1820950508117676, "osmid": 9447929178, "name": [ "nan" ] }, "geometry": { "type": "Point", "coordinates": [ 72.999911096307471, 19.196629081561341 ] } },
{ "type": "Feature", "properties": { "elevation": 5.8274765014648438, "depth": 1.3309645652770996, "osmid": 9449324904, "name": [ "nan" ] }, "geometry": { "type": "Point", "coordinates": [ 72.994616931576601, 19.196744546118392 ] } },
{ "type": "Feature", "properties": { "elevation": 4.0132231712341309, "depth": 2.3496112823486328, "osmid": 9449324904, "name": [ "nan" ] }, "geometry": { "type": "Point", "coordinates": [ 72.994295879503269, 19.196475943985543 ] } },
{ "type": "Feature", "properties": { "elevation": 3.599973201751709, "depth": 2.7628612518310547, "osmid": 9449324904, "name": [ "nan" ] }, "geometry": { "type": "Point", "coordinates": [ 72.993970892301775, 19.196211598058849 ] } },
{ "type": "Feature", "properties": { "elevation": 3.9819948673248291, "depth": 1.2206771373748779, "osmid": 9781473696, "name": [ "nan" ] }, "geometry": { "type": "Point", "coordinates": [ 73.063388646597033, 19.210325084200399 ] } },
{ "type": "Feature", "properties": { "elevation": 2.6870150566101074, "depth": 1.9566535949707031, "osmid": 9781474058, "name": [ "nan" ] }, "geometry": { "type": "Point", "coordinates": [ 73.033057097719762, 19.203022094599472 ] } },
{ "type": "Feature", "properties": { "elevation": 2.7606220245361328, "depth": 1.7448539733886719, "osmid": 9781474058, "name": [ "nan" ] }, "geometry": { "type": "Point", "coordinates": [ 73.03272769442404, 19.203281488507749 ] } },
{ "type": "Feature", "properties": { "elevation": 4.7742600440979004, "depth": 1.9419245719909668, "osmid": 9931632082, "name": [ "nan" ] }, "geometry": { "type": "Point", "coordinates": [ 73.181614787587364, 19.280881998153273 ] } },
{ "type": "Feature", "properties": { "elevation": 5.1879706382751465, "depth": 1.6809940338134766, "osmid": 9936124555, "name": [ "Chendani Bunder Road" ] }, "geometry": { "type": "Point", "coordinates": [ 72.983147284030025, 19.19550121906564 ] } },
{ "type": "Feature", "properties": { "elevation": 3.2839198112487793, "depth": 2.8460536003112793, "osmid": 9936124555, "name": [ "Saket Flyover" ] }, "geometry": { "type": "Point", "coordinates": [ 72.983454730106345, 19.196143010467154 ] } },
{ "type": "Feature", "properties": { "elevation": 4.0803418159484863, "depth": 2.3876614570617676, "osmid": 10199117107, "name": [ "nan" ] }, "geometry": { "type": "Point", "coordinates": [ 73.013494301112814, 19.250421850922162 ] } },
{ "type": "Feature", "properties": { "elevation": 4.0803418159484863, "depth": 2.3876614570617676, "osmid": 10199117108, "name": [ "nan" ] }, "geometry": { "type": "Point", "coordinates": [ 73.01356584948617, 19.250445305371041 ] } },
{ "type": "Feature", "properties": { "elevation": 5.3623218536376953, "depth": 1.9800000190734863, "osmid": 10299481293, "name": [ "nan" ] }, "geometry": { "type": "Point", "coordinates": [ 73.018300404103726, 19.204963261665238 ] } },
{ "type": "Feature", "properties": { "elevation": 5.7611770629882812, "depth": 2.8982458114624023, "osmid": 10734422802, "name": [ "Kalyan - Padgha Road" ] }, "geometry": { "type": "Point", "coordinates": [ 73.123458665942451, 19.247029087354004 ] } },
{ "type": "Feature", "properties": { "elevation": 5.9565749168395996, "depth": 5.016787052154541, "osmid": 10923685685, "name": [ "nan" ] }, "geometry": { "type": "Point", "coordinates": [ 72.975154500834904, 19.189603595565004 ] } },
{ "type": "Feature", "properties": { "elevation": 5.9565749168395996, "depth": 5.016787052154541, "osmid": 10923685689, "name": [ "nan" ] }, "geometry": { "type": "Point", "coordinates": [ 72.97509814539508, 19.189582862458941 ] } },
{ "type": "Feature", "properties": { "elevation": 4.6126871109008789, "depth": 2.2002925872802734, "osmid": 11036583212, "name": [ "nan" ] }, "geometry": { "type": "Point", "coordinates": [ 73.095943372940383, 19.230173616930408 ] } },
{ "type": "Feature", "properties": { "elevation": 0.089533694088459015, "depth": 1.5208948850631714, "osmid": 11037212344, "name": [ "nan" ] }, "geometry": { "type": "Point", "coordinates": [ 72.983079059022785, 19.294808815304545 ] } },
{ "type": "Feature", "properties": { "elevation": 1.8100243806838989, "depth": 1.4234713315963745, "osmid": 11042192645, "name": [ "nan" ] }, "geometry": { "type": "Point", "coordinates": [ 72.997081176762833, 19.24701223942154 ] } },
{ "type": "Feature", "properties": { "elevation": 5.9052963256835938, "depth": 1.3666043281555176, "osmid": 11046089580, "name": [ "Kalyan Bhiwandi Road" ] }, "geometry": { "type": "Point", "coordinates": [ 73.084369161681863, 19.268202098023469 ] } },
{ "type": "Feature", "properties": { "elevation": 5.6276035308837891, "depth": 1.2899808883666992, "osmid": 11056440731, "name": [ "nan" ] }, "geometry": { "type": "Point", "coordinates": [ 73.017849364687237, 19.243699026044009 ] } },
{ "type": "Feature", "properties": { "elevation": 5.6276035308837891, "depth": 1.2899808883666992, "osmid": 11056440734, "name": [ "nan" ] }, "geometry": { "type": "Point", "coordinates": [ 73.017832313890764, 19.243694976615412 ] } },
{ "type": "Feature", "properties": { "elevation": 4.71954345703125, "depth": 1.202631950378418, "osmid": 11060878902, "name": [ "nan" ] }, "geometry": { "type": "Point", "coordinates": [ 73.040762058226846, 19.243651219897629 ] } },
{ "type": "Feature", "properties": { "elevation": 4.3164100646972656, "depth": 1.7405948638916016, "osmid": 11061390328, "name": [ "nan" ] }, "geometry": { "type": "Point", "coordinates": [ 73.012962173374518, 19.249606088001244 ] } },
{ "type": "Feature", "properties": { "elevation": 5.7225766181945801, "depth": 1.5003318786621094, "osmid": 11068260686, "name": [ "Kalyan Bhiwandi Road" ] }, "geometry": { "type": "Point", "coordinates": [ 73.089569006872424, 19.262006776038255 ] } },
{ "type": "Feature", "properties": { "elevation": 3.4556326866149902, "depth": 1.5786175727844238, "osmid": 11068720747, "name": [ "nan" ] }, "geometry": { "type": "Point", "coordinates": [ 72.993742108346709, 19.218211501317434 ] } },
{ "type": "Feature", "properties": { "elevation": 3.2167904376983643, "depth": 1.2306625843048096, "osmid": 11068856103, "name": [ "nan" ] }, "geometry": { "type": "Point", "coordinates": [ 73.041972153194834, 19.181041198250274 ] } },
{ "type": "Feature", "properties": { "elevation": 2.9721794128417969, "depth": 1.4632973670959473, "osmid": 11133981624, "name": [ "nan" ] }, "geometry": { "type": "Point", "coordinates": [ 73.034322725412494, 19.23538144163436 ] } },
{ "type": "Feature", "properties": { "elevation": 2.7875368595123291, "depth": 1.3252074718475342, "osmid": 11133981624, "name": [ "nan" ] }, "geometry": { "type": "Point", "coordinates": [ 73.036034385738631, 19.236815417099272 ] } },
{ "type": "Feature", "properties": { "elevation": 3.0872535705566406, "depth": 1.5810718536376953, "osmid": 11133981624, "name": [ "nan" ] }, "geometry": { "type": "Point", "coordinates": [ 73.036356308842159, 19.237083224683705 ] } },
{ "type": "Feature", "properties": { "elevation": 1.8100243806838989, "depth": 1.4234713315963745, "osmid": 11173641630, "name": [ "nan" ] }, "geometry": { "type": "Point", "coordinates": [ 72.997079285086471, 19.247020828174715 ] } },
{ "type": "Feature", "properties": { "elevation": 4.354975700378418, "depth": 1.8186078071594238, "osmid": 11206987064, "name": [ "nan" ] }, "geometry": { "type": "Point", "coordinates": [ 73.080655606749261, 19.273138884408318 ] } },
{ "type": "Feature", "properties": { "elevation": 3.2263391017913818, "depth": 1.5072228908538818, "osmid": 11276515725, "name": [ "nan" ] }, "geometry": { "type": "Point", "coordinates": [ 73.037711077587488, 19.238206905101656 ] } },
{ "type": "Feature", "properties": { "elevation": 3.0872535705566406, "depth": 1.5810718536376953, "osmid": 11276515725, "name": [ "nan" ] }, "geometry": { "type": "Point", "coordinates": [ 73.036314340465793, 19.23704831130059 ] } },
{ "type": "Feature", "properties": { "elevation": 2.7875368595123291, "depth": 1.3252074718475342, "osmid": 11276515725, "name": [ "nan" ] }, "geometry": { "type": "Point", "coordinates": [ 73.035992417500211, 19.236780503653389 ] } },
{ "type": "Feature", "properties": { "elevation": 2.9721794128417969, "depth": 1.4632973670959473, "osmid": 11276515725, "name": [ "nan" ] }, "geometry": { "type": "Point", "coordinates": [ 73.034387783562494, 19.235436100145844 ] } },
{ "type": "Feature", "properties": { "elevation": 2.7338709831237793, "depth": 1.4331402778625488, "osmid": 11276515725, "name": [ "nan" ] }, "geometry": { "type": "Point", "coordinates": [ 73.034067246507178, 19.235166800853968 ] } },
{ "type": "Feature", "properties": { "elevation": 2.9149298667907715, "depth": 1.2372536659240723, "osmid": 11276515725, "name": [ "nan" ] }, "geometry": { "type": "Point", "coordinates": [ 73.033746710510073, 19.234897501085651 ] } },
{ "type": "Feature", "properties": { "elevation": 0.0, "depth": 4.839348316192627, "osmid": 11919209525, "name": [ "Saket Flyover Ramp" ] }, "geometry": { "type": "Point", "coordinates": [ 72.986505474818216, 19.200509096110537 ] } },
{ "type": "Feature", "properties": { "elevation": 4.4696178436279297, "depth": 1.7848076820373535, "osmid": 12210555553, "name": "['Mumbai Agra National Highway Flyover' 'Mumbai Agra National Highway']" }, "geometry": { "type": "Point", "coordinates": [ 73.040153119731116, 19.239628343285379 ] } },
{ "type": "Feature", "properties": { "elevation": 4.2037792205810547, "depth": 1.6661639213562012, "osmid": 12210555554, "name": [ "nan" ] }, "geometry": { "type": "Point", "coordinates": [ 73.039006129401216, 19.238812288406024 ] } },
{ "type": "Feature", "properties": { "elevation": 4.4102773666381836, "depth": 3.9336271286010742, "osmid": 12361591688, "name": [ "nan" ] }, "geometry": { "type": "Point", "coordinates": [ 73.03892966645428, 19.238178824596542 ] } },
{ "type": "Feature", "properties": { "elevation": 3.5667953491210938, "depth": 2.8136610984802246, "osmid": 12361591688, "name": [ "nan" ] }, "geometry": { "type": "Point", "coordinates": [ 73.038601352958565, 19.23791810931856 ] } },
{ "type": "Feature", "properties": { "elevation": 2.7342898845672607, "depth": 2.6975553035736084, "osmid": 12361591688, "name": [ "nan" ] }, "geometry": { "type": "Point", "coordinates": [ 73.038273958444734, 19.23765635165033 ] } },
{ "type": "Feature", "properties": { "elevation": 2.1149804592132568, "depth": 1.7565321922302246, "osmid": 12361591688, "name": [ "nan" ] }, "geometry": { "type": "Point", "coordinates": [ 73.036564477763505, 19.236220053795421 ] } },
{ "type": "Feature", "properties": { "elevation": 3.6820785999298096, "depth": 2.9583265781402588, "osmid": 12375169761, "name": [ "nan" ] }, "geometry": { "type": "Point", "coordinates": [ 73.005871733214207, 19.21043481718791 ] } },
{ "type": "Feature", "properties": { "elevation": 3.6096024513244629, "depth": 4.031400203704834, "osmid": 12375169761, "name": [ "nan" ] }, "geometry": { "type": "Point", "coordinates": [ 73.005576885679716, 19.210140279526012 ] } },
{ "type": "Feature", "properties": { "elevation": 3.7573883533477783, "depth": 3.069685697555542, "osmid": 12375169761, "name": [ "nan" ] }, "geometry": { "type": "Point", "coordinates": [ 73.004752187100792, 19.20939304268445 ] } },
{ "type": "Feature", "properties": { "elevation": 3.6732540130615234, "depth": 2.1596012115478516, "osmid": 12375716735, "name": [ "Mumbai Agra National Highway" ] }, "geometry": { "type": "Point", "coordinates": [ 73.008296720303335, 19.213325138593735 ] } },
{ "type": "Feature", "properties": { "elevation": 3.1027736663818359, "depth": 2.7300815582275391, "osmid": 12375716735, "name": [ "Mumbai Agra National Highway" ] }, "geometry": { "type": "Point", "coordinates": [ 73.008495261751904, 19.213519702963215 ] } },
{ "type": "Feature", "properties": { "elevation": 3.4198505878448486, "depth": 3.3915884494781494, "osmid": 12375716735, "name": [ "Mumbai Agra National Highway" ] }, "geometry": { "type": "Point", "coordinates": [ 73.00879307314689, 19.213811550706726 ] } },
{ "type": "Feature", "properties": { "elevation": 4.7420973777770996, "depth": 3.643043041229248, "osmid": 12375716735, "name": [ "Mumbai Agra National Highway" ] }, "geometry": { "type": "Point", "coordinates": [ 73.009090885590979, 19.214103398051648 ] } },
{ "type": "Feature", "properties": { "elevation": 5.1725263595581055, "depth": 3.9799518585205078, "osmid": 12375716735, "name": [ "Mumbai Agra National Highway" ] }, "geometry": { "type": "Point", "coordinates": [ 73.009388699084155, 19.214395244997977 ] } },
{ "type": "Feature", "properties": { "elevation": 5.2301235198974609, "depth": 3.9223546981811523, "osmid": 12375716735, "name": [ "Mumbai Agra National Highway" ] }, "geometry": { "type": "Point", "coordinates": [ 73.009686513626477, 19.214687091545663 ] } },
{ "type": "Feature", "properties": { "elevation": 5.7247729301452637, "depth": 1.6587934494018555, "osmid": 12375716737, "name": [ "Eastern Express Highway" ] }, "geometry": { "type": "Point", "coordinates": [ 73.003861115660811, 19.209106248787585 ] } },
{ "type": "Feature", "properties": { "elevation": 5.8857674598693848, "depth": 1.427462100982666, "osmid": 12375716737, "name": [ "Eastern Express Highway" ] }, "geometry": { "type": "Point", "coordinates": [ 73.004336296141588, 19.209405352175374 ] } },
{ "type": "Feature", "properties": { "elevation": 3.6652727127075195, "depth": 1.3424654006958008, "osmid": 12375716737, "name": [ "Eastern Express Highway" ] }, "geometry": { "type": "Point", "coordinates": [ 73.006009130666982, 19.211065435749241 ] } },
{ "type": "Feature", "properties": { "elevation": 3.3481101989746094, "depth": 1.6596279144287109, "osmid": 12375716737, "name": [ "Eastern Express Highway" ] }, "geometry": { "type": "Point", "coordinates": [ 73.006298262360602, 19.211365052135044 ] } },
{ "type": "Feature", "properties": { "elevation": 5.2947611808776855, "depth": 1.7679829597473145, "osmid": 12375716737, "name": [ "nan" ] }, "geometry": { "type": "Point", "coordinates": [ 73.004837503310341, 19.210018368320199 ] } },
{ "type": "Feature", "properties": { "elevation": 4.6822071075439453, "depth": 1.9637436866760254, "osmid": 12375716737, "name": [ "nan" ] }, "geometry": { "type": "Point", "coordinates": [ 73.005125617529643, 19.210318866059513 ] } },
{ "type": "Feature", "properties": { "elevation": 2.3508498668670654, "depth": 2.4095337390899658, "osmid": 12375720039, "name": [ "nan" ] }, "geometry": { "type": "Point", "coordinates": [ 73.026177762628393, 19.228551595380747 ] } },
{ "type": "Feature", "properties": { "elevation": 5.0218195915222168, "depth": 1.4443783760070801, "osmid": 12375720039, "name": [ "nan" ] }, "geometry": { "type": "Point", "coordinates": [ 73.024517007654325, 19.227498607095274 ] } },
{ "type": "Feature", "properties": { "elevation": 1.3701621294021606, "depth": 3.0628376007080078, "osmid": 12384170126, "name": [ "nan" ] }, "geometry": { "type": "Point", "coordinates": [ 73.006303773642898, 19.235975621869216 ] } },
{ "type": "Feature", "properties": { "elevation": 3.4654603004455566, "depth": 1.8361520767211914, "osmid": 12526053305, "name": [ "Service Road" ] }, "geometry": { "type": "Point", "coordinates": [ 73.011140820895179, 19.215194062357821 ] } },
{ "type": "Feature", "properties": { "elevation": 4.0322151184082031, "depth": 1.8141131401062012, "osmid": 12526053305, "name": [ "Service Road" ] }, "geometry": { "type": "Point", "coordinates": [ 73.011456679461062, 19.214919868161438 ] } },
{ "type": "Feature", "properties": { "elevation": 5.3541460037231445, "depth": 1.9128355979919434, "osmid": 12526053305, "name": [ "Service Road" ] }, "geometry": { "type": "Point", "coordinates": [ 73.011772536987394, 19.214645673318227 ] } },
{ "type": "Feature", "properties": { "elevation": 5.0739841461181641, "depth": 2.205254077911377, "osmid": 12526053305, "name": [ "Service Road" ] }, "geometry": { "type": "Point", "coordinates": [ 73.012088393474173, 19.214371477828205 ] } },
{ "type": "Feature", "properties": { "elevation": 3.984839916229248, "depth": 1.3167724609375, "osmid": 12526053305, "name": [ "nan" ] }, "geometry": { "type": "Point", "coordinates": [ 73.010966526712679, 19.215460219813693 ] } },
{ "type": "Feature", "properties": { "elevation": 5.7451057434082031, "depth": 1.6883211135864258, "osmid": 12577856994, "name": [ "nan" ] }, "geometry": { "type": "Point", "coordinates": [ 73.151705809027504, 19.264941033955658 ] } },
{ "type": "Feature", "properties": { "elevation": 4.719721794128418, "depth": 1.3541150093078613, "osmid": 12738209907, "name": [ "nan" ] }, "geometry": { "type": "Point", "coordinates": [ 73.049155010574282, 19.227233209314189 ] } },
{ "type": "Feature", "properties": { "elevation": 1.6812708377838135, "depth": 2.8984816074371338, "osmid": 12743767547, "name": [ "nan" ] }, "geometry": { "type": "Point", "coordinates": [ 73.046650394775824, 19.22621031710138 ] } },
{ "type": "Feature", "properties": { "elevation": 5.579134464263916, "depth": 3.1203808784484863, "osmid": 12816681569, "name": [ "nan" ] }, "geometry": { "type": "Point", "coordinates": [ 73.079620614012313, 19.266755226550579 ] } },
{ "type": "Feature", "properties": { "elevation": 5.3966660499572754, "depth": 2.5234169960021973, "osmid": 13055706664, "name": [ "nan" ] }, "geometry": { "type": "Point", "coordinates": [ 73.028546546904877, 19.230589470815463 ] } },
{ "type": "Feature", "properties": { "elevation": 5.4050250053405762, "depth": 1.234947681427002, "osmid": 13055706664, "name": [ "nan" ] }, "geometry": { "type": "Point", "coordinates": [ 73.03115685721032, 19.232243484232672 ] } },
{ "type": "Feature", "properties": { "elevation": 3.7908565998077393, "depth": 1.4933974742889404, "osmid": 13055706664, "name": [ "nan" ] }, "geometry": { "type": "Point", "coordinates": [ 73.034496679374882, 19.234992158651895 ] } },
{ "type": "Feature", "properties": { "elevation": 3.3011541366577148, "depth": 2.0528016090393066, "osmid": 13055706664, "name": [ "nan" ] }, "geometry": { "type": "Point", "coordinates": [ 73.0348111391868, 19.23526784624476 ] } },
{ "type": "Feature", "properties": { "elevation": 2.789114236831665, "depth": 2.0688049793243408, "osmid": 13055706664, "name": [ "nan" ] }, "geometry": { "type": "Point", "coordinates": [ 73.035127939075011, 19.235541083249188 ] } },
{ "type": "Feature", "properties": { "elevation": 2.7513742446899414, "depth": 2.6145052909851074, "osmid": 13055706664, "name": [ "nan" ] }, "geometry": { "type": "Point", "coordinates": [ 73.037047943498138, 19.237160321319443 ] } },
{ "type": "Feature", "properties": { "elevation": 3.6173584461212158, "depth": 3.3455407619476318, "osmid": 13055706666, "name": [ "nan" ] }, "geometry": { "type": "Point", "coordinates": [ 73.025985149126114, 19.228888999492717 ] } },
{ "type": "Feature", "properties": { "elevation": 5.6903162002563477, "depth": 2.5369443893432617, "osmid": 13055706677, "name": [ "Mumbai Agra National Highway" ] }, "geometry": { "type": "Point", "coordinates": [ 73.016747684827237, 19.221818999977124 ] } },
{ "type": "Feature", "properties": { "elevation": 4.3811206817626953, "depth": 3.1731095314025879, "osmid": 13055706677, "name": [ "Mumbai Agra National Highway" ] }, "geometry": { "type": "Point", "coordinates": [ 73.016950454833108, 19.222009599791484 ] } },
{ "type": "Feature", "properties": { "elevation": 4.0327134132385254, "depth": 2.264981746673584, "osmid": 13055706677, "name": [ "Mumbai Agra National Highway" ] }, "geometry": { "type": "Point", "coordinates": [ 73.017254610720428, 19.222295499163344 ] } },
{ "type": "Feature", "properties": { "elevation": 3.7702710628509521, "depth": 2.1396152973175049, "osmid": 13055706677, "name": [ "Mumbai Agra National Highway" ] }, "geometry": { "type": "Point", "coordinates": [ 73.017560737564821, 19.222579474525009 ] } },
{ "type": "Feature", "properties": { "elevation": 2.825124979019165, "depth": 1.8261845111846924, "osmid": 13055706677, "name": [ "Mumbai Agra National Highway" ] }, "geometry": { "type": "Point", "coordinates": [ 73.017870104070099, 19.22286028351898 ] } },
{ "type": "Feature", "properties": { "elevation": 4.4511971473693848, "depth": 1.530214786529541, "osmid": 13055706677, "name": [ "Mumbai Agra National Highway" ] }, "geometry": { "type": "Point", "coordinates": [ 73.020054563817581, 19.224805858799556 ] } },
{ "type": "Feature", "properties": { "elevation": 3.3483223915100098, "depth": 1.5874118804931641, "osmid": 13055706677, "name": [ "Mumbai Agra National Highway" ] }, "geometry": { "type": "Point", "coordinates": [ 73.020384788380028, 19.225064293633892 ] } },
{ "type": "Feature", "properties": { "elevation": 3.9317193031311035, "depth": 1.7718467712402344, "osmid": 13055706677, "name": [ "Mumbai Agra National Highway" ] }, "geometry": { "type": "Point", "coordinates": [ 73.021179221469723, 19.225638561108614 ] } },
{ "type": "Feature", "properties": { "elevation": 5.6903162002563477, "depth": 2.5369443893432617, "osmid": 13055706677, "name": [ "nan" ] }, "geometry": { "type": "Point", "coordinates": [ 73.016701839985998, 19.221848495130597 ] } },
{ "type": "Feature", "properties": { "elevation": 2.825124979019165, "depth": 1.8261845111846924, "osmid": 13055706677, "name": [ "nan" ] }, "geometry": { "type": "Point", "coordinates": [ 73.017789923968081, 19.222913880966964 ] } },
{ "type": "Feature", "properties": { "elevation": 3.2428491115570068, "depth": 1.4952833652496338, "osmid": 13055706677, "name": [ "nan" ] }, "geometry": { "type": "Point", "coordinates": [ 73.019232497366588, 19.224225463458424 ] } },
{ "type": "Feature", "properties": { "elevation": 3.2550444602966309, "depth": 1.4944801330566406, "osmid": 13055706677, "name": [ "nan" ] }, "geometry": { "type": "Point", "coordinates": [ 73.019542077905655, 19.224506064473278 ] } },
{ "type": "Feature", "properties": { "elevation": 4.7495245933532715, "depth": 1.9919037818908691, "osmid": 13055706684, "name": [ "Mumbai Agra National Highway" ] }, "geometry": { "type": "Point", "coordinates": [ 73.019863802494058, 19.224539439912476 ] } },
{ "type": "Feature", "properties": { "elevation": 4.5520105361938477, "depth": 2.189417839050293, "osmid": 13055706684, "name": [ "nan" ] }, "geometry": { "type": "Point", "coordinates": [ 73.019935907586543, 19.224468753830148 ] } },
{ "type": "Feature", "properties": { "elevation": 3.5011403560638428, "depth": 2.2888777256011963, "osmid": 13055706684, "name": [ "nan" ] }, "geometry": { "type": "Point", "coordinates": [ 73.019627437721013, 19.224187055628249 ] } },
{ "type": "Feature", "properties": { "elevation": 2.940269947052002, "depth": 2.6973509788513184, "osmid": 13055706684, "name": [ "nan" ] }, "geometry": { "type": "Point", "coordinates": [ 73.019322502190136, 19.223901902578177 ] } },
{ "type": "Feature", "properties": { "elevation": 3.8308162689208984, "depth": 3.1923098564147949, "osmid": 13055706685, "name": [ "Mumbai Agra National Highway" ] }, "geometry": { "type": "Point", "coordinates": [ 73.026976982546984, 19.229386813295342 ] } },
{ "type": "Feature", "properties": { "elevation": 4.1029272079467773, "depth": 1.3662080764770508, "osmid": 13055706685, "name": [ "Mumbai Agra National Highway" ] }, "geometry": { "type": "Point", "coordinates": [ 73.027802485849804, 19.229920127102201 ] } },
{ "type": "Feature", "properties": { "elevation": 4.7635741233825684, "depth": 1.7026238441467285, "osmid": 13055706686, "name": [ "nan" ] }, "geometry": { "type": "Point", "coordinates": [ 73.024371562478194, 19.227834058326593 ] } },
{ "type": "Feature", "properties": { "elevation": 4.1963109970092773, "depth": 3.0145182609558105, "osmid": 13055706686, "name": [ "nan" ] }, "geometry": { "type": "Point", "coordinates": [ 73.025197509037994, 19.228366958543376 ] } },
{ "type": "Feature", "properties": { "elevation": 5.5267319679260254, "depth": 1.8398046493530273, "osmid": 13060002769, "name": [ "nan" ] }, "geometry": { "type": "Point", "coordinates": [ 73.044528622266611, 19.189997357741763 ] } },
{ "type": "Feature", "properties": { "elevation": 1.3701621294021606, "depth": 3.0628376007080078, "osmid": 13236716714, "name": [ "nan" ] }, "geometry": { "type": "Point", "coordinates": [ 73.0062328172002, 19.235974338987205 ] } },
{ "type": "Feature", "properties": { "elevation": 5.5336956977844238, "depth": 2.6987662315368652, "osmid": 13366747559, "name": [ "nan" ] }, "geometry": { "type": "Point", "coordinates": [ 73.075886699577325, 19.215742273093785 ] } },
{ "type": "Feature", "properties": { "elevation": 5.3370151519775391, "depth": 1.7920570373535156, "osmid": 13426557887, "name": [ "nan" ] }, "geometry": { "type": "Point", "coordinates": [ 72.99360179705063, 19.273854753654234 ] } },
{ "type": "Feature", "properties": { "elevation": 2.2721157073974609, "depth": 2.2779145240783691, "osmid": 13426557887, "name": [ "nan" ] }, "geometry": { "type": "Point", "coordinates": [ 73.004033380868549, 19.260445706303514 ] } },
{ "type": "Feature", "properties": { "elevation": 2.6505110263824463, "depth": 1.4599659442901611, "osmid": 13426557887, "name": [ "nan" ] }, "geometry": { "type": "Point", "coordinates": [ 73.003565148610591, 19.259792635647109 ] } },
{ "type": "Feature", "properties": { "elevation": 2.1276993751525879, "depth": 1.9674434661865234, "osmid": 13426557887, "name": [ "nan" ] }, "geometry": { "type": "Point", "coordinates": [ 73.002916859578406, 19.258265200927244 ] } },
{ "type": "Feature", "properties": { "elevation": 4.3902535438537598, "depth": 1.7704563140869141, "osmid": 13426557887, "name": [ "nan" ] }, "geometry": { "type": "Point", "coordinates": [ 73.00357658737164, 19.252330307762342 ] } },
{ "type": "Feature", "properties": { "elevation": 3.2974503040313721, "depth": 4.0224180221557617, "osmid": 13426557887, "name": [ "nan" ] }, "geometry": { "type": "Point", "coordinates": [ 73.003863492307872, 19.251427401595745 ] } },
{ "type": "Feature", "properties": { "elevation": 1.6494461297988892, "depth": 2.7184767723083496, "osmid": 13426557887, "name": [ "nan" ] }, "geometry": { "type": "Point", "coordinates": [ 73.004608850429292, 19.251136958470038 ] } },
{ "type": "Feature", "properties": { "elevation": 2.0675270557403564, "depth": 1.3009355068206787, "osmid": 13426557887, "name": [ "nan" ] }, "geometry": { "type": "Point", "coordinates": [ 73.005090992828471, 19.249848592810679 ] } },
{ "type": "Feature", "properties": { "elevation": 3.8931849002838135, "depth": 1.2819859981536865, "osmid": 13432120733, "name": [ "nan" ] }, "geometry": { "type": "Point", "coordinates": [ 73.008712487647372, 19.271260367215639 ] } },
{ "type": "Feature", "properties": { "elevation": 4.1976404190063477, "depth": 1.6778440475463867, "osmid": 13479112597, "name": [ "nan" ] }, "geometry": { "type": "Point", "coordinates": [ 72.981280718147076, 19.299161641037784 ] } },
{ "type": "Feature", "properties": { "elevation": 5.6359367370605469, "depth": 1.2550668716430664, "osmid": 13479112597, "name": [ "nan" ] }, "geometry": { "type": "Point", "coordinates": [ 72.980708361050674, 19.298614272688596 ] } },
{ "type": "Feature", "properties": { "elevation": 1.9754824638366699, "depth": 2.494715690612793, "osmid": 13479112597, "name": [ "nan" ] }, "geometry": { "type": "Point", "coordinates": [ 72.978696742824596, 19.301198467515167 ] } },
{ "type": "Feature", "properties": { "elevation": 5.8754844665527344, "depth": 2.7704095840454102, "osmid": 13479138402, "name": [ "nan" ] }, "geometry": { "type": "Point", "coordinates": [ 72.981238260721, 19.298853010924667 ] } },
{ "type": "Feature", "properties": { "elevation": 4.7884092330932617, "depth": 2.9119157791137695, "osmid": 13504152592, "name": [ "nan" ] }, "geometry": { "type": "Point", "coordinates": [ 72.975871345671266, 19.300970821133308 ] } },
{ "type": "Feature", "properties": { "elevation": 4.3108625411987305, "depth": 1.4070734977722168, "osmid": 13504212421, "name": [ "nan" ] }, "geometry": { "type": "Point", "coordinates": [ 72.995289657465491, 19.298878603733755 ] } },
{ "type": "Feature", "properties": { "elevation": 5.3013076782226562, "depth": 1.3591842651367188, "osmid": 13506212149, "name": [ "Chinchoti Anjur Phata Road" ] }, "geometry": { "type": "Point", "coordinates": [ 72.976249692385124, 19.310914896060094 ] } },
{ "type": "Feature", "properties": { "elevation": 5.3449892997741699, "depth": 1.8939824104309082, "osmid": 13543358085, "name": [ "nan" ] }, "geometry": { "type": "Point", "coordinates": [ 73.024059585031495, 19.323150524408515 ] } },
{ "type": "Feature", "properties": { "elevation": 5.3449892997741699, "depth": 1.8939824104309082, "osmid": 13543392501, "name": [ "nan" ] }, "geometry": { "type": "Point", "coordinates": [ 73.024090831966674, 19.323128262209185 ] } },
{ "type": "Feature", "properties": { "elevation": 5.6997556686401367, "depth": 1.2048883438110352, "osmid": 13569372804, "name": [ "nan" ] }, "geometry": { "type": "Point", "coordinates": [ 72.99446703615024, 19.295529157896382 ] } },
{ "type": "Feature", "properties": { "elevation": 4.1072726249694824, "depth": 1.421083927154541, "osmid": 13701129458, "name": [ "nan" ] }, "geometry": { "type": "Point", "coordinates": [ 73.07967040948526, 19.207457790860317 ] } },
{ "type": "Feature", "properties": { "elevation": 5.6626124382019043, "depth": 2.4830164909362793, "osmid": 13754390045, "name": [ "nan" ] }, "geometry": { "type": "Point", "coordinates": [ 73.062513871640647, 19.183187645325606 ] } },
{ "type": "Feature", "properties": { "elevation": 5.8608155250549316, "depth": 3.8029770851135254, "osmid": 13766721064, "name": [ "nan" ] }, "geometry": { "type": "Point", "coordinates": [ 73.117608446965747, 19.234729174435891 ] } },
{ "type": "Feature", "properties": { "elevation": 3.4066414833068848, "depth": 1.2380380630493164, "osmid": 13770424272, "name": [ "Waghbil road" ] }, "geometry": { "type": "Point", "coordinates": [ 72.982372603233301, 19.266012827112583 ] } },
{ "type": "Feature", "properties": { "elevation": 3.4066414833068848, "depth": 1.2380380630493164, "osmid": 13770424273, "name": [ "Waghbil road" ] }, "geometry": { "type": "Point", "coordinates": [ 72.982304922802413, 19.266058245043428 ] } },
{ "type": "Feature", "properties": { "elevation": 4.2220287322998047, "depth": 1.3157205581665039, "osmid": 13811630338, "name": [ "Agra Road" ] }, "geometry": { "type": "Point", "coordinates": [ 72.994945050792396, 19.224774979924408 ] } },
{ "type": "Feature", "properties": { "elevation": 4.1339387893676758, "depth": 2.221621036529541, "osmid": 13811630338, "name": [ "Agra Road" ] }, "geometry": { "type": "Point", "coordinates": [ 72.998386635319875, 19.226698506897712 ] } },
{ "type": "Feature", "properties": { "elevation": 4.5446028709411621, "depth": 3.3029909133911133, "osmid": 13811630338, "name": [ "Agra Road" ] }, "geometry": { "type": "Point", "coordinates": [ 72.999537166075967, 19.227239356786509 ] } },
{ "type": "Feature", "properties": { "elevation": 5.3281898498535156, "depth": 2.9332427978515625, "osmid": 13817343553, "name": [ "Fire Brigade Road" ] }, "geometry": { "type": "Point", "coordinates": [ 72.979476721195354, 19.191478784077098 ] } },
{ "type": "Feature", "properties": { "elevation": 5.6798367500305176, "depth": 2.5594620704650879, "osmid": 13823987262, "name": [ "nan" ] }, "geometry": { "type": "Point", "coordinates": [ 73.015488948478321, 19.211427374367151 ] } },
{ "type": "Feature", "properties": { "elevation": 2.1892187595367432, "depth": 2.5560486316680908, "osmid": 13823987270, "name": [ "Service Road" ] }, "geometry": { "type": "Point", "coordinates": [ 73.007062965362138, 19.214648422946762 ] } },
{ "type": "Feature", "properties": { "elevation": 2.2618412971496582, "depth": 2.4834260940551758, "osmid": 13823987270, "name": [ "Service Road" ] }, "geometry": { "type": "Point", "coordinates": [ 73.007357990604746, 19.214942814702169 ] } },
{ "type": "Feature", "properties": { "elevation": 2.8710923194885254, "depth": 1.8602385520935059, "osmid": 13823987270, "name": [ "Service Road" ] }, "geometry": { "type": "Point", "coordinates": [ 73.008460895730408, 19.216001243142092 ] } },
{ "type": "Feature", "properties": { "elevation": 4.4990420341491699, "depth": 1.2760672569274902, "osmid": 13851829870, "name": [ "Pipeline Road" ] }, "geometry": { "type": "Point", "coordinates": [ 72.996861917496886, 19.239812380001279 ] } },
{ "type": "Feature", "properties": { "elevation": 3.9649107456207275, "depth": 1.2401673793792725, "osmid": 13851829870, "name": [ "Pipeline Road" ] }, "geometry": { "type": "Point", "coordinates": [ 72.996568648510376, 19.241414183531901 ] } },
{ "type": "Feature", "properties": { "elevation": 3.4417650699615479, "depth": 2.0259959697723389, "osmid": 13852702697, "name": [ "Pipeline Road" ] }, "geometry": { "type": "Point", "coordinates": [ 72.992777310593567, 19.223641087720438 ] } },
{ "type": "Feature", "properties": { "elevation": 5.6012482643127441, "depth": 1.2432026863098145, "osmid": 13852702698, "name": [ "Agra Road" ] }, "geometry": { "type": "Point", "coordinates": [ 72.993003598299794, 19.223675241411947 ] } },
{ "type": "Feature", "properties": { "elevation": 3.5346047878265381, "depth": 1.7188336849212646, "osmid": 206291065, "name": [ "Sion Panvel Highway" ] }, "geometry": { "type": "Point", "coordinates": [ 72.948705584996674, 19.055372357820737 ] } },
{ "type": "Feature", "properties": { "elevation": 3.833449125289917, "depth": 1.4464771747589111, "osmid": 206291065, "name": [ "Sion Panvel Highway" ] }, "geometry": { "type": "Point", "coordinates": [ 72.940968602204165, 19.052611189794796 ] } },
{ "type": "Feature", "properties": { "elevation": 5.381859302520752, "depth": 2.0770053863525391, "osmid": 245653223, "name": [ "S Vaswani Road" ] }, "geometry": { "type": "Point", "coordinates": [ 72.818257158056781, 18.913066295516732 ] } },
{ "type": "Feature", "properties": { "elevation": 2.397334098815918, "depth": 1.8350858688354492, "osmid": 245653338, "name": [ "Lala Ningam Road" ] }, "geometry": { "type": "Point", "coordinates": [ 72.830246584129952, 18.915329950484413 ] } },
{ "type": "Feature", "properties": { "elevation": 0.0, "depth": 9.8812885284423828, "osmid": 245653408, "name": [ "V Desai Marg" ] }, "geometry": { "type": "Point", "coordinates": [ 72.831358305371779, 18.917421006206776 ] } },
{ "type": "Feature", "properties": { "elevation": 3.4579839706420898, "depth": 8.5640287399291992, "osmid": 245653505, "name": [ "P J Ramchandani Marg" ] }, "geometry": { "type": "Point", "coordinates": [ 72.833003483788332, 18.920734771607776 ] } },
{ "type": "Feature", "properties": { "elevation": 4.6134514808654785, "depth": 1.7937273979187012, "osmid": 245653788, "name": [ "Free Press Journal Road" ] }, "geometry": { "type": "Point", "coordinates": [ 72.823437329617349, 18.922781992087817 ] } },
{ "type": "Feature", "properties": { "elevation": 5.2719416618347168, "depth": 3.366426944732666, "osmid": 245653828, "name": [ "NCPA Marg" ] }, "geometry": { "type": "Point", "coordinates": [ 72.821006774705907, 18.92567834337877 ] } },
{ "type": "Feature", "properties": { "elevation": 5.2719416618347168, "depth": 3.366426944732666, "osmid": 245653829, "name": [ "NCPA Marg" ] }, "geometry": { "type": "Point", "coordinates": [ 72.821028871041065, 18.925704388697202 ] } },
{ "type": "Feature", "properties": { "elevation": 3.8051748275756836, "depth": 4.0222306251525879, "osmid": 245653928, "name": [ "Marine Drive" ] }, "geometry": { "type": "Point", "coordinates": [ 72.822533992770417, 18.930959328066962 ] } },
{ "type": "Feature", "properties": { "elevation": 3.6063163280487061, "depth": 2.6451389789581299, "osmid": 245654682, "name": [ "Bhagwanal Indrajit Road" ] }, "geometry": { "type": "Point", "coordinates": [ 72.792708430550789, 18.950442452737949 ] } },
{ "type": "Feature", "properties": { "elevation": 4.2453126907348633, "depth": 1.2760419845581055, "osmid": 245654682, "name": [ "Bhagwanal Indrajit Road" ] }, "geometry": { "type": "Point", "coordinates": [ 72.792945607743718, 18.950934529898845 ] } },
{ "type": "Feature", "properties": { "elevation": 1.8227688074111938, "depth": 1.6524978876113892, "osmid": 245654765, "name": [ "Marine Drive" ] }, "geometry": { "type": "Point", "coordinates": [ 72.820915192783701, 18.947162164756215 ] } },
{ "type": "Feature", "properties": { "elevation": 3.3137364387512207, "depth": 1.5883049964904785, "osmid": 245654765, "name": [ "Marine Drive" ] }, "geometry": { "type": "Point", "coordinates": [ 72.820597909078359, 18.947612190603024 ] } },
{ "type": "Feature", "properties": { "elevation": 2.1330873966217041, "depth": 1.6311202049255371, "osmid": 245654765, "name": [ "Marine Drive" ] }, "geometry": { "type": "Point", "coordinates": [ 72.820348575673364, 18.947941960704306 ] } },
{ "type": "Feature", "properties": { "elevation": 3.5275716781616211, "depth": 1.796846866607666, "osmid": 245654765, "name": [ "Marine Drive" ] }, "geometry": { "type": "Point", "coordinates": [ 72.819742837934058, 18.948695056346818 ] } },
{ "type": "Feature", "properties": { "elevation": 2.1569957733154297, "depth": 2.8062443733215332, "osmid": 245654765, "name": [ "Marine Drive" ] }, "geometry": { "type": "Point", "coordinates": [ 72.819481832439251, 18.949016786623481 ] } },
{ "type": "Feature", "properties": { "elevation": 5.9796080589294434, "depth": 1.7106742858886719, "osmid": 245654765, "name": [ "Marine Drive" ] }, "geometry": { "type": "Point", "coordinates": [ 72.818862618521123, 18.949759802616878 ] } },
{ "type": "Feature", "properties": { "elevation": 2.3691482543945312, "depth": 2.7109904289245605, "osmid": 245654765, "name": [ "Marine Drive" ] }, "geometry": { "type": "Point", "coordinates": [ 72.818588765390032, 18.950071694202617 ] } },
{ "type": "Feature", "properties": { "elevation": 4.2453126907348633, "depth": 1.2760419845581055, "osmid": 245655115, "name": [ "Bhagwanal Indrajit Road" ] }, "geometry": { "type": "Point", "coordinates": [ 72.792982705983633, 18.950998326731462 ] } },
{ "type": "Feature", "properties": { "elevation": 3.6063163280487061, "depth": 2.6451389789581299, "osmid": 245655115, "name": [ "Bhagwanal Indrajit Road" ] }, "geometry": { "type": "Point", "coordinates": [ 72.792682620934883, 18.950384909751538 ] } },
{ "type": "Feature", "properties": { "elevation": 5.6290984153747559, "depth": 4.2767195701599121, "osmid": 245655397, "name": [ "nan" ] }, "geometry": { "type": "Point", "coordinates": [ 72.831486176747262, 18.954100705124969 ] } },
{ "type": "Feature", "properties": { "elevation": 5.9169654846191406, "depth": 2.0671601295471191, "osmid": 245655480, "name": [ "nan" ] }, "geometry": { "type": "Point", "coordinates": [ 72.839951954633975, 18.954589702885063 ] } },
{ "type": "Feature", "properties": { "elevation": 5.9169654846191406, "depth": 2.0671601295471191, "osmid": 245655529, "name": [ "nan" ] }, "geometry": { "type": "Point", "coordinates": [ 72.839971145191484, 18.954682897123067 ] } },
{ "type": "Feature", "properties": { "elevation": 1.7851873636245728, "depth": 3.0136184692382812, "osmid": 245655866, "name": [ "Brig. Usman Marg" ] }, "geometry": { "type": "Point", "coordinates": [ 72.831006506925632, 18.957871155499248 ] } },
{ "type": "Feature", "properties": { "elevation": 4.098635196685791, "depth": 1.8966975212097168, "osmid": 245656283, "name": [ "Raja Ram Mohan Roy Road (Charni Road)" ] }, "geometry": { "type": "Point", "coordinates": [ 72.819672799595267, 18.960130854614135 ] } },
{ "type": "Feature", "properties": { "elevation": 5.6674933433532715, "depth": 1.554288387298584, "osmid": 245656387, "name": [ "Dr Dadasaheb Bhadkamkar Marg" ] }, "geometry": { "type": "Point", "coordinates": [ 72.817666944492203, 18.962212778252319 ] } },
{ "type": "Feature", "properties": { "elevation": 5.3024334907531738, "depth": 2.4093308448791504, "osmid": 245656434, "name": [ "Sir J.J. Road" ] }, "geometry": { "type": "Point", "coordinates": [ 72.831866634295423, 18.962019892112192 ] } },
{ "type": "Feature", "properties": { "elevation": 5.0592045783996582, "depth": 5.3158078193664551, "osmid": 245656703, "name": [ "Allibhai Premji Marg (Foras Road)" ] }, "geometry": { "type": "Point", "coordinates": [ 72.81932961201602, 18.964218197283966 ] } },
{ "type": "Feature", "properties": { "elevation": 5.979557991027832, "depth": 1.2588472366333008, "osmid": 245656914, "name": "['Patthe Bapurao Marg (Falkland Road)' 'Patthe Bapurao Flyover']" }, "geometry": { "type": "Point", "coordinates": [ 72.817009981830125, 18.967786812948152 ] } },
{ "type": "Feature", "properties": { "elevation": 5.2261991500854492, "depth": 2.0122060775756836, "osmid": 245656914, "name": "['Patthe Bapurao Marg (Falkland Road)' 'Patthe Bapurao Flyover']" }, "geometry": { "type": "Point", "coordinates": [ 72.816719109779996, 18.968084477113212 ] } },
{ "type": "Feature", "properties": { "elevation": 3.7281813621520996, "depth": 1.2856731414794922, "osmid": 245656914, "name": [ "nan" ] }, "geometry": { "type": "Point", "coordinates": [ 72.818645438240225, 18.966057882775534 ] } },
{ "type": "Feature", "properties": { "elevation": 5.8025274276733398, "depth": 1.2723708152770996, "osmid": 245657001, "name": [ "R S Nimkar Marg" ] }, "geometry": { "type": "Point", "coordinates": [ 72.82637662010147, 18.967381944490462 ] } },
{ "type": "Feature", "properties": { "elevation": 5.8025274276733398, "depth": 1.2723708152770996, "osmid": 245657095, "name": [ "R S Nimkar Marg" ] }, "geometry": { "type": "Point", "coordinates": [ 72.826373062847267, 18.96736470263042 ] } },
{ "type": "Feature", "properties": { "elevation": 5.256004810333252, "depth": 2.0304231643676758, "osmid": 245657095, "name": [ "J Boman Behram Marg" ] }, "geometry": { "type": "Point", "coordinates": [ 72.825616502290899, 18.967836025574179 ] } },
{ "type": "Feature", "properties": { "elevation": 1.5590940713882446, "depth": 2.1852388381958008, "osmid": 245657220, "name": [ "J Boman Behram Marg" ] }, "geometry": { "type": "Point", "coordinates": [ 72.820259245635512, 18.968847035309928 ] } },
{ "type": "Feature", "properties": { "elevation": 2.4588749408721924, "depth": 7.9789056777954102, "osmid": 245657456, "name": [ "nan" ] }, "geometry": { "type": "Point", "coordinates": [ 72.813590186775755, 18.971997921355609 ] } },
{ "type": "Feature", "properties": { "elevation": -1.1376093626022339, "depth": 7.8272171020507812, "osmid": 245657456, "name": [ "nan" ] }, "geometry": { "type": "Point", "coordinates": [ 72.813537111741041, 18.971483245619726 ] } },
{ "type": "Feature", "properties": { "elevation": 5.2948346138000488, "depth": 1.3387503623962402, "osmid": 245657498, "name": "['1st Lane' 'Quay Street']" }, "geometry": { "type": "Point", "coordinates": [ 72.848520920323367, 18.97482260167936 ] } },
{ "type": "Feature", "properties": { "elevation": 5.2948346138000488, "depth": 1.3387503623962402, "osmid": 245657786, "name": "['1st Lane' 'Quay Street']" }, "geometry": { "type": "Point", "coordinates": [ 72.848523261598956, 18.974844776735576 ] } },
{ "type": "Feature", "properties": { "elevation": 5.3513922691345215, "depth": 2.2931966781616211, "osmid": 245657798, "name": [ "nan" ] }, "geometry": { "type": "Point", "coordinates": [ 72.82947539616579, 18.975730690810106 ] } },
{ "type": "Feature", "properties": { "elevation": 5.3950009346008301, "depth": 1.5251169204711914, "osmid": 245657868, "name": [ "4th Lane" ] }, "geometry": { "type": "Point", "coordinates": [ 72.846384374237644, 18.97784468946308 ] } },
{ "type": "Feature", "properties": { "elevation": 5.3701319694519043, "depth": 2.8315005302429199, "osmid": 245657886, "name": [ "Bapurao Jagtap Road" ] }, "geometry": { "type": "Point", "coordinates": [ 72.829403565791822, 18.977671482195088 ] } },
{ "type": "Feature", "properties": { "elevation": 5.1644935607910156, "depth": 1.8563876152038574, "osmid": 245658000, "name": [ "Pais Street" ] }, "geometry": { "type": "Point", "coordinates": [ 72.831094345715925, 18.979520777493292 ] } },
{ "type": "Feature", "properties": { "elevation": 5.5755214691162109, "depth": 3.1384410858154297, "osmid": 245658099, "name": [ "nan" ] }, "geometry": { "type": "Point", "coordinates": [ 72.846218598509196, 18.980468729065795 ] } },
{ "type": "Feature", "properties": { "elevation": 3.8812785148620605, "depth": 6.0264601707458496, "osmid": 245658152, "name": "['Samanthbhai K Rathod Road' 'Samantbhai K Rathod Road']" }, "geometry": { "type": "Point", "coordinates": [ 72.820565366033605, 18.978510447944512 ] } },
{ "type": "Feature", "properties": { "elevation": 5.3701319694519043, "depth": 2.8315005302429199, "osmid": 245658184, "name": [ "Bapurao Jagtap Road" ] }, "geometry": { "type": "Point", "coordinates": [ 72.82940005796992, 18.977675947223645 ] } },
{ "type": "Feature", "properties": { "elevation": 3.9776110649108887, "depth": 1.3171486854553223, "osmid": 245658275, "name": [ "G Babu Sakpal Marg" ] }, "geometry": { "type": "Point", "coordinates": [ 72.826471063464652, 18.981614903383658 ] } },
{ "type": "Feature", "properties": { "elevation": 2.9147651195526123, "depth": 1.3265144824981689, "osmid": 245658307, "name": [ "G Babu Sakpal Marg" ] }, "geometry": { "type": "Point", "coordinates": [ 72.825908342345684, 18.982692473034625 ] } },
{ "type": "Feature", "properties": { "elevation": 4.1146998405456543, "depth": 1.587775707244873, "osmid": 245658362, "name": [ "Barrister Nath Pai Marg" ] }, "geometry": { "type": "Point", "coordinates": [ 72.842128602885907, 18.984935013352963 ] } },
{ "type": "Feature", "properties": { "elevation": 5.3216900825500488, "depth": 2.5315232276916504, "osmid": 245658432, "name": [ "Dr E Moses Marg Flyover" ] }, "geometry": { "type": "Point", "coordinates": [ 72.824732321670965, 18.984833875340144 ] } },
{ "type": "Feature", "properties": { "elevation": 3.2186553478240967, "depth": 1.6497495174407959, "osmid": 245658547, "name": [ "Dr E Moses Marg" ] }, "geometry": { "type": "Point", "coordinates": [ 72.823855146055138, 18.986499080695069 ] } },
{ "type": "Feature", "properties": { "elevation": 5.1590986251831055, "depth": 1.4150886535644531, "osmid": 245658819, "name": [ "Sakubai Mohite Marg" ] }, "geometry": { "type": "Point", "coordinates": [ 72.829459351340844, 18.992830783087708 ] } },
{ "type": "Feature", "properties": { "elevation": 4.668189525604248, "depth": 1.7863192558288574, "osmid": 245659330, "name": [ "nan" ] }, "geometry": { "type": "Point", "coordinates": [ 72.854480169017094, 18.999022665556819 ] } },
{ "type": "Feature", "properties": { "elevation": 4.1477270126342773, "depth": 1.5254487991333008, "osmid": 245659359, "name": [ "G M Bhosle Marg" ] }, "geometry": { "type": "Point", "coordinates": [ 72.818027255011344, 19.000140569505135 ] } },
{ "type": "Feature", "properties": { "elevation": 5.6921172142028809, "depth": 3.889401912689209, "osmid": 245659485, "name": [ "G M Bhosle Marg" ] }, "geometry": { "type": "Point", "coordinates": [ 72.81936370354471, 19.002479582749309 ] } },
{ "type": "Feature", "properties": { "elevation": 5.0296611785888672, "depth": 1.5777559280395508, "osmid": 245659488, "name": [ "nan" ] }, "geometry": { "type": "Point", "coordinates": [ 72.860106171341386, 19.001839471803891 ] } },
{ "type": "Feature", "properties": { "elevation": 5.2200350761413574, "depth": 2.3711438179016113, "osmid": 245659911, "name": [ "Dr Babasaheb Ambedkar Marg (Vincent Road)" ] }, "geometry": { "type": "Point", "coordinates": [ 72.840929719859332, 19.00686987168708 ] } },
{ "type": "Feature", "properties": { "elevation": 5.7708234786987305, "depth": 2.2895631790161133, "osmid": 245660256, "name": [ "Kakasaheb Gadgil Marg" ] }, "geometry": { "type": "Point", "coordinates": [ 72.833764597161249, 19.012329413625682 ] } },
{ "type": "Feature", "properties": { "elevation": 5.9934711456298828, "depth": 3.3933134078979492, "osmid": 245660337, "name": [ "Anant Patil Marg" ] }, "geometry": { "type": "Point", "coordinates": [ 72.831290544121515, 19.013119470927023 ] } },
{ "type": "Feature", "properties": { "elevation": 5.9934711456298828, "depth": 2.0695762634277344, "osmid": 245660337, "name": [ "Sayani Marg" ] }, "geometry": { "type": "Point", "coordinates": [ 72.831230647095609, 19.012908804981656 ] } },
{ "type": "Feature", "properties": { "elevation": 5.9934711456298828, "depth": 3.3933134078979492, "osmid": 245660354, "name": [ "Anant Patil Marg" ] }, "geometry": { "type": "Point", "coordinates": [ 72.831262167031895, 19.013097987516307 ] } },
{ "type": "Feature", "properties": { "elevation": 1.6220916509628296, "depth": 1.9978224039077759, "osmid": 245660499, "name": [ "V. S. Matkar Marg" ] }, "geometry": { "type": "Point", "coordinates": [ 72.835987520539163, 19.014253154363821 ] } },
{ "type": "Feature", "properties": { "elevation": 4.0464720726013184, "depth": 2.0751314163208008, "osmid": 245660908, "name": "['Dadasaheb Phalke Marg' 'Lakhamasi Nappu Road']" }, "geometry": { "type": "Point", "coordinates": [ 72.844176829493335, 19.01772173038702 ] } },
{ "type": "Feature", "properties": { "elevation": 4.5341720581054688, "depth": 1.8982176780700684, "osmid": 245661171, "name": [ "Salt Pan Road" ] }, "geometry": { "type": "Point", "coordinates": [ 72.871055768310569, 19.018700451931366 ] } },
{ "type": "Feature", "properties": { "elevation": 5.6805548667907715, "depth": 1.6388158798217773, "osmid": 245661262, "name": [ "Dr Babasaheb Ambedkar Marg (Vincent Road)" ] }, "geometry": { "type": "Point", "coordinates": [ 72.850784200111022, 19.022028121038741 ] } },
{ "type": "Feature", "properties": { "elevation": 4.3940262794494629, "depth": 2.0835399627685547, "osmid": 245661595, "name": [ "Senapati Bapat Marg" ] }, "geometry": { "type": "Point", "coordinates": [ 72.845320444006745, 19.024386310697771 ] } },
{ "type": "Feature", "properties": { "elevation": 4.2789883613586426, "depth": 1.6296110153198242, "osmid": 245663569, "name": [ "Senapati Bapat Marg" ] }, "geometry": { "type": "Point", "coordinates": [ 72.845985647878649, 19.041803115259071 ] } },
{ "type": "Feature", "properties": { "elevation": 3.7279059886932373, "depth": 1.6076481342315674, "osmid": 245663604, "name": [ "60 Feet Road" ] }, "geometry": { "type": "Point", "coordinates": [ 72.849293104209153, 19.042316977253591 ] } },
{ "type": "Feature", "properties": { "elevation": 4.5576090812683105, "depth": 1.4133777618408203, "osmid": 245663604, "name": [ "60 Feet Road" ] }, "geometry": { "type": "Point", "coordinates": [ 72.849560845050348, 19.042000341170805 ] } },
{ "type": "Feature", "properties": { "elevation": 4.8907914161682129, "depth": 2.3303613662719727, "osmid": 245664576, "name": [ "nan" ] }, "geometry": { "type": "Point", "coordinates": [ 72.84043461339779, 19.050602542827239 ] } },
{ "type": "Feature", "properties": { "elevation": 2.5162785053253174, "depth": 4.2702465057373047, "osmid": 245665402, "name": [ "Nanasaheb Dharmadhikari Marg" ] }, "geometry": { "type": "Point", "coordinates": [ 72.848535683495811, 19.056453979410133 ] } },
{ "type": "Feature", "properties": { "elevation": 5.5805716514587402, "depth": 1.9014492034912109, "osmid": 245665613, "name": [ "Road No 8" ] }, "geometry": { "type": "Point", "coordinates": [ 72.842884247376844, 19.059673507890437 ] } },
{ "type": "Feature", "properties": { "elevation": 5.0147347450256348, "depth": 2.9978079795837402, "osmid": 245665733, "name": [ "Road No 13" ] }, "geometry": { "type": "Point", "coordinates": [ 72.853957258796711, 19.060040536997448 ] } },
{ "type": "Feature", "properties": { "elevation": 0.84626966714859009, "depth": 2.1572539806365967, "osmid": 245665767, "name": [ "nan" ] }, "geometry": { "type": "Point", "coordinates": [ 72.844044059733932, 19.059355793250965 ] } },
{ "type": "Feature", "properties": { "elevation": 5.5805716514587402, "depth": 1.9014492034912109, "osmid": 245665823, "name": [ "Road No 8" ] }, "geometry": { "type": "Point", "coordinates": [ 72.842892860590609, 19.059644256636084 ] } },
{ "type": "Feature", "properties": { "elevation": 0.84626966714859009, "depth": 2.1572539806365967, "osmid": 245665837, "name": [ "nan" ] }, "geometry": { "type": "Point", "coordinates": [ 72.844119787562647, 19.059359926107096 ] } },
{ "type": "Feature", "properties": { "elevation": 4.6083741188049316, "depth": 2.5036630630493164, "osmid": 245665873, "name": [ "Ambedkar Chowk" ] }, "geometry": { "type": "Point", "coordinates": [ 72.849659625531558, 19.060294794481791 ] } },
{ "type": "Feature", "properties": { "elevation": 5.1922979354858398, "depth": 1.2026939392089844, "osmid": 245666351, "name": [ "nan" ] }, "geometry": { "type": "Point", "coordinates": [ 72.850789355001396, 19.062106814596792 ] } },
{ "type": "Feature", "properties": { "elevation": 4.4935264587402344, "depth": 1.5926752090454102, "osmid": 245666659, "name": [ "nan" ] }, "geometry": { "type": "Point", "coordinates": [ 72.870109899870826, 19.064901815116372 ] } },
{ "type": "Feature", "properties": { "elevation": 5.3234443664550781, "depth": 1.2237401008605957, "osmid": 245666966, "name": [ "nan" ] }, "geometry": { "type": "Point", "coordinates": [ 72.865602314161961, 19.066972106221971 ] } },
{ "type": "Feature", "properties": { "elevation": 5.5018606185913086, "depth": 1.4364895820617676, "osmid": 245667237, "name": [ "nan" ] }, "geometry": { "type": "Point", "coordinates": [ 72.849004074337515, 19.070614894257115 ] } },
{ "type": "Feature", "properties": { "elevation": 2.8843913078308105, "depth": 1.4098267555236816, "osmid": 245667676, "name": [ "nan" ] }, "geometry": { "type": "Point", "coordinates": [ 72.863481172142187, 19.074514609231624 ] } },
{ "type": "Feature", "properties": { "elevation": 5.6961445808410645, "depth": 1.8553948402404785, "osmid": 245667676, "name": [ "nan" ] }, "geometry": { "type": "Point", "coordinates": [ 72.863823162119886, 19.074321425613597 ] } },
{ "type": "Feature", "properties": { "elevation": 5.9190893173217773, "depth": 3.8458356857299805, "osmid": 245668366, "name": [ "Kalina Kurla Road" ] }, "geometry": { "type": "Point", "coordinates": [ 72.870883393010075, 19.081399685657718 ] } },
{ "type": "Feature", "properties": { "elevation": 4.9860672950744629, "depth": 2.6749262809753418, "osmid": 245668366, "name": [ "Jawaharlal Nehru Road" ] }, "geometry": { "type": "Point", "coordinates": [ 72.868799122034375, 19.080297261632261 ] } },
{ "type": "Feature", "properties": { "elevation": 5.2547597885131836, "depth": 2.8015155792236328, "osmid": 245668366, "name": [ "Jawaharlal Nehru Road" ] }, "geometry": { "type": "Point", "coordinates": [ 72.868504779697503, 19.080002508865856 ] } },
{ "type": "Feature", "properties": { "elevation": 5.5570807456970215, "depth": 1.6399097442626953, "osmid": 245668398, "name": [ "Service Road" ] }, "geometry": { "type": "Point", "coordinates": [ 72.846601818355794, 19.080870791951906 ] } },
{ "type": "Feature", "properties": { "elevation": 4.6383590698242188, "depth": 2.6117982864379883, "osmid": 245668927, "name": [ "Service Road" ] }, "geometry": { "type": "Point", "coordinates": [ 72.844288450913098, 19.086786357924478 ] } },
{ "type": "Feature", "properties": { "elevation": 3.133594274520874, "depth": 3.478039026260376, "osmid": 245668927, "name": [ "Service Road" ] }, "geometry": { "type": "Point", "coordinates": [ 72.843363832623453, 19.088437355002515 ] } },
{ "type": "Feature", "properties": { "elevation": 3.8849005699157715, "depth": 3.8189797401428223, "osmid": 245669095, "name": [ "nan" ] }, "geometry": { "type": "Point", "coordinates": [ 72.834812908081261, 19.087680530390049 ] } },
{ "type": "Feature", "properties": { "elevation": 5.115562915802002, "depth": 1.3139181137084961, "osmid": 245669254, "name": [ "Best Colony Road" ] }, "geometry": { "type": "Point", "coordinates": [ 72.835619146283875, 19.09065973319229 ] } },
{ "type": "Feature", "properties": { "elevation": 3.133594274520874, "depth": 3.478039026260376, "osmid": 245669276, "name": [ "Service Road" ] }, "geometry": { "type": "Point", "coordinates": [ 72.843356750572184, 19.088464613036752 ] } },
{ "type": "Feature", "properties": { "elevation": 4.6383590698242188, "depth": 2.6117982864379883, "osmid": 245669276, "name": [ "Service Road" ] }, "geometry": { "type": "Point", "coordinates": [ 72.844269035409084, 19.086807514849596 ] } },
{ "type": "Feature", "properties": { "elevation": 5.4732060432434082, "depth": 5.7671198844909668, "osmid": 245669481, "name": [ "Airport Flyover" ] }, "geometry": { "type": "Point", "coordinates": [ 72.852110155291385, 19.094621735428703 ] } },
{ "type": "Feature", "properties": { "elevation": 5.115562915802002, "depth": 1.3139181137084961, "osmid": 245669537, "name": [ "Best Colony Road" ] }, "geometry": { "type": "Point", "coordinates": [ 72.835619302229631, 19.090657457684674 ] } },
{ "type": "Feature", "properties": { "elevation": 5.4037485122680664, "depth": 2.2195367813110352, "osmid": 245671650, "name": [ "Road Number 1" ] }, "geometry": { "type": "Point", "coordinates": [ 72.933748279595306, 19.109922711023749 ] } },
{ "type": "Feature", "properties": { "elevation": 5.980412483215332, "depth": 1.3069067001342773, "osmid": 245671660, "name": [ "Vikhroli Flyover" ] }, "geometry": { "type": "Point", "coordinates": [ 72.93198390985539, 19.107870381042215 ] } },
{ "type": "Feature", "properties": { "elevation": 1.5172643661499023, "depth": 4.4179277420043945, "osmid": 245672962, "name": [ "nan" ] }, "geometry": { "type": "Point", "coordinates": [ 72.828458324123389, 19.119633551796841 ] } },
{ "type": "Feature", "properties": { "elevation": 1.5172643661499023, "depth": 4.4179277420043945, "osmid": 245673327, "name": [ "nan" ] }, "geometry": { "type": "Point", "coordinates": [ 72.828459347650238, 19.119632372586363 ] } },
{ "type": "Feature", "properties": { "elevation": 2.2099611759185791, "depth": 3.0049812793731689, "osmid": 245673864, "name": [ "nan" ] }, "geometry": { "type": "Point", "coordinates": [ 72.828922579707935, 19.125138662912107 ] } },
{ "type": "Feature", "properties": { "elevation": 5.4117097854614258, "depth": 1.4421372413635254, "osmid": 245675024, "name": [ "Wamanrao Mahadik Marg" ] }, "geometry": { "type": "Point", "coordinates": [ 72.825417224412064, 19.13450938054422 ] } },
{ "type": "Feature", "properties": { "elevation": 5.175926685333252, "depth": 2.4074692726135254, "osmid": 245675146, "name": [ "Veer Savarkar Road" ] }, "geometry": { "type": "Point", "coordinates": [ 72.936177580371933, 19.139571905790508 ] } },
{ "type": "Feature", "properties": { "elevation": 5.0169539451599121, "depth": 1.4873027801513672, "osmid": 245675146, "name": [ "Veer Savarkar Road" ] }, "geometry": { "type": "Point", "coordinates": [ 72.93676622901306, 19.140337220774835 ] } },
{ "type": "Feature", "properties": { "elevation": 5.4476766586303711, "depth": 1.2199740409851074, "osmid": 245675146, "name": [ "Veer Savarkar Road" ] }, "geometry": { "type": "Point", "coordinates": [ 72.937062861442683, 19.140630009453147 ] } },
{ "type": "Feature", "properties": { "elevation": 4.0624547004699707, "depth": 1.2333731651306152, "osmid": 245677762, "name": [ "Madh Marve Road" ] }, "geometry": { "type": "Point", "coordinates": [ 72.788296617686555, 19.162444512511748 ] } },
{ "type": "Feature", "properties": { "elevation": 5.7846331596374512, "depth": 2.1309599876403809, "osmid": 346604601, "name": "['Bandra Worli Sea Link Flyover' 'Western Freeway']" }, "geometry": { "type": "Point", "coordinates": [ 72.83097327853919, 19.048144910959159 ] } },
{ "type": "Feature", "properties": { "elevation": 5.6145749092102051, "depth": 2.301018238067627, "osmid": 346604601, "name": "['Bandra Worli Sea Link Flyover' 'Western Freeway']" }, "geometry": { "type": "Point", "coordinates": [ 72.831260672373674, 19.048445739419261 ] } },
{ "type": "Feature", "properties": { "elevation": 5.760746955871582, "depth": 1.567042350769043, "osmid": 347176820, "name": [ "Gurunanak Marg" ] }, "geometry": { "type": "Point", "coordinates": [ 72.838572971741669, 19.057337298122498 ] } },
{ "type": "Feature", "properties": { "elevation": 0.0, "depth": 8.0813312530517578, "osmid": 348126302, "name": [ "Carter Road" ] }, "geometry": { "type": "Point", "coordinates": [ 72.822788125280155, 19.068717205926209 ] } },
{ "type": "Feature", "properties": { "elevation": 5.4161496162414551, "depth": 1.730186939239502, "osmid": 459482292, "name": [ "nan" ] }, "geometry": { "type": "Point", "coordinates": [ 72.804694408965091, 18.904989376747722 ] } },
{ "type": "Feature", "properties": { "elevation": 5.2181620597839355, "depth": 3.1807780265808105, "osmid": 459482427, "name": [ "nan" ] }, "geometry": { "type": "Point", "coordinates": [ 72.808122447724131, 18.897692230018308 ] } },
{ "type": "Feature", "properties": { "elevation": 4.080411434173584, "depth": 1.7139592170715332, "osmid": 459482427, "name": [ "nan" ] }, "geometry": { "type": "Point", "coordinates": [ 72.807086082764329, 18.898603650400741 ] } },
{ "type": "Feature", "properties": { "elevation": 2.9427766799926758, "depth": 3.2109174728393555, "osmid": 459482499, "name": [ "Nanabhai Moos Marg" ] }, "geometry": { "type": "Point", "coordinates": [ 72.809073210438925, 18.894196011053396 ] } },
{ "type": "Feature", "properties": { "elevation": 2.6442017555236816, "depth": 3.0877528190612793, "osmid": 459482499, "name": [ "Nanabhai Moos Marg" ] }, "geometry": { "type": "Point", "coordinates": [ 72.808739114547421, 18.894449007474961 ] } },
{ "type": "Feature", "properties": { "elevation": 3.4800279140472412, "depth": 3.3866794109344482, "osmid": 459482532, "name": [ "nan" ] }, "geometry": { "type": "Point", "coordinates": [ 72.807425849816312, 18.910550270056042 ] } },
{ "type": "Feature", "properties": { "elevation": 5.2953801155090332, "depth": 1.6534738540649414, "osmid": 476480258, "name": [ "nan" ] }, "geometry": { "type": "Point", "coordinates": [ 72.863075063213543, 19.063177214435367 ] } },
{ "type": "Feature", "properties": { "elevation": 4.8012824058532715, "depth": 2.3457341194152832, "osmid": 476480258, "name": [ "nan" ] }, "geometry": { "type": "Point", "coordinates": [ 72.863354245558483, 19.06123642716706 ] } },
{ "type": "Feature", "properties": { "elevation": 5.2953801155090332, "depth": 1.6534738540649414, "osmid": 476480287, "name": [ "nan" ] }, "geometry": { "type": "Point", "coordinates": [ 72.863118097905911, 19.063140231506878 ] } },
{ "type": "Feature", "properties": { "elevation": 5.6452164649963379, "depth": 2.0679254531860352, "osmid": 482229835, "name": [ "nan" ] }, "geometry": { "type": "Point", "coordinates": [ 72.840035814923269, 19.057378452396055 ] } },
{ "type": "Feature", "properties": { "elevation": 2.7778196334838867, "depth": 1.8474693298339844, "osmid": 486385346, "name": [ "Marine Drive" ] }, "geometry": { "type": "Point", "coordinates": [ 72.817748683363618, 18.951193802399988 ] } },
{ "type": "Feature", "properties": { "elevation": 5.9796080589294434, "depth": 1.7106742858886719, "osmid": 486385346, "name": [ "Marine Drive" ] }, "geometry": { "type": "Point", "coordinates": [ 72.818917845627595, 18.94982861653688 ] } },
{ "type": "Feature", "properties": { "elevation": 5.557645320892334, "depth": 1.6648030281066895, "osmid": 486390343, "name": [ "P Mandal Marg" ] }, "geometry": { "type": "Point", "coordinates": [ 72.825584523187658, 18.942430588700955 ] } },
{ "type": "Feature", "properties": { "elevation": 5.1339035034179688, "depth": 1.6692485809326172, "osmid": 493925820, "name": [ "4th Lane" ] }, "geometry": { "type": "Point", "coordinates": [ 72.846088222316808, 18.977627118616692 ] } },
{ "type": "Feature", "properties": { "elevation": 5.3950009346008301, "depth": 1.5251169204711914, "osmid": 493925820, "name": [ "4th Lane" ] }, "geometry": { "type": "Point", "coordinates": [ 72.846426360229273, 18.977875534794517 ] } },
{ "type": "Feature", "properties": { "elevation": 4.9196109771728516, "depth": 3.3792085647583008, "osmid": 494838734, "name": [ "Gilder Path" ] }, "geometry": { "type": "Point", "coordinates": [ 72.818695825051137, 18.96744003166992 ] } },
{ "type": "Feature", "properties": { "elevation": 3.9195353984832764, "depth": 1.4047062397003174, "osmid": 519469450, "name": [ "Maulana Jiauddin Bukhari Marg" ] }, "geometry": { "type": "Point", "coordinates": [ 72.827901993441188, 19.153492691521997 ] } },
{ "type": "Feature", "properties": { "elevation": 4.5341720581054688, "depth": 1.8982176780700684, "osmid": 528859629, "name": [ "Salt Pan Road" ] }, "geometry": { "type": "Point", "coordinates": [ 72.871093127834982, 19.018750855137807 ] } },
{ "type": "Feature", "properties": { "elevation": 5.0202541351318359, "depth": 1.3730673789978027, "osmid": 528859629, "name": [ "Salt Pan Road" ] }, "geometry": { "type": "Point", "coordinates": [ 72.871936848247373, 19.020005346058547 ] } },
{ "type": "Feature", "properties": { "elevation": 5.4290204048156738, "depth": 3.4056124687194824, "osmid": 536813245, "name": [ "Scheme 6 Road no.1" ] }, "geometry": { "type": "Point", "coordinates": [ 72.851764907980737, 19.02937291792917 ] } },
{ "type": "Feature", "properties": { "elevation": 5.3207430839538574, "depth": 3.432955265045166, "osmid": 561165526, "name": [ "nan" ] }, "geometry": { "type": "Point", "coordinates": [ 72.820434244085831, 18.964464165986321 ] } },
{ "type": "Feature", "properties": { "elevation": 2.1196396350860596, "depth": 1.378631591796875, "osmid": 571736104, "name": [ "Panvel Uran Road" ] }, "geometry": { "type": "Point", "coordinates": [ 72.958929110385498, 18.880789054590341 ] } },
{ "type": "Feature", "properties": { "elevation": -0.99412244558334351, "depth": 3.3657882213592529, "osmid": 593054844, "name": [ "Kalina-Vakola Flyover" ] }, "geometry": { "type": "Point", "coordinates": [ 72.846267967092359, 19.083332808338785 ] } },
{ "type": "Feature", "properties": { "elevation": 5.8856267929077148, "depth": 1.3656482696533203, "osmid": 593119792, "name": [ "nan" ] }, "geometry": { "type": "Point", "coordinates": [ 72.845208798722084, 19.09138111204798 ] } },
{ "type": "Feature", "properties": { "elevation": 2.075232982635498, "depth": 4.1768460273742676, "osmid": 610943871, "name": [ "Warden Road (Bhula Bhai Desai Marg)" ] }, "geometry": { "type": "Point", "coordinates": [ 72.803609838110816, 18.968903812141573 ] } },
{ "type": "Feature", "properties": { "elevation": 4.0624547004699707, "depth": 1.2333731651306152, "osmid": 615494305, "name": [ "Madh Marve Road" ] }, "geometry": { "type": "Point", "coordinates": [ 72.788334467933183, 19.162460547931964 ] } },
{ "type": "Feature", "properties": { "elevation": 2.3285388946533203, "depth": 4.6387119293212891, "osmid": 615494357, "name": [ "Danapani Road" ] }, "geometry": { "type": "Point", "coordinates": [ 72.790878676733996, 19.170372099768063 ] } },
{ "type": "Feature", "properties": { "elevation": 2.6795880794525146, "depth": 4.6476602554321289, "osmid": 615494357, "name": [ "Danapani Road" ] }, "geometry": { "type": "Point", "coordinates": [ 72.790359778059766, 19.169917551936024 ] } },
{ "type": "Feature", "properties": { "elevation": 2.0702853202819824, "depth": 5.256962776184082, "osmid": 615494357, "name": [ "Danapani Road" ] }, "geometry": { "type": "Point", "coordinates": [ 72.790059362020102, 19.169630774709404 ] } },
{ "type": "Feature", "properties": { "elevation": 5.3264331817626953, "depth": 1.461824893951416, "osmid": 615494357, "name": [ "Danapani Road" ] }, "geometry": { "type": "Point", "coordinates": [ 72.787487573038803, 19.166859083506601 ] } },
{ "type": "Feature", "properties": { "elevation": 4.7625584602355957, "depth": 2.0256996154785156, "osmid": 615494357, "name": [ "Danapani Road" ] }, "geometry": { "type": "Point", "coordinates": [ 72.787190816683804, 19.166566680539759 ] } },
{ "type": "Feature", "properties": { "elevation": 3.7443327903747559, "depth": 5.803382396697998, "osmid": 619248355, "name": [ "Dr Anand Rao Nair Marg" ] }, "geometry": { "type": "Point", "coordinates": [ 72.820613883198575, 18.968611133155445 ] } },
{ "type": "Feature", "properties": { "elevation": 4.5397052764892578, "depth": 1.6118359565734863, "osmid": 622060411, "name": [ "nan" ] }, "geometry": { "type": "Point", "coordinates": [ 72.875127529806022, 19.078115839436169 ] } },
{ "type": "Feature", "properties": { "elevation": 5.3707294464111328, "depth": 2.2348675727844238, "osmid": 622060706, "name": [ "nan" ] }, "geometry": { "type": "Point", "coordinates": [ 72.874840395275143, 19.078624863602517 ] } },
{ "type": "Feature", "properties": { "elevation": 2.397334098815918, "depth": 1.8350858688354492, "osmid": 623362931, "name": [ "Lala Ningam Road" ] }, "geometry": { "type": "Point", "coordinates": [ 72.830217301088524, 18.915335718733065 ] } },
{ "type": "Feature", "properties": { "elevation": 5.2547597885131836, "depth": 2.8015155792236328, "osmid": 623895532, "name": [ "Jawaharlal Nehru Road" ] }, "geometry": { "type": "Point", "coordinates": [ 72.868476244277801, 19.079975091437891 ] } },
{ "type": "Feature", "properties": { "elevation": 4.9860672950744629, "depth": 2.6749262809753418, "osmid": 623895532, "name": [ "Jawaharlal Nehru Road" ] }, "geometry": { "type": "Point", "coordinates": [ 72.868771171004937, 19.080269271688906 ] } },
{ "type": "Feature", "properties": { "elevation": 5.8210339546203613, "depth": 2.2749075889587402, "osmid": 631476231, "name": [ "Anik Wadala Link Road" ] }, "geometry": { "type": "Point", "coordinates": [ 72.879970118459511, 19.029763708306859 ] } },
{ "type": "Feature", "properties": { "elevation": 3.8919064998626709, "depth": 1.4804890155792236, "osmid": 631487488, "name": [ "nan" ] }, "geometry": { "type": "Point", "coordinates": [ 72.869557530895761, 19.042069547228913 ] } },
{ "type": "Feature", "properties": { "elevation": 3.7040531635284424, "depth": 3.2181966304779053, "osmid": 631507969, "name": [ "nan" ] }, "geometry": { "type": "Point", "coordinates": [ 72.866354279621461, 19.066462942478051 ] } },
{ "type": "Feature", "properties": { "elevation": -2.7360267639160156, "depth": 1.8472816944122314, "osmid": 631525438, "name": [ "Bandra Kurla Complex Road" ] }, "geometry": { "type": "Point", "coordinates": [ 72.868140326245609, 19.06905687890012 ] } },
{ "type": "Feature", "properties": { "elevation": 5.0362772941589355, "depth": 1.4698944091796875, "osmid": 632310816, "name": [ "Mahul Road" ] }, "geometry": { "type": "Point", "coordinates": [ 72.889206708354209, 19.021113504372693 ] } },
{ "type": "Feature", "properties": { "elevation": 2.7210214138031006, "depth": 1.2786040306091309, "osmid": 632310816, "name": [ "Mahul Road" ] }, "geometry": { "type": "Point", "coordinates": [ 72.880488123597232, 19.022599929536156 ] } },
{ "type": "Feature", "properties": { "elevation": 2.6897225379943848, "depth": 2.1604032516479492, "osmid": 648922124, "name": [ "Killeshwar Mahadev Mandir Marg" ] }, "geometry": { "type": "Point", "coordinates": [ 72.788318549363709, 19.132403065930003 ] } },
{ "type": "Feature", "properties": { "elevation": 4.6316876411437988, "depth": 1.5588994026184082, "osmid": 667392429, "name": [ "nan" ] }, "geometry": { "type": "Point", "coordinates": [ 72.938918274991636, 19.125297694291156 ] } },
{ "type": "Feature", "properties": { "elevation": 3.7376744747161865, "depth": 2.17726731300354, "osmid": 669253865, "name": [ "nan" ] }, "geometry": { "type": "Point", "coordinates": [ 72.806642794644418, 18.911407435483916 ] } },
{ "type": "Feature", "properties": { "elevation": 3.752352237701416, "depth": 3.443626880645752, "osmid": 674869953, "name": [ "Lady Jamshedji Road" ] }, "geometry": { "type": "Point", "coordinates": [ 72.840274640382702, 19.042619456890399 ] } },
{ "type": "Feature", "properties": { "elevation": 5.7348976135253906, "depth": 1.2104864120483398, "osmid": 700851657, "name": [ "Fosbery Road" ] }, "geometry": { "type": "Point", "coordinates": [ 72.853399027786537, 18.989577902192806 ] } },
{ "type": "Feature", "properties": { "elevation": 2.8299729824066162, "depth": 1.6849148273468018, "osmid": 700851700, "name": [ "Sewri Fort Road" ] }, "geometry": { "type": "Point", "coordinates": [ 72.856846923755214, 18.997691907313005 ] } },
{ "type": "Feature", "properties": { "elevation": 5.7348976135253906, "depth": 1.2104864120483398, "osmid": 700851712, "name": [ "Fosbery Road" ] }, "geometry": { "type": "Point", "coordinates": [ 72.853440162184512, 18.989665145489919 ] } },
{ "type": "Feature", "properties": { "elevation": 5.6525077819824219, "depth": 1.2186784744262695, "osmid": 701118317, "name": [ "Dattaram Lad Path (Kala Chowky Road)" ] }, "geometry": { "type": "Point", "coordinates": [ 72.834129468731774, 18.989282616124505 ] } },
{ "type": "Feature", "properties": { "elevation": 2.8118689060211182, "depth": 2.3551757335662842, "osmid": 768595339, "name": [ "Dr E Moses Marg" ] }, "geometry": { "type": "Point", "coordinates": [ 72.821768616979739, 18.990215246413193 ] } },
{ "type": "Feature", "properties": { "elevation": 3.740736722946167, "depth": 2.0725033283233643, "osmid": 768595339, "name": [ "Dr E Moses Marg" ] }, "geometry": { "type": "Point", "coordinates": [ 72.820976346890575, 18.991655713990912 ] } },
{ "type": "Feature", "properties": { "elevation": 4.0894274711608887, "depth": 2.263425350189209, "osmid": 768599593, "name": [ "Khan Abdul Gaffar Khan Marg" ] }, "geometry": { "type": "Point", "coordinates": [ 72.812041307767458, 18.997149374542946 ] } },
{ "type": "Feature", "properties": { "elevation": 3.2210092544555664, "depth": 1.6971592903137207, "osmid": 768599611, "name": [ "Mumbai Coastal Road - Phase I" ] }, "geometry": { "type": "Point", "coordinates": [ 72.81334990649637, 19.005120142564909 ] } },
{ "type": "Feature", "properties": { "elevation": 5.7946829795837402, "depth": 2.7239384651184082, "osmid": 864905281, "name": [ "Cross Road No 5" ] }, "geometry": { "type": "Point", "coordinates": [ 72.832924409345878, 19.113952821703151 ] } },
{ "type": "Feature", "properties": { "elevation": 5.7946829795837402, "depth": 2.7239384651184082, "osmid": 864905295, "name": [ "Cross Road No 5" ] }, "geometry": { "type": "Point", "coordinates": [ 72.83297518151592, 19.113937956996413 ] } },
{ "type": "Feature", "properties": { "elevation": 3.1992228031158447, "depth": 4.446751594543457, "osmid": 864915101, "name": [ "nan" ] }, "geometry": { "type": "Point", "coordinates": [ 72.833134441760336, 19.112576486596261 ] } },
{ "type": "Feature", "properties": { "elevation": 5.6979165077209473, "depth": 4.7064299583435059, "osmid": 864915215, "name": [ "nan" ] }, "geometry": { "type": "Point", "coordinates": [ 72.831891506070519, 19.113143659290678 ] } },
{ "type": "Feature", "properties": { "elevation": 5.0706729888916016, "depth": 2.3013491630554199, "osmid": 864915240, "name": [ "nan" ] }, "geometry": { "type": "Point", "coordinates": [ 72.833548080305562, 19.112833094086891 ] } },
{ "type": "Feature", "properties": { "elevation": 4.5360703468322754, "depth": 3.1107168197631836, "osmid": 864964228, "name": [ "Gulmohar Road" ] }, "geometry": { "type": "Point", "coordinates": [ 72.834972237699986, 19.115593760960749 ] } },
{ "type": "Feature", "properties": { "elevation": 4.2661347389221191, "depth": 2.1075897216796875, "osmid": 864964228, "name": [ "Gulmohar Road" ] }, "geometry": { "type": "Point", "coordinates": [ 72.836087881924939, 19.114765030639834 ] } },
{ "type": "Feature", "properties": { "elevation": 4.7304792404174805, "depth": 1.5966048240661621, "osmid": 866749863, "name": [ "nan" ] }, "geometry": { "type": "Point", "coordinates": [ 72.826241540418067, 19.117470036813206 ] } },
{ "type": "Feature", "properties": { "elevation": 4.8034710884094238, "depth": 1.5236129760742188, "osmid": 866749863, "name": [ "nan" ] }, "geometry": { "type": "Point", "coordinates": [ 72.825949266201263, 19.117766687584481 ] } },
{ "type": "Feature", "properties": { "elevation": 3.8064982891082764, "depth": 3.5784018039703369, "osmid": 866758851, "name": [ "East West Road No 3" ] }, "geometry": { "type": "Point", "coordinates": [ 72.833202739882068, 19.109923598201096 ] } },
{ "type": "Feature", "properties": { "elevation": 4.0507407188415527, "depth": 2.3067364692687988, "osmid": 866806795, "name": [ "Gulmohar Road" ] }, "geometry": { "type": "Point", "coordinates": [ 72.837103059835499, 19.102612545812931 ] } },
{ "type": "Feature", "properties": { "elevation": 5.4117097854614258, "depth": 1.4421372413635254, "osmid": 884182590, "name": [ "Wamanrao Mahadik Marg" ] }, "geometry": { "type": "Point", "coordinates": [ 72.825394595430495, 19.134519736807782 ] } },
{ "type": "Feature", "properties": { "elevation": 3.0230181217193604, "depth": 2.8489692211151123, "osmid": 884182590, "name": [ "Wamanrao Mahadik Marg" ] }, "geometry": { "type": "Point", "coordinates": [ 72.824187922073051, 19.13474255468098 ] } },
{ "type": "Feature", "properties": { "elevation": 5.8417534828186035, "depth": 1.634516716003418, "osmid": 884364447, "name": [ "nan" ] }, "geometry": { "type": "Point", "coordinates": [ 72.825091309581538, 19.132809780797647 ] } },
{ "type": "Feature", "properties": { "elevation": 1.2971701622009277, "depth": 1.2529776096343994, "osmid": 884365053, "name": [ "Maulana Jiauddin Bukhari Marg" ] }, "geometry": { "type": "Point", "coordinates": [ 72.824659741633852, 19.149608694990487 ] } },
{ "type": "Feature", "properties": { "elevation": 3.2558369636535645, "depth": 1.3219108581542969, "osmid": 884379396, "name": [ "Daya Kishan Sapru Marg" ] }, "geometry": { "type": "Point", "coordinates": [ 72.832288417733892, 19.135086363319758 ] } },
{ "type": "Feature", "properties": { "elevation": 3.2558369636535645, "depth": 1.3219108581542969, "osmid": 884399347, "name": [ "Daya Kishan Sapru Marg" ] }, "geometry": { "type": "Point", "coordinates": [ 72.832327778383259, 19.135095445868991 ] } },
{ "type": "Feature", "properties": { "elevation": -0.91697335243225098, "depth": 2.5161309242248535, "osmid": 884399347, "name": [ "Pandit Askaran Sharma Marg" ] }, "geometry": { "type": "Point", "coordinates": [ 72.832623070307022, 19.137027280104448 ] } },
{ "type": "Feature", "properties": { "elevation": 2.5406816005706787, "depth": 3.8283646106719971, "osmid": 884399489, "name": [ "RTO Road" ] }, "geometry": { "type": "Point", "coordinates": [ 72.831161909637487, 19.132390198459028 ] } },
{ "type": "Feature", "properties": { "elevation": 0.0, "depth": 1.7255896329879761, "osmid": 884467135, "name": "['Sea Beach Road' 'Goma Galli']" }, "geometry": { "type": "Point", "coordinates": [ 72.803485641811861, 19.142930324897801 ] } },
{ "type": "Feature", "properties": { "elevation": 4.4207134246826172, "depth": 2.9216289520263672, "osmid": 1232643956, "name": [ "Road 2" ] }, "geometry": { "type": "Point", "coordinates": [ 72.898563777253358, 19.068689971838449 ] } },
{ "type": "Feature", "properties": { "elevation": 3.9685432910919189, "depth": 1.4310390949249268, "osmid": 1232644316, "name": [ "nan" ] }, "geometry": { "type": "Point", "coordinates": [ 72.892405694473254, 19.067231641497493 ] } },
{ "type": "Feature", "properties": { "elevation": 4.5675091743469238, "depth": 3.5205349922180176, "osmid": 1232644443, "name": [ "nan" ] }, "geometry": { "type": "Point", "coordinates": [ 72.898415664600478, 19.067495495895752 ] } },
{ "type": "Feature", "properties": { "elevation": 5.456207275390625, "depth": 1.51361083984375, "osmid": 1232644505, "name": [ "Amar Mahal Junction Flyover" ] }, "geometry": { "type": "Point", "coordinates": [ 72.900430410916783, 19.066238758787254 ] } },
{ "type": "Feature", "properties": { "elevation": 5.2379465103149414, "depth": 3.5838890075683594, "osmid": 1232644913, "name": "['Shanti Path' 'Road No. 4']" }, "geometry": { "type": "Point", "coordinates": [ 72.906083417086066, 19.070908489286893 ] } },
{ "type": "Feature", "properties": { "elevation": 4.4203214645385742, "depth": 1.747286319732666, "osmid": 1232644913, "name": "['Shanti Path' 'Road No. 4']" }, "geometry": { "type": "Point", "coordinates": [ 72.906915368810942, 19.071431661887761 ] } },
{ "type": "Feature", "properties": { "elevation": 5.9664821624755859, "depth": 3.2857141494750977, "osmid": 1278343377, "name": [ "nan" ] }, "geometry": { "type": "Point", "coordinates": [ 72.810846977945317, 18.901230956125804 ] } },
{ "type": "Feature", "properties": { "elevation": 5.381859302520752, "depth": 2.0770053863525391, "osmid": 1278343815, "name": [ "S Vaswani Road" ] }, "geometry": { "type": "Point", "coordinates": [ 72.818255668495254, 18.913064492092779 ] } },
{ "type": "Feature", "properties": { "elevation": 5.9664821624755859, "depth": 3.2857141494750977, "osmid": 1278343929, "name": [ "nan" ] }, "geometry": { "type": "Point", "coordinates": [ 72.810846329780432, 18.901230909496338 ] } },
{ "type": "Feature", "properties": { "elevation": 5.5765109062194824, "depth": 1.8338146209716797, "osmid": 1278570148, "name": [ "nan" ] }, "geometry": { "type": "Point", "coordinates": [ 72.817477235399451, 18.911918680451336 ] } },
{ "type": "Feature", "properties": { "elevation": 5.3300004005432129, "depth": 2.5038590431213379, "osmid": 1286566730, "name": [ "Sane Guruji Marg" ] }, "geometry": { "type": "Point", "coordinates": [ 72.826442603123652, 18.980620394702186 ] } },
{ "type": "Feature", "properties": { "elevation": 5.5159192085266113, "depth": 2.8236861228942871, "osmid": 1359253455, "name": [ "Swadeshi Mills Road" ] }, "geometry": { "type": "Point", "coordinates": [ 72.871387626992188, 19.054570478453183 ] } },
{ "type": "Feature", "properties": { "elevation": 2.0800533294677734, "depth": 2.1291360855102539, "osmid": 1365949227, "name": [ "Mahim Sion Link Road" ] }, "geometry": { "type": "Point", "coordinates": [ 72.848134051849485, 19.045873093734404 ] } },
{ "type": "Feature", "properties": { "elevation": 3.6428735256195068, "depth": 3.9076268672943115, "osmid": 1365949280, "name": [ "nan" ] }, "geometry": { "type": "Point", "coordinates": [ 72.857531707974886, 19.045751331402833 ] } },
{ "type": "Feature", "properties": { "elevation": 4.8951191902160645, "depth": 1.3167319297790527, "osmid": 1366054221, "name": [ "Somaiya College Road" ] }, "geometry": { "type": "Point", "coordinates": [ 72.897475154315543, 19.074330627026104 ] } },
{ "type": "Feature", "properties": { "elevation": 2.1921999454498291, "depth": 1.9763548374176025, "osmid": 1366794635, "name": [ "V.N. Purav Marg" ] }, "geometry": { "type": "Point", "coordinates": [ 72.95322477112758, 19.02773769590598 ] } },
{ "type": "Feature", "properties": { "elevation": 5.6202478408813477, "depth": 1.6284103393554688, "osmid": 1366857603, "name": [ "Kamgar Nagar Road" ] }, "geometry": { "type": "Point", "coordinates": [ 72.888679805050046, 19.065860660909266 ] } },
{ "type": "Feature", "properties": { "elevation": 5.7115511894226074, "depth": 1.3220009803771973, "osmid": 1366900438, "name": [ "nan" ] }, "geometry": { "type": "Point", "coordinates": [ 72.903199365121964, 19.062021099226051 ] } },
{ "type": "Feature", "properties": { "elevation": 4.8834586143493652, "depth": 2.6787681579589844, "osmid": 1366938348, "name": "['Road 2' 'Road 3']" }, "geometry": { "type": "Point", "coordinates": [ 72.907766540730449, 19.067839159679671 ] } },
{ "type": "Feature", "properties": { "elevation": 5.5889043807983398, "depth": 2.1568727493286133, "osmid": 1398117087, "name": [ "Bandra Kurla Complex Road" ] }, "geometry": { "type": "Point", "coordinates": [ 72.855044622980813, 19.059568781392752 ] } },
{ "type": "Feature", "properties": { "elevation": 5.1572175025939941, "depth": 1.4574594497680664, "osmid": 1448146970, "name": [ "nan" ] }, "geometry": { "type": "Point", "coordinates": [ 72.952025082576597, 19.146567968550762 ] } },
{ "type": "Feature", "properties": { "elevation": 3.2448492050170898, "depth": 1.2531991004943848, "osmid": 1448146970, "name": [ "nan" ] }, "geometry": { "type": "Point", "coordinates": [ 72.950964850018067, 19.144803066079678 ] } },
{ "type": "Feature", "properties": { "elevation": 3.7066688537597656, "depth": 1.3379287719726562, "osmid": 1448146970, "name": [ "nan" ] }, "geometry": { "type": "Point", "coordinates": [ 72.949573538345291, 19.142594484244881 ] } },
{ "type": "Feature", "properties": { "elevation": 2.5, "depth": 3.2373518943786621, "osmid": 1448146970, "name": [ "nan" ] }, "geometry": { "type": "Point", "coordinates": [ 72.947052056555791, 19.138502725440418 ] } },
{ "type": "Feature", "properties": { "elevation": 3.7019333839416504, "depth": 1.4162907600402832, "osmid": 1448146970, "name": [ "nan" ] }, "geometry": { "type": "Point", "coordinates": [ 72.945408130902209, 19.135806574283851 ] } },
{ "type": "Feature", "properties": { "elevation": 4.0728793144226074, "depth": 1.2846570014953613, "osmid": 1448146970, "name": [ "nan" ] }, "geometry": { "type": "Point", "coordinates": [ 72.944275719804537, 19.133924871669823 ] } },
{ "type": "Feature", "properties": { "elevation": 2.0, "depth": 2.7027664184570312, "osmid": 1448146970, "name": [ "nan" ] }, "geometry": { "type": "Point", "coordinates": [ 72.943426411557795, 19.132513600056249 ] } },
{ "type": "Feature", "properties": { "elevation": 2.7822921276092529, "depth": 1.3065540790557861, "osmid": 1448146970, "name": [ "nan" ] }, "geometry": { "type": "Point", "coordinates": [ 72.941182610884908, 19.128739086027068 ] } },
{ "type": "Feature", "properties": { "elevation": 5.8018779754638672, "depth": 1.7122340202331543, "osmid": 1451810003, "name": [ "Pant Nagar Colony Road" ] }, "geometry": { "type": "Point", "coordinates": [ 72.91520467899791, 19.086457550023354 ] } },
{ "type": "Feature", "properties": { "elevation": 5.3058090209960938, "depth": 1.400726318359375, "osmid": 1451814011, "name": [ "Pant Nagar Colony Road" ] }, "geometry": { "type": "Point", "coordinates": [ 72.91383218941948, 19.084777537612169 ] } },
{ "type": "Feature", "properties": { "elevation": 5.3058090209960938, "depth": 1.2919321060180664, "osmid": 1451814011, "name": [ "A.S. Gawde Marg" ] }, "geometry": { "type": "Point", "coordinates": [ 72.913886437230516, 19.084558012473462 ] } },
{ "type": "Feature", "properties": { "elevation": 5.3126091957092285, "depth": 1.4557094573974609, "osmid": 1451833922, "name": [ "nan" ] }, "geometry": { "type": "Point", "coordinates": [ 72.917475409053495, 19.083986360209785 ] } },
{ "type": "Feature", "properties": { "elevation": 4.3946194648742676, "depth": 2.6859641075134277, "osmid": 1451880130, "name": [ "90 Feet Road" ] }, "geometry": { "type": "Point", "coordinates": [ 72.911825429285614, 19.081304048674419 ] } },
{ "type": "Feature", "properties": { "elevation": 5.9568338394165039, "depth": 1.4508161544799805, "osmid": 1451898158, "name": [ "nan" ] }, "geometry": { "type": "Point", "coordinates": [ 72.914944173868065, 19.078611896396538 ] } },
{ "type": "Feature", "properties": { "elevation": 4.421875, "depth": 2.2483606338500977, "osmid": 1451898158, "name": [ "nan" ] }, "geometry": { "type": "Point", "coordinates": [ 72.915809846655762, 19.079487861679006 ] } },
{ "type": "Feature", "properties": { "elevation": 4.421875, "depth": 2.2483606338500977, "osmid": 1451899392, "name": [ "nan" ] }, "geometry": { "type": "Point", "coordinates": [ 72.915799735648321, 19.079475341528994 ] } },
{ "type": "Feature", "properties": { "elevation": 5.9568338394165039, "depth": 1.4508161544799805, "osmid": 1451899392, "name": [ "nan" ] }, "geometry": { "type": "Point", "coordinates": [ 72.914928415751433, 19.078606926529009 ] } },
{ "type": "Feature", "properties": { "elevation": 5.7765903472900391, "depth": 2.1328277587890625, "osmid": 1489511132, "name": [ "Senapati Bapat Marg" ] }, "geometry": { "type": "Point", "coordinates": [ 72.838091965440569, 19.014262236320508 ] } },
{ "type": "Feature", "properties": { "elevation": 5.2360529899597168, "depth": 1.4951062202453613, "osmid": 1634250074, "name": "['Sion Panvel Highway' 'Mankhurd Flyover']" }, "geometry": { "type": "Point", "coordinates": [ 72.937456413895646, 19.051488541266675 ] } },
{ "type": "Feature", "properties": { "elevation": 5.3673338890075684, "depth": 1.3707118034362793, "osmid": 1634250080, "name": [ "nan" ] }, "geometry": { "type": "Point", "coordinates": [ 72.932766855585115, 19.05004179856261 ] } },
{ "type": "Feature", "properties": { "elevation": 5.3706550598144531, "depth": 1.8801140785217285, "osmid": 1642951748, "name": [ "Sewri-Chembur Road" ] }, "geometry": { "type": "Point", "coordinates": [ 72.880259036265997, 19.052510896968368 ] } },
{ "type": "Feature", "properties": { "elevation": 4.9582023620605469, "depth": 1.4716734886169434, "osmid": 1642951851, "name": "['C S M T Kurla Junction Flyover' 'C S T Kurla Junction Flyover']" }, "geometry": { "type": "Point", "coordinates": [ 72.884901417520325, 19.054889951107064 ] } },
{ "type": "Feature", "properties": { "elevation": 5.3555765151977539, "depth": 1.9452652931213379, "osmid": 1642951851, "name": "['C S M T Kurla Junction Flyover' 'C S T Kurla Junction Flyover']" }, "geometry": { "type": "Point", "coordinates": [ 72.886770592450219, 19.056354726207552 ] } },
{ "type": "Feature", "properties": { "elevation": 4.4341034889221191, "depth": 2.6691374778747559, "osmid": 1642951891, "name": "['C S M T Kurla Junction Flyover' 'C S T Kurla Junction Flyover']" }, "geometry": { "type": "Point", "coordinates": [ 72.886578821069847, 19.056024860350973 ] } },
{ "type": "Feature", "properties": { "elevation": 3.8685154914855957, "depth": 2.8574428558349609, "osmid": 1642951891, "name": [ "nan" ] }, "geometry": { "type": "Point", "coordinates": [ 72.889255364901729, 19.05804982252711 ] } },
{ "type": "Feature", "properties": { "elevation": 3.2483329772949219, "depth": 1.3675537109375, "osmid": 1642954383, "name": [ "Sewri-Chembur Road" ] }, "geometry": { "type": "Point", "coordinates": [ 72.877490331730627, 19.050700859085655 ] } },
{ "type": "Feature", "properties": { "elevation": 4.9578909873962402, "depth": 3.200869083404541, "osmid": 1643031072, "name": [ "Pipeline Road" ] }, "geometry": { "type": "Point", "coordinates": [ 72.894656665343732, 19.070439045580283 ] } },
{ "type": "Feature", "properties": { "elevation": 3.10494065284729, "depth": 2.751603364944458, "osmid": 1643351862, "name": [ "nan" ] }, "geometry": { "type": "Point", "coordinates": [ 72.892709804050284, 19.060498677426583 ] } },
{ "type": "Feature", "properties": { "elevation": 5.7891697883605957, "depth": 1.9721693992614746, "osmid": 1643351864, "name": [ "nan" ] }, "geometry": { "type": "Point", "coordinates": [ 72.890227151811587, 19.059280273756784 ] } },
{ "type": "Feature", "properties": { "elevation": 2.8274252414703369, "depth": 1.3971679210662842, "osmid": 1644082876, "name": [ "Eastern Express Highway" ] }, "geometry": { "type": "Point", "coordinates": [ 72.953179447973056, 19.149032388318336 ] } },
{ "type": "Feature", "properties": { "elevation": 3.2620179653167725, "depth": 1.2488491535186768, "osmid": 1644082888, "name": [ "30 Feet Road" ] }, "geometry": { "type": "Point", "coordinates": [ 72.948581670551405, 19.146164946519864 ] } },
{ "type": "Feature", "properties": { "elevation": 4.5368199348449707, "depth": 1.6468005180358887, "osmid": 1644082889, "name": [ "30 Feet Road" ] }, "geometry": { "type": "Point", "coordinates": [ 72.944648516935857, 19.147464153088603 ] } },
{ "type": "Feature", "properties": { "elevation": 4.5368199348449707, "depth": 1.6468005180358887, "osmid": 1644082892, "name": [ "30 Feet Road" ] }, "geometry": { "type": "Point", "coordinates": [ 72.944649270942236, 19.147463841478398 ] } },
{ "type": "Feature", "properties": { "elevation": 5.0424642562866211, "depth": 1.6493768692016602, "osmid": 1644082894, "name": [ "nan" ] }, "geometry": { "type": "Point", "coordinates": [ 72.944047861632384, 19.147289788350555 ] } },
{ "type": "Feature", "properties": { "elevation": 5.171356201171875, "depth": 2.2041459083557129, "osmid": 1644082897, "name": [ "Veer Savarkar Road" ] }, "geometry": { "type": "Point", "coordinates": [ 72.944052181811628, 19.15022675290378 ] } },
{ "type": "Feature", "properties": { "elevation": 4.0820693969726562, "depth": 4.1173686981201172, "osmid": 1644085208, "name": [ "90 Feet Road" ] }, "geometry": { "type": "Point", "coordinates": [ 72.949199522177324, 19.150270573155669 ] } },
{ "type": "Feature", "properties": { "elevation": 5.4037485122680664, "depth": 2.2195367813110352, "osmid": 1644089903, "name": [ "Road Number 1" ] }, "geometry": { "type": "Point", "coordinates": [ 72.933728485247244, 19.109872797301474 ] } },
{ "type": "Feature", "properties": { "elevation": 4.9040665626525879, "depth": 2.460230827331543, "osmid": 1644089919, "name": [ "Road Number 2" ] }, "geometry": { "type": "Point", "coordinates": [ 72.940216076076226, 19.115110138332021 ] } },
{ "type": "Feature", "properties": { "elevation": 5.4476766586303711, "depth": 1.2199740409851074, "osmid": 1644098773, "name": [ "Veer Savarkar Road" ] }, "geometry": { "type": "Point", "coordinates": [ 72.93709607150096, 19.140586433778868 ] } },
{ "type": "Feature", "properties": { "elevation": 5.0169539451599121, "depth": 1.4873027801513672, "osmid": 1644098773, "name": [ "Veer Savarkar Road" ] }, "geometry": { "type": "Point", "coordinates": [ 72.936805009603759, 19.140289743620649 ] } },
{ "type": "Feature", "properties": { "elevation": 1.8527488708496094, "depth": 1.8663454055786133, "osmid": 1645663824, "name": [ "nan" ] }, "geometry": { "type": "Point", "coordinates": [ 72.92372851858994, 18.854830079686767 ] } },
{ "type": "Feature", "properties": { "elevation": 3.3659286499023438, "depth": 2.0669660568237305, "osmid": 1645876418, "name": [ "Senapati Bapat Marg" ] }, "geometry": { "type": "Point", "coordinates": [ 72.836562449162059, 19.012671044402104 ] } },
{ "type": "Feature", "properties": { "elevation": 2.6545376777648926, "depth": 1.4663386344909668, "osmid": 1645876420, "name": [ "Elphinstone Flyover" ] }, "geometry": { "type": "Point", "coordinates": [ 72.832741801230071, 19.008492283432176 ] } },
{ "type": "Feature", "properties": { "elevation": 5.7351808547973633, "depth": 1.4823856353759766, "osmid": 1645876420, "name": [ "Elphinstone Flyover" ] }, "geometry": { "type": "Point", "coordinates": [ 72.832150248740561, 19.007410850298715 ] } },
{ "type": "Feature", "properties": { "elevation": 5.7327218055725098, "depth": 1.9803709983825684, "osmid": 1645876432, "name": [ "Kavi Keshavsut Flyover" ] }, "geometry": { "type": "Point", "coordinates": [ 72.843103049078493, 19.0200294507911 ] } },
{ "type": "Feature", "properties": { "elevation": 1.6220916509628296, "depth": 1.9978224039077759, "osmid": 1645886286, "name": [ "V. S. Matkar Marg" ] }, "geometry": { "type": "Point", "coordinates": [ 72.836012449274108, 19.014220242597847 ] } },
{ "type": "Feature", "properties": { "elevation": 4.5230426788330078, "depth": 1.769805908203125, "osmid": 1647747245, "name": [ "Dharavi Depot Road" ] }, "geometry": { "type": "Point", "coordinates": [ 72.859054596333905, 19.051645127211945 ] } },
{ "type": "Feature", "properties": { "elevation": 3.731086254119873, "depth": 1.4381628036499023, "osmid": 1647747259, "name": [ "Sion Bandra Link Road" ] }, "geometry": { "type": "Point", "coordinates": [ 72.846708600915321, 19.053525702268757 ] } },
{ "type": "Feature", "properties": { "elevation": 1.7851873636245728, "depth": 3.0136184692382812, "osmid": 1648784450, "name": [ "Brig. Usman Marg" ] }, "geometry": { "type": "Point", "coordinates": [ 72.831028396867424, 18.95788144882825 ] } },
{ "type": "Feature", "properties": { "elevation": 5.0571470260620117, "depth": 3.131535530090332, "osmid": 1650361963, "name": [ "Veer Nariman Marg" ] }, "geometry": { "type": "Point", "coordinates": [ 72.823208325264446, 19.015526292261384 ] } },
{ "type": "Feature", "properties": { "elevation": 5.0571470260620117, "depth": 3.131535530090332, "osmid": 1650361967, "name": [ "Veer Nariman Marg" ] }, "geometry": { "type": "Point", "coordinates": [ 72.823205451330679, 19.015536615878712 ] } },
{ "type": "Feature", "properties": { "elevation": 3.5356166362762451, "depth": 1.6484496593475342, "osmid": 1654348887, "name": [ "Tajjushsharia Road" ] }, "geometry": { "type": "Point", "coordinates": [ 72.877930324587851, 19.059510025690972 ] } },
{ "type": "Feature", "properties": { "elevation": 5.1912875175476074, "depth": 1.4813413619995117, "osmid": 1654348910, "name": [ "nan" ] }, "geometry": { "type": "Point", "coordinates": [ 72.884369734090583, 19.060651317342717 ] } },
{ "type": "Feature", "properties": { "elevation": 4.8494143486022949, "depth": 1.6226773262023926, "osmid": 1654348913, "name": [ "A H Wadia Marg" ] }, "geometry": { "type": "Point", "coordinates": [ 72.874534474487277, 19.062078217749306 ] } },
{ "type": "Feature", "properties": { "elevation": 2.8788015842437744, "depth": 1.5352160930633545, "osmid": 1654406861, "name": [ "nan" ] }, "geometry": { "type": "Point", "coordinates": [ 72.834433255493479, 18.990098200619197 ] } },
{ "type": "Feature", "properties": { "elevation": 5.6525077819824219, "depth": 1.2186784744262695, "osmid": 1654406861, "name": [ "Dattaram Lad Path (Kala Chowky Road)" ] }, "geometry": { "type": "Point", "coordinates": [ 72.834133366851859, 18.989286649154277 ] } },
{ "type": "Feature", "properties": { "elevation": 4.281217098236084, "depth": 1.6468038558959961, "osmid": 1654406861, "name": [ "Dattaram Lad Path (Kala Chowky Road)" ] }, "geometry": { "type": "Point", "coordinates": [ 72.833474945084092, 18.988575300443937 ] } },
{ "type": "Feature", "properties": { "elevation": 5.6111059188842773, "depth": 1.3001384735107422, "osmid": 1665624924, "name": [ "Mankhurd - EEH Link Road" ] }, "geometry": { "type": "Point", "coordinates": [ 72.909482630674134, 19.072568400029084 ] } },
{ "type": "Feature", "properties": { "elevation": 4.7604513168334961, "depth": 1.4157247543334961, "osmid": 1665624924, "name": [ "Mankhurd - EEH Link Road" ] }, "geometry": { "type": "Point", "coordinates": [ 72.911428350346085, 19.073937412426851 ] } },
{ "type": "Feature", "properties": { "elevation": 5.6111059188842773, "depth": 1.3001384735107422, "osmid": 1665625322, "name": [ "Service Road" ] }, "geometry": { "type": "Point", "coordinates": [ 72.909446140307097, 19.072560246279192 ] } },
{ "type": "Feature", "properties": { "elevation": 4.1500058174133301, "depth": 1.2615604400634766, "osmid": 1665625665, "name": [ "Veer Savarkar Road" ] }, "geometry": { "type": "Point", "coordinates": [ 72.957957115328099, 19.163117050437211 ] } },
{ "type": "Feature", "properties": { "elevation": 5.8521604537963867, "depth": 2.966547966003418, "osmid": 1683617366, "name": [ "Service Road" ] }, "geometry": { "type": "Point", "coordinates": [ 72.903192616837018, 19.068374663083294 ] } },
{ "type": "Feature", "properties": { "elevation": 4.225304126739502, "depth": 3.6572465896606445, "osmid": 1771168335, "name": [ "nan" ] }, "geometry": { "type": "Point", "coordinates": [ 72.853772656816204, 19.054793380637907 ] } },
{ "type": "Feature", "properties": { "elevation": 5.1935000419616699, "depth": 2.0046281814575195, "osmid": 1771168335, "name": [ "nan" ] }, "geometry": { "type": "Point", "coordinates": [ 72.854086104071484, 19.055069702258795 ] } },
{ "type": "Feature", "properties": { "elevation": 4.1371755599975586, "depth": 1.5767660140991211, "osmid": 1861339112, "name": [ "Service Road" ] }, "geometry": { "type": "Point", "coordinates": [ 72.95967556385429, 19.158208175957693 ] } },
{ "type": "Feature", "properties": { "elevation": 5.3643732070922852, "depth": 2.2247028350830078, "osmid": 1916634184, "name": [ "nan" ] }, "geometry": { "type": "Point", "coordinates": [ 72.821701645184064, 19.123876554037118 ] } },
{ "type": "Feature", "properties": { "elevation": 5.3643732070922852, "depth": 2.2247028350830078, "osmid": 1916634187, "name": [ "nan" ] }, "geometry": { "type": "Point", "coordinates": [ 72.82173551227649, 19.123902422764814 ] } },
{ "type": "Feature", "properties": { "elevation": 3.1316890716552734, "depth": 3.6171879768371582, "osmid": 1916634234, "name": [ "nan" ] }, "geometry": { "type": "Point", "coordinates": [ 72.811059779814187, 19.133139900270731 ] } },
{ "type": "Feature", "properties": { "elevation": 0.0, "depth": 2.3979153633117676, "osmid": 1916634234, "name": [ "nan" ] }, "geometry": { "type": "Point", "coordinates": [ 72.810198221371948, 19.134219134349703 ] } },
{ "type": "Feature", "properties": { "elevation": 0.0, "depth": 4.8711032867431641, "osmid": 1916634234, "name": [ "nan" ] }, "geometry": { "type": "Point", "coordinates": [ 72.809347218947821, 19.135305786634174 ] } },
{ "type": "Feature", "properties": { "elevation": 0.0, "depth": 4.8711032867431641, "osmid": 1916634234, "name": [ "nan" ] }, "geometry": { "type": "Point", "coordinates": [ 72.809072514751051, 19.135616841507606 ] } },
{ "type": "Feature", "properties": { "elevation": 1.3797394037246704, "depth": 4.5295662879943848, "osmid": 1916634234, "name": [ "nan" ] }, "geometry": { "type": "Point", "coordinates": [ 72.808442159503556, 19.136164057485576 ] } },
{ "type": "Feature", "properties": { "elevation": 0.0, "depth": 4.4849085807800293, "osmid": 1916634234, "name": [ "nan" ] }, "geometry": { "type": "Point", "coordinates": [ 72.807354374527719, 19.137025585159378 ] } },
{ "type": "Feature", "properties": { "elevation": 0.0, "depth": 5.0066308975219727, "osmid": 1916634234, "name": [ "nan" ] }, "geometry": { "type": "Point", "coordinates": [ 72.811683135662534, 19.132404077891728 ] } },
{ "type": "Feature", "properties": { "elevation": 4.1179184913635254, "depth": 2.7970438003540039, "osmid": 1916634234, "name": [ "nan" ] }, "geometry": { "type": "Point", "coordinates": [ 72.811941759391487, 19.132080419677774 ] } },
{ "type": "Feature", "properties": { "elevation": 5.9423308372497559, "depth": 1.2430582046508789, "osmid": 1919644798, "name": "['Sea Beach Road' 'Goma Galli']" }, "geometry": { "type": "Point", "coordinates": [ 72.803786488634529, 19.141529889999649 ] } },
{ "type": "Feature", "properties": { "elevation": 0.0, "depth": 1.7255896329879761, "osmid": 1919644798, "name": "['Sea Beach Road' 'Goma Galli']" }, "geometry": { "type": "Point", "coordinates": [ 72.80353506266492, 19.142977894869666 ] } },
{ "type": "Feature", "properties": { "elevation": 4.7269721031188965, "depth": 1.8753242492675781, "osmid": 1920246770, "name": [ "nan" ] }, "geometry": { "type": "Point", "coordinates": [ 72.811278001988171, 19.144342335474771 ] } },
{ "type": "Feature", "properties": { "elevation": 4.9918732643127441, "depth": 1.5296950340270996, "osmid": 1934089148, "name": [ "nan" ] }, "geometry": { "type": "Point", "coordinates": [ 72.813255710147118, 18.909612821090263 ] } },
{ "type": "Feature", "properties": { "elevation": 5.6750078201293945, "depth": 3.8658933639526367, "osmid": 1934768165, "name": [ "Balasaheb Sawant Road" ] }, "geometry": { "type": "Point", "coordinates": [ 72.829594120390453, 19.11745924602576 ] } },
{ "type": "Feature", "properties": { "elevation": 4.463411808013916, "depth": 1.5191354751586914, "osmid": 1936355524, "name": [ "Swami Vivekanand Road" ] }, "geometry": { "type": "Point", "coordinates": [ 72.839005656487174, 19.092450303112965 ] } },
{ "type": "Feature", "properties": { "elevation": 5.913975715637207, "depth": 1.4810214042663574, "osmid": 1936580520, "name": [ "nan" ] }, "geometry": { "type": "Point", "coordinates": [ 72.838361458200211, 19.13299672574345 ] } },
{ "type": "Feature", "properties": { "elevation": 3.4185705184936523, "depth": 2.3204507827758789, "osmid": 1960732236, "name": [ "Eastern Express Highway" ] }, "geometry": { "type": "Point", "coordinates": [ 72.938123629042124, 19.122721476044074 ] } },
{ "type": "Feature", "properties": { "elevation": 4.3724141120910645, "depth": 1.3521013259887695, "osmid": 1960732248, "name": [ "Eastern Express Highway" ] }, "geometry": { "type": "Point", "coordinates": [ 72.941680661464545, 19.130213365292065 ] } },
{ "type": "Feature", "properties": { "elevation": 4.8019871711730957, "depth": 3.0486516952514648, "osmid": 1960732259, "name": [ "Eastern Express Highway" ] }, "geometry": { "type": "Point", "coordinates": [ 72.95791113276789, 19.156137814246161 ] } },
{ "type": "Feature", "properties": { "elevation": 4.4936184883117676, "depth": 1.8910493850708008, "osmid": 1960732259, "name": [ "Eastern Express Highway" ] }, "geometry": { "type": "Point", "coordinates": [ 72.958219059237848, 19.156593964250906 ] } },
{ "type": "Feature", "properties": { "elevation": 4.950859546661377, "depth": 1.2595548629760742, "osmid": 1960732300, "name": [ "Eastern Expressway" ] }, "geometry": { "type": "Point", "coordinates": [ 72.962728950182537, 19.1631118100299 ] } },
{ "type": "Feature", "properties": { "elevation": 5.2525696754455566, "depth": 2.8919367790222168, "osmid": 1960732302, "name": [ "Mulund Flyover" ] }, "geometry": { "type": "Point", "coordinates": [ 72.963334853176008, 19.16419973371287 ] } },
{ "type": "Feature", "properties": { "elevation": 4.0527000427246094, "depth": 1.248171329498291, "osmid": 2125060248, "name": [ "Link Road" ] }, "geometry": { "type": "Point", "coordinates": [ 72.831530791894025, 19.14242924053724 ] } },
{ "type": "Feature", "properties": { "elevation": 4.6727504730224609, "depth": 1.6309924125671387, "osmid": 2134856434, "name": [ "nan" ] }, "geometry": { "type": "Point", "coordinates": [ 72.869473292499293, 19.050061458113575 ] } },
{ "type": "Feature", "properties": { "elevation": 4.7189903259277344, "depth": 4.1477766036987305, "osmid": 2134856435, "name": [ "N S Mankikar Marg" ] }, "geometry": { "type": "Point", "coordinates": [ 72.867683281954228, 19.052409958332838 ] } },
{ "type": "Feature", "properties": { "elevation": 5.2379465103149414, "depth": 3.5838890075683594, "osmid": 2146269444, "name": "['Shanti Path' 'Road No. 4']" }, "geometry": { "type": "Point", "coordinates": [ 72.906014596511426, 19.070865211187844 ] } },
{ "type": "Feature", "properties": { "elevation": 5.3624963760375977, "depth": 4.4887838363647461, "osmid": 2146820649, "name": [ "nan" ] }, "geometry": { "type": "Point", "coordinates": [ 72.79415637900911, 19.143237669607732 ] } },
{ "type": "Feature", "properties": { "elevation": 5.3624963760375977, "depth": 4.4887838363647461, "osmid": 2146820860, "name": [ "nan" ] }, "geometry": { "type": "Point", "coordinates": [ 72.794054619071616, 19.143308185596226 ] } },
{ "type": "Feature", "properties": { "elevation": 3.7296533584594727, "depth": 1.967134952545166, "osmid": 2163559556, "name": [ "Hazarimal Somani Road" ] }, "geometry": { "type": "Point", "coordinates": [ 72.830840774717871, 18.935363642975663 ] } },
{ "type": "Feature", "properties": { "elevation": 4.7650251388549805, "depth": 1.3422760963439941, "osmid": 2176144829, "name": [ "P D' Mello Road" ] }, "geometry": { "type": "Point", "coordinates": [ 72.842500059608426, 18.957077298401408 ] } },
{ "type": "Feature", "properties": { "elevation": 3.5243639945983887, "depth": 2.1683769226074219, "osmid": 2176144837, "name": [ "Eastern Freeway" ] }, "geometry": { "type": "Point", "coordinates": [ 72.843051396184364, 18.959065003619934 ] } },
{ "type": "Feature", "properties": { "elevation": 5.0000872611999512, "depth": 1.54833984375, "osmid": 2216800803, "name": [ "nan" ] }, "geometry": { "type": "Point", "coordinates": [ 72.850280242559009, 18.988782028349547 ] } },
{ "type": "Feature", "properties": { "elevation": 0.0, "depth": 2.226771354675293, "osmid": 2231174981, "name": [ "nan" ] }, "geometry": { "type": "Point", "coordinates": [ 72.95967553235046, 18.851727388583896 ] } },
{ "type": "Feature", "properties": { "elevation": 2.8829684257507324, "depth": 2.1795625686645508, "osmid": 2231175012, "name": [ "nan" ] }, "geometry": { "type": "Point", "coordinates": [ 72.965524139692079, 18.856476470270287 ] } },
{ "type": "Feature", "properties": { "elevation": 4.0584063529968262, "depth": 1.3092279434204102, "osmid": 2231175979, "name": [ "nan" ] }, "geometry": { "type": "Point", "coordinates": [ 72.953880419203315, 18.871715900311681 ] } },
{ "type": "Feature", "properties": { "elevation": 4.5979366302490234, "depth": 2.3640365600585938, "osmid": 2231176240, "name": [ "nan" ] }, "geometry": { "type": "Point", "coordinates": [ 72.948612472363507, 18.872526215444282 ] } },
{ "type": "Feature", "properties": { "elevation": 4.1458673477172852, "depth": 2.8063340187072754, "osmid": 2231177381, "name": [ "nan" ] }, "geometry": { "type": "Point", "coordinates": [ 72.788432205847073, 19.130183067522228 ] } },
{ "type": "Feature", "properties": { "elevation": 5.4152135848999023, "depth": 1.2128968238830566, "osmid": 2231178020, "name": [ "nan" ] }, "geometry": { "type": "Point", "coordinates": [ 72.799140231242987, 19.146539676447112 ] } },
{ "type": "Feature", "properties": { "elevation": 4.8225574493408203, "depth": 3.8302154541015625, "osmid": 2231178024, "name": [ "nan" ] }, "geometry": { "type": "Point", "coordinates": [ 72.790941804953178, 19.15207025007528 ] } },
{ "type": "Feature", "properties": { "elevation": 4.8225574493408203, "depth": 3.8302154541015625, "osmid": 2231178037, "name": [ "nan" ] }, "geometry": { "type": "Point", "coordinates": [ 72.790941534505848, 19.15207196541256 ] } },
{ "type": "Feature", "properties": { "elevation": 3.7500512599945068, "depth": 2.0216963291168213, "osmid": 2231178273, "name": [ "nan" ] }, "geometry": { "type": "Point", "coordinates": [ 72.808827766326246, 19.162219105613271 ] } },
{ "type": "Feature", "properties": { "elevation": 3.7500512599945068, "depth": 2.0216963291168213, "osmid": 2231178305, "name": [ "nan" ] }, "geometry": { "type": "Point", "coordinates": [ 72.80879577873344, 19.162274477081208 ] } },
{ "type": "Feature", "properties": { "elevation": 2.0702853202819824, "depth": 5.256962776184082, "osmid": 2231178477, "name": [ "Danapani Road" ] }, "geometry": { "type": "Point", "coordinates": [ 72.790010843600385, 19.169586784048111 ] } },
{ "type": "Feature", "properties": { "elevation": 2.6795880794525146, "depth": 4.6476602554321289, "osmid": 2231178477, "name": [ "Danapani Road" ] }, "geometry": { "type": "Point", "coordinates": [ 72.79031570533013, 19.169869522121136 ] } },
{ "type": "Feature", "properties": { "elevation": 3.2300469875335693, "depth": 3.73720383644104, "osmid": 2231178477, "name": [ "Danapani Road" ] }, "geometry": { "type": "Point", "coordinates": [ 72.790596792189049, 19.170175845848174 ] } },
{ "type": "Feature", "properties": { "elevation": 2.3285388946533203, "depth": 4.6387119293212891, "osmid": 2231178477, "name": [ "Danapani Road" ] }, "geometry": { "type": "Point", "coordinates": [ 72.790945977502091, 19.170404332028689 ] } },
{ "type": "Feature", "properties": { "elevation": 4.7824883460998535, "depth": 2.3616504669189453, "osmid": 2233045184, "name": [ "nan" ] }, "geometry": { "type": "Point", "coordinates": [ 72.915774901917928, 18.877779611628121 ] } },
{ "type": "Feature", "properties": { "elevation": 2.855987548828125, "depth": 2.3448066711425781, "osmid": 2233045184, "name": [ "nan" ] }, "geometry": { "type": "Point", "coordinates": [ 72.915454347167469, 18.878047786568857 ] } },
{ "type": "Feature", "properties": { "elevation": 0.0, "depth": 4.6258306503295898, "osmid": 2233045184, "name": [ "nan" ] }, "geometry": { "type": "Point", "coordinates": [ 72.91520777533448, 18.8785314131969 ] } },
{ "type": "Feature", "properties": { "elevation": 0.0, "depth": 3.5563337802886963, "osmid": 2233045332, "name": [ "nan" ] }, "geometry": { "type": "Point", "coordinates": [ 72.914309611516458, 18.880166532424187 ] } },
{ "type": "Feature", "properties": { "elevation": 5.0536231994628906, "depth": 1.937807559967041, "osmid": 2233045426, "name": [ "nan" ] }, "geometry": { "type": "Point", "coordinates": [ 72.914601978760132, 18.882382043962 ] } },
{ "type": "Feature", "properties": { "elevation": 5.7888050079345703, "depth": 1.2026257514953613, "osmid": 2233045529, "name": [ "nan" ] }, "geometry": { "type": "Point", "coordinates": [ 72.914599528946752, 18.882421712094931 ] } },
{ "type": "Feature", "properties": { "elevation": 3.2730090618133545, "depth": 4.22479248046875, "osmid": 2233045603, "name": [ "nan" ] }, "geometry": { "type": "Point", "coordinates": [ 72.912608744953118, 18.883937708323803 ] } },
{ "type": "Feature", "properties": { "elevation": 5.637364387512207, "depth": 2.2551059722900391, "osmid": 2233045618, "name": [ "Bajarpur Rd" ] }, "geometry": { "type": "Point", "coordinates": [ 72.913135726752287, 18.884698682410651 ] } },
{ "type": "Feature", "properties": { "elevation": 5.351956844329834, "depth": 6.4137349128723145, "osmid": 2233046498, "name": [ "nan" ] }, "geometry": { "type": "Point", "coordinates": [ 72.913737421480832, 18.901642760161231 ] } },
{ "type": "Feature", "properties": { "elevation": 5.377476692199707, "depth": 3.4711952209472656, "osmid": 2233046573, "name": [ "nan" ] }, "geometry": { "type": "Point", "coordinates": [ 72.919086150589891, 18.909029237638215 ] } },
{ "type": "Feature", "properties": { "elevation": 5.0006380081176758, "depth": 4.9409008026123047, "osmid": 2233046573, "name": [ "nan" ] }, "geometry": { "type": "Point", "coordinates": [ 72.919325084893103, 18.909349526610992 ] } },
{ "type": "Feature", "properties": { "elevation": 4.2802567481994629, "depth": 2.8750371932983398, "osmid": 2233224796, "name": [ "nan" ] }, "geometry": { "type": "Point", "coordinates": [ 72.916002281988227, 18.902479238137996 ] } },
{ "type": "Feature", "properties": { "elevation": 5.3552007675170898, "depth": 2.2516303062438965, "osmid": 2233224796, "name": [ "nan" ] }, "geometry": { "type": "Point", "coordinates": [ 72.916285960499479, 18.902781958927434 ] } },
{ "type": "Feature", "properties": { "elevation": 4.2802567481994629, "depth": 2.2996468544006348, "osmid": 2233224796, "name": [ "nan" ] }, "geometry": { "type": "Point", "coordinates": [ 72.915866017424378, 18.902693867339426 ] } },
{ "type": "Feature", "properties": { "elevation": 5.3552007675170898, "depth": 2.2516303062438965, "osmid": 2233224846, "name": [ "nan" ] }, "geometry": { "type": "Point", "coordinates": [ 72.916290385863348, 18.902787389489717 ] } },
{ "type": "Feature", "properties": { "elevation": 4.2802567481994629, "depth": 2.8750371932983398, "osmid": 2233224846, "name": [ "nan" ] }, "geometry": { "type": "Point", "coordinates": [ 72.916007397949045, 18.90248408807452 ] } },
{ "type": "Feature", "properties": { "elevation": 2.847111701965332, "depth": 5.7535839080810547, "osmid": 2233224874, "name": [ "nan" ] }, "geometry": { "type": "Point", "coordinates": [ 72.917114210065947, 18.90497694243528 ] } },
{ "type": "Feature", "properties": { "elevation": 3.2750592231750488, "depth": 2.7465958595275879, "osmid": 2233224874, "name": [ "nan" ] }, "geometry": { "type": "Point", "coordinates": [ 72.917445344654382, 18.90557655825878 ] } },
{ "type": "Feature", "properties": { "elevation": 3.2750592231750488, "depth": 2.7465958595275879, "osmid": 2233224900, "name": [ "nan" ] }, "geometry": { "type": "Point", "coordinates": [ 72.917436304874485, 18.905559858099963 ] } },
{ "type": "Feature", "properties": { "elevation": 2.847111701965332, "depth": 5.7535839080810547, "osmid": 2233224900, "name": [ "nan" ] }, "geometry": { "type": "Point", "coordinates": [ 72.917104814616152, 18.904960421081867 ] } },
{ "type": "Feature", "properties": { "elevation": 5.1670389175415039, "depth": 1.436983585357666, "osmid": 2233224900, "name": [ "nan" ] }, "geometry": { "type": "Point", "coordinates": [ 72.916609689445423, 18.904137664047919 ] } },
{ "type": "Feature", "properties": { "elevation": 5.377476692199707, "depth": 3.4711952209472656, "osmid": 2233225005, "name": [ "nan" ] }, "geometry": { "type": "Point", "coordinates": [ 72.91911297520636, 18.909103018804373 ] } },
{ "type": "Feature", "properties": { "elevation": 4.5370006561279297, "depth": 1.3898849487304688, "osmid": 2233498341, "name": [ "nan" ] }, "geometry": { "type": "Point", "coordinates": [ 72.969329043516339, 18.876848683354734 ] } },
{ "type": "Feature", "properties": { "elevation": 5.8655900955200195, "depth": 1.2121005058288574, "osmid": 2233498902, "name": [ "Panvel Uran Road" ] }, "geometry": { "type": "Point", "coordinates": [ 72.942284317298245, 18.87970593704441 ] } },
{ "type": "Feature", "properties": { "elevation": 2.2915108203887939, "depth": 1.589378833770752, "osmid": 2233499256, "name": [ "nan" ] }, "geometry": { "type": "Point", "coordinates": [ 72.938753765512743, 18.883166746695366 ] } },
{ "type": "Feature", "properties": { "elevation": 4.9033536911010742, "depth": 1.7726030349731445, "osmid": 2233499421, "name": [ "nan" ] }, "geometry": { "type": "Point", "coordinates": [ 72.93338825583389, 18.881787431632677 ] } },
{ "type": "Feature", "properties": { "elevation": 3.1127347946166992, "depth": 1.4157023429870605, "osmid": 2233500461, "name": [ "nan" ] }, "geometry": { "type": "Point", "coordinates": [ 72.933856703612378, 18.894047320110758 ] } },
{ "type": "Feature", "properties": { "elevation": 3.1127347946166992, "depth": 1.4157023429870605, "osmid": 2233500632, "name": [ "nan" ] }, "geometry": { "type": "Point", "coordinates": [ 72.933840927397881, 18.894089051907173 ] } },
{ "type": "Feature", "properties": { "elevation": 2.4115922451019287, "depth": 1.5730063915252686, "osmid": 2233576729, "name": [ "nan" ] }, "geometry": { "type": "Point", "coordinates": [ 72.963033078318531, 18.882680232955195 ] } },
{ "type": "Feature", "properties": { "elevation": 1.3333017826080322, "depth": 1.410322904586792, "osmid": 2233576767, "name": [ "Panvel Uran Road" ] }, "geometry": { "type": "Point", "coordinates": [ 72.962908574246498, 18.883773548217846 ] } },
{ "type": "Feature", "properties": { "elevation": 1.3333017826080322, "depth": 1.410322904586792, "osmid": 2233576823, "name": [ "Panvel Uran Road" ] }, "geometry": { "type": "Point", "coordinates": [ 72.962940359948021, 18.883797535997147 ] } },
{ "type": "Feature", "properties": { "elevation": 4.2727646827697754, "depth": 1.6599888801574707, "osmid": 2233576905, "name": [ "nan" ] }, "geometry": { "type": "Point", "coordinates": [ 72.964468984117985, 18.886801259819588 ] } },
{ "type": "Feature", "properties": { "elevation": 1.7663874626159668, "depth": 1.8258602619171143, "osmid": 2233577014, "name": [ "Panvel Uran Road" ] }, "geometry": { "type": "Point", "coordinates": [ 72.970239999615558, 18.889305063638112 ] } },
{ "type": "Feature", "properties": { "elevation": 2.5586884021759033, "depth": 1.3439595699310303, "osmid": 2233577014, "name": [ "Panvel Uran Road" ] }, "geometry": { "type": "Point", "coordinates": [ 72.971693108237588, 18.890395639841323 ] } },
{ "type": "Feature", "properties": { "elevation": -0.46747511625289917, "depth": 6.017035961151123, "osmid": 2233650675, "name": [ "nan" ] }, "geometry": { "type": "Point", "coordinates": [ 72.843972297730048, 19.172930298428181 ] } },
{ "type": "Feature", "properties": { "elevation": -0.46747511625289917, "depth": 6.017035961151123, "osmid": 2233650685, "name": [ "nan" ] }, "geometry": { "type": "Point", "coordinates": [ 72.844036341867238, 19.172900873648249 ] } },
{ "type": "Feature", "properties": { "elevation": 1.8983089923858643, "depth": 1.283909797668457, "osmid": 2236470888, "name": [ "Panvel Uran Road" ] }, "geometry": { "type": "Point", "coordinates": [ 72.97311039654943, 18.891459309144498 ] } },
{ "type": "Feature", "properties": { "elevation": 2.5586884021759033, "depth": 1.3439595699310303, "osmid": 2236470888, "name": [ "Panvel Uran Road" ] }, "geometry": { "type": "Point", "coordinates": [ 72.971657269121295, 18.890368742427118 ] } },
{ "type": "Feature", "properties": { "elevation": 1.8046813011169434, "depth": 1.6263234615325928, "osmid": 2236471179, "name": [ "nan" ] }, "geometry": { "type": "Point", "coordinates": [ 72.964306764076753, 18.894644238855019 ] } },
{ "type": "Feature", "properties": { "elevation": 4.9763174057006836, "depth": 4.5510625839233398, "osmid": 2236471352, "name": [ "nan" ] }, "geometry": { "type": "Point", "coordinates": [ 72.972174527903562, 18.896665827163183 ] } },
{ "type": "Feature", "properties": { "elevation": 4.9763174057006836, "depth": 4.5510625839233398, "osmid": 2236471442, "name": [ "nan" ] }, "geometry": { "type": "Point", "coordinates": [ 72.972181698820719, 18.896671346064863 ] } },
{ "type": "Feature", "properties": { "elevation": 3.7915928363800049, "depth": 1.2082993984222412, "osmid": 2236471547, "name": [ "nan" ] }, "geometry": { "type": "Point", "coordinates": [ 72.970574901664492, 18.897867799975913 ] } },
{ "type": "Feature", "properties": { "elevation": 3.7383582592010498, "depth": 2.4269917011260986, "osmid": 2236471567, "name": [ "nan" ] }, "geometry": { "type": "Point", "coordinates": [ 72.970576098427955, 18.898206927457032 ] } },
{ "type": "Feature", "properties": { "elevation": 3.7383582592010498, "depth": 2.0225918292999268, "osmid": 2236471567, "name": [ "nan" ] }, "geometry": { "type": "Point", "coordinates": [ 72.970588737797655, 18.898400882644129 ] } },
{ "type": "Feature", "properties": { "elevation": 3.7383582592010498, "depth": 2.0225918292999268, "osmid": 2236471575, "name": [ "nan" ] }, "geometry": { "type": "Point", "coordinates": [ 72.970610015364741, 18.898415286891503 ] } },
{ "type": "Feature", "properties": { "elevation": 3.7383582592010498, "depth": 2.4269917011260986, "osmid": 2236471575, "name": [ "nan" ] }, "geometry": { "type": "Point", "coordinates": [ 72.970561295978641, 18.898227400037374 ] } },
{ "type": "Feature", "properties": { "elevation": -3.8236722946166992, "depth": 2.5088934898376465, "osmid": 2236784642, "name": [ "nan" ] }, "geometry": { "type": "Point", "coordinates": [ 72.953425361238956, 18.901380331375595 ] } },
{ "type": "Feature", "properties": { "elevation": 1.6292033195495605, "depth": 1.7378478050231934, "osmid": 2236784644, "name": [ "nan" ] }, "geometry": { "type": "Point", "coordinates": [ 72.950448133125022, 18.906298255919921 ] } },
{ "type": "Feature", "properties": { "elevation": 1.949968695640564, "depth": 2.2241778373718262, "osmid": 2236784644, "name": [ "nan" ] }, "geometry": { "type": "Point", "coordinates": [ 72.950124563040589, 18.90690009009942 ] } },
{ "type": "Feature", "properties": { "elevation": 2.271059513092041, "depth": 2.0323858261108398, "osmid": 2236784644, "name": [ "nan" ] }, "geometry": { "type": "Point", "coordinates": [ 72.949880480278111, 18.907389730908388 ] } },
{ "type": "Feature", "properties": { "elevation": 3.7810027599334717, "depth": 1.4913103580474854, "osmid": 2236784836, "name": [ "nan" ] }, "geometry": { "type": "Point", "coordinates": [ 72.971179063754207, 18.920721291763801 ] } },
{ "type": "Feature", "properties": { "elevation": 4.1551885604858398, "depth": 1.8130741119384766, "osmid": 2236784836, "name": [ "nan" ] }, "geometry": { "type": "Point", "coordinates": [ 72.969713029544195, 18.921556126317938 ] } },
{ "type": "Feature", "properties": { "elevation": 1.8537764549255371, "depth": 1.5904631614685059, "osmid": 2237026131, "name": [ "nan" ] }, "geometry": { "type": "Point", "coordinates": [ 72.940470765238871, 19.143930092853797 ] } },
{ "type": "Feature", "properties": { "elevation": 5.0319266319274902, "depth": 1.8799676895141602, "osmid": 2237026131, "name": [ "Veer Savarkar Road" ] }, "geometry": { "type": "Point", "coordinates": [ 72.939888504676659, 19.143535755353977 ] } },
{ "type": "Feature", "properties": { "elevation": 5.5319976806640625, "depth": 2.9559764862060547, "osmid": 2237026174, "name": [ "nan" ] }, "geometry": { "type": "Point", "coordinates": [ 72.94038408619457, 19.146572660290971 ] } },
{ "type": "Feature", "properties": { "elevation": 3.4489407539367676, "depth": 3.5848851203918457, "osmid": 2237026179, "name": [ "nan" ] }, "geometry": { "type": "Point", "coordinates": [ 72.942077443518116, 19.149137515100055 ] } },
{ "type": "Feature", "properties": { "elevation": 5.8566408157348633, "depth": 2.1147418022155762, "osmid": 2241633791, "name": [ "Nahur Road" ] }, "geometry": { "type": "Point", "coordinates": [ 72.949623347203669, 19.162117608403598 ] } },
{ "type": "Feature", "properties": { "elevation": 0.0, "depth": 6.5861110687255859, "osmid": 2241842158, "name": [ "nan" ] }, "geometry": { "type": "Point", "coordinates": [ 72.817255274468934, 18.903722757623484 ] } },
{ "type": "Feature", "properties": { "elevation": 5.368222713470459, "depth": 1.8562531471252441, "osmid": 2241842382, "name": [ "nan" ] }, "geometry": { "type": "Point", "coordinates": [ 72.809176425230959, 18.911820092418058 ] } },
{ "type": "Feature", "properties": { "elevation": 3.1961803436279297, "depth": 4.8362522125244141, "osmid": 2244632844, "name": [ "P D' Mello Road" ] }, "geometry": { "type": "Point", "coordinates": [ 72.841973933652469, 18.95444983989179 ] } },
{ "type": "Feature", "properties": { "elevation": 4.6223835945129395, "depth": 3.7040019035339355, "osmid": 2244637004, "name": [ "Santa Cruz – Chembur Link Road" ] }, "geometry": { "type": "Point", "coordinates": [ 72.861898673751014, 19.071523147966236 ] } },
{ "type": "Feature", "properties": { "elevation": 2.4949524402618408, "depth": 5.5982294082641602, "osmid": 2244637007, "name": [ "Vidhya Nagari Street" ] }, "geometry": { "type": "Point", "coordinates": [ 72.862075546982865, 19.073333535547885 ] } },
{ "type": "Feature", "properties": { "elevation": 5.9190893173217773, "depth": 3.8458356857299805, "osmid": 2244637089, "name": [ "Kalina Kurla Road" ] }, "geometry": { "type": "Point", "coordinates": [ 72.870863611725596, 19.081409060354783 ] } },
{ "type": "Feature", "properties": { "elevation": 4.7314591407775879, "depth": 2.095827579498291, "osmid": 2244783854, "name": [ "M T Ansari Road (Arab Lane)" ] }, "geometry": { "type": "Point", "coordinates": [ 72.823635038014686, 18.963406531717137 ] } },
{ "type": "Feature", "properties": { "elevation": -1.1603939533233643, "depth": 5.763585090637207, "osmid": 2244784030, "name": [ "J Boman Behram Marg" ] }, "geometry": { "type": "Point", "coordinates": [ 72.823597590286028, 18.968344769096415 ] } },
{ "type": "Feature", "properties": { "elevation": 3.7446861267089844, "depth": 1.7567224502563477, "osmid": 2244784242, "name": [ "Sane Guruji Marg" ] }, "geometry": { "type": "Point", "coordinates": [ 72.821711146660462, 18.975414199323076 ] } },
{ "type": "Feature", "properties": { "elevation": 3.6003715991973877, "depth": 3.6376473903656006, "osmid": 2244797772, "name": [ "nan" ] }, "geometry": { "type": "Point", "coordinates": [ 72.849786498898453, 19.081916728098506 ] } },
{ "type": "Feature", "properties": { "elevation": 5.5314846038818359, "depth": 1.2959461212158203, "osmid": 2245075537, "name": [ "nan" ] }, "geometry": { "type": "Point", "coordinates": [ 72.916209913312997, 19.09199435700592 ] } },
{ "type": "Feature", "properties": { "elevation": 5.5879397392272949, "depth": 1.7994980812072754, "osmid": 2245075908, "name": [ "Ramakant Deshmukh Marg" ] }, "geometry": { "type": "Point", "coordinates": [ 72.934504255813792, 19.115646818638865 ] } },
{ "type": "Feature", "properties": { "elevation": 5.6885313987731934, "depth": 1.2433075904846191, "osmid": 2246471663, "name": [ "Prakash Thorat Marg" ] }, "geometry": { "type": "Point", "coordinates": [ 72.90372808307194, 19.061624915914813 ] } },
{ "type": "Feature", "properties": { "elevation": 5.010319709777832, "depth": 1.3829345703125, "osmid": 2246471934, "name": [ "nan" ] }, "geometry": { "type": "Point", "coordinates": [ 72.874896357360853, 19.064576538717709 ] } },
{ "type": "Feature", "properties": { "elevation": 2.6892454624176025, "depth": 2.7765543460845947, "osmid": 2246471941, "name": [ "nan" ] }, "geometry": { "type": "Point", "coordinates": [ 72.874825823075554, 19.064888372423805 ] } },
{ "type": "Feature", "properties": { "elevation": 5.010319709777832, "depth": 1.3829345703125, "osmid": 2246471941, "name": [ "nan" ] }, "geometry": { "type": "Point", "coordinates": [ 72.874888763849995, 19.064578996253953 ] } },
{ "type": "Feature", "properties": { "elevation": 5.6935844421386719, "depth": 2.3075132369995117, "osmid": 2246471980, "name": [ "nan" ] }, "geometry": { "type": "Point", "coordinates": [ 72.886685251319477, 19.059677644356857 ] } },
{ "type": "Feature", "properties": { "elevation": 5.3860816955566406, "depth": 2.2154827117919922, "osmid": 2246472016, "name": [ "nan" ] }, "geometry": { "type": "Point", "coordinates": [ 72.893864999478751, 19.065888943339374 ] } },
{ "type": "Feature", "properties": { "elevation": 5.3860816955566406, "depth": 2.2154827117919922, "osmid": 2246472025, "name": [ "nan" ] }, "geometry": { "type": "Point", "coordinates": [ 72.893835461507834, 19.065885199755026 ] } },
{ "type": "Feature", "properties": { "elevation": 4.185309886932373, "depth": 2.7559576034545898, "osmid": 2246472177, "name": [ "nan" ] }, "geometry": { "type": "Point", "coordinates": [ 72.880863242028411, 19.069755234419244 ] } },
{ "type": "Feature", "properties": { "elevation": 1.423206090927124, "depth": 1.3941082954406738, "osmid": 2246472366, "name": [ "Lal Bahadur Shastri Marg" ] }, "geometry": { "type": "Point", "coordinates": [ 72.875496065432714, 19.070818765876009 ] } },
{ "type": "Feature", "properties": { "elevation": 5.8550100326538086, "depth": 1.9896259307861328, "osmid": 2246472717, "name": [ "Nathani Road" ] }, "geometry": { "type": "Point", "coordinates": [ 72.889881456800026, 19.078841416094523 ] } },
{ "type": "Feature", "properties": { "elevation": 1.6314126253128052, "depth": 3.7485475540161133, "osmid": 2246472820, "name": [ "nan" ] }, "geometry": { "type": "Point", "coordinates": [ 72.916963621276878, 19.083267466201502 ] } },
{ "type": "Feature", "properties": { "elevation": 5.3126091957092285, "depth": 1.4557094573974609, "osmid": 2246472852, "name": [ "nan" ] }, "geometry": { "type": "Point", "coordinates": [ 72.917469194737265, 19.084005380539676 ] } },
{ "type": "Feature", "properties": { "elevation": 4.7561745643615723, "depth": 1.202204704284668, "osmid": 2246472917, "name": [ "nan" ] }, "geometry": { "type": "Point", "coordinates": [ 72.877872654333473, 19.085698318771843 ] } },
{ "type": "Feature", "properties": { "elevation": 4.7561745643615723, "depth": 1.202204704284668, "osmid": 2246473020, "name": [ "nan" ] }, "geometry": { "type": "Point", "coordinates": [ 72.877916702703189, 19.085750375930221 ] } },
{ "type": "Feature", "properties": { "elevation": 5.7481822967529297, "depth": 6.7260732650756836, "osmid": 2246473137, "name": [ "Ram Narayan Narkar marg" ] }, "geometry": { "type": "Point", "coordinates": [ 72.912839903892632, 19.088687401247508 ] } },
{ "type": "Feature", "properties": { "elevation": 5.8700399398803711, "depth": 2.7763862609863281, "osmid": 2246473687, "name": [ "Eastern Express Highway" ] }, "geometry": { "type": "Point", "coordinates": [ 72.936457513642821, 19.1186914081715 ] } },
{ "type": "Feature", "properties": { "elevation": 4.8454041481018066, "depth": 4.2137417793273926, "osmid": 2246660987, "name": [ "Bhiva Bapu Magre Marg" ] }, "geometry": { "type": "Point", "coordinates": [ 72.88163427283726, 19.060874750337447 ] } },
{ "type": "Feature", "properties": { "elevation": 5.2405819892883301, "depth": 2.2177772521972656, "osmid": 2246851472, "name": [ "nan" ] }, "geometry": { "type": "Point", "coordinates": [ 72.939114175083404, 19.114082857885844 ] } },
{ "type": "Feature", "properties": { "elevation": 5.3351202011108398, "depth": 2.4879727363586426, "osmid": 2246851562, "name": [ "nan" ] }, "geometry": { "type": "Point", "coordinates": [ 72.938193760722157, 19.117064567241194 ] } },
{ "type": "Feature", "properties": { "elevation": 5.5610971450805664, "depth": 2.3990864753723145, "osmid": 2246851726, "name": [ "nan" ] }, "geometry": { "type": "Point", "coordinates": [ 72.940777065290277, 19.121503539715363 ] } },
{ "type": "Feature", "properties": { "elevation": 4.0059208869934082, "depth": 1.4012260437011719, "osmid": 2247988740, "name": [ "nan" ] }, "geometry": { "type": "Point", "coordinates": [ 72.873371883957773, 19.039107067260524 ] } },
{ "type": "Feature", "properties": { "elevation": 4.469398021697998, "depth": 1.2366881370544434, "osmid": 2247988832, "name": [ "nan" ] }, "geometry": { "type": "Point", "coordinates": [ 72.872674397829527, 19.0412881372269 ] } },
{ "type": "Feature", "properties": { "elevation": 4.1773900985717773, "depth": 2.9234490394592285, "osmid": 2247988843, "name": [ "nan" ] }, "geometry": { "type": "Point", "coordinates": [ 72.871880481323032, 19.042056754790313 ] } },
{ "type": "Feature", "properties": { "elevation": 4.4689016342163086, "depth": 1.7101755142211914, "osmid": 2247988924, "name": [ "nan" ] }, "geometry": { "type": "Point", "coordinates": [ 72.872395995114701, 19.044855365598124 ] } },
{ "type": "Feature", "properties": { "elevation": 4.8044047355651855, "depth": 2.5226130485534668, "osmid": 2248801625, "name": [ "nan" ] }, "geometry": { "type": "Point", "coordinates": [ 72.890363773190316, 19.050432520633116 ] } },
{ "type": "Feature", "properties": { "elevation": 1.5467610359191895, "depth": 2.7312164306640625, "osmid": 2248801638, "name": [ "Maharashtra Nagar Road" ] }, "geometry": { "type": "Point", "coordinates": [ 72.938530098120935, 19.049682269137143 ] } },
{ "type": "Feature", "properties": { "elevation": 3.9008831977844238, "depth": 1.5410881042480469, "osmid": 2248801763, "name": [ "nan" ] }, "geometry": { "type": "Point", "coordinates": [ 72.890283516236892, 19.050900571369883 ] } },
{ "type": "Feature", "properties": { "elevation": 4.8044047355651855, "depth": 2.5226130485534668, "osmid": 2248801763, "name": [ "nan" ] }, "geometry": { "type": "Point", "coordinates": [ 72.89039764939524, 19.050419278373742 ] } },
{ "type": "Feature", "properties": { "elevation": 3.9008831977844238, "depth": 1.5410881042480469, "osmid": 2248801924, "name": [ "nan" ] }, "geometry": { "type": "Point", "coordinates": [ 72.890285200847885, 19.050906020155722 ] } },
{ "type": "Feature", "properties": { "elevation": 2.2157218456268311, "depth": 2.0550520420074463, "osmid": 2248801932, "name": [ "nan" ] }, "geometry": { "type": "Point", "coordinates": [ 72.923591644823347, 19.051378787560765 ] } },
{ "type": "Feature", "properties": { "elevation": 2.8061435222625732, "depth": 2.7276556491851807, "osmid": 2248802330, "name": [ "nan" ] }, "geometry": { "type": "Point", "coordinates": [ 72.93278265351907, 19.054698927117823 ] } },
{ "type": "Feature", "properties": { "elevation": 2.8061435222625732, "depth": 2.7276556491851807, "osmid": 2248802353, "name": [ "nan" ] }, "geometry": { "type": "Point", "coordinates": [ 72.932707493374025, 19.054742246148447 ] } },
{ "type": "Feature", "properties": { "elevation": 5.5943078994750977, "depth": 3.7130022048950195, "osmid": 2248802384, "name": [ "D P Road" ] }, "geometry": { "type": "Point", "coordinates": [ 72.922317764840912, 19.055649130696608 ] } },
{ "type": "Feature", "properties": { "elevation": 5.1984758377075195, "depth": 1.3000760078430176, "osmid": 2248802487, "name": [ "nan" ] }, "geometry": { "type": "Point", "coordinates": [ 72.935989485307118, 19.056933445047399 ] } },
{ "type": "Feature", "properties": { "elevation": 3.8292779922485352, "depth": 1.8022541999816895, "osmid": 2248802498, "name": [ "nan" ] }, "geometry": { "type": "Point", "coordinates": [ 72.924732495211927, 19.056449864477511 ] } },
{ "type": "Feature", "properties": { "elevation": 5.6864051818847656, "depth": 5.4396581649780273, "osmid": 2248802537, "name": [ "nan" ] }, "geometry": { "type": "Point", "coordinates": [ 72.882531835368312, 19.057908644494475 ] } },
{ "type": "Feature", "properties": { "elevation": 4.6487174034118652, "depth": 1.4294009208679199, "osmid": 2248802775, "name": [ "Bhiva Bapu Magre Marg" ] }, "geometry": { "type": "Point", "coordinates": [ 72.880392698175655, 19.062789068921546 ] } },
{ "type": "Feature", "properties": { "elevation": 3.2462210655212402, "depth": 1.5962405204772949, "osmid": 2250795778, "name": [ "nan" ] }, "geometry": { "type": "Point", "coordinates": [ 72.845752626768402, 19.053995244765225 ] } },
{ "type": "Feature", "properties": { "elevation": 1.4409457445144653, "depth": 2.8763599395751953, "osmid": 2250825435, "name": [ "Service Road" ] }, "geometry": { "type": "Point", "coordinates": [ 72.845965278862792, 19.08433467357348 ] } },
{ "type": "Feature", "properties": { "elevation": 4.9886617660522461, "depth": 1.3868474960327148, "osmid": 2250825469, "name": [ "nan" ] }, "geometry": { "type": "Point", "coordinates": [ 72.84476983691512, 19.0869552573308 ] } },
{ "type": "Feature", "properties": { "elevation": 5.994147777557373, "depth": 1.2992076873779297, "osmid": 2258304411, "name": [ "Lalbaug Flyover" ] }, "geometry": { "type": "Point", "coordinates": [ 72.834754556307161, 18.981990951273453 ] } },
{ "type": "Feature", "properties": { "elevation": 5.2081809043884277, "depth": 1.7308549880981445, "osmid": 2258304514, "name": [ "Eastern Express Highway" ] }, "geometry": { "type": "Point", "coordinates": [ 72.858653402257545, 19.032118196877335 ] } },
{ "type": "Feature", "properties": { "elevation": 4.1784543991088867, "depth": 2.0487704277038574, "osmid": 2264152068, "name": [ "nan" ] }, "geometry": { "type": "Point", "coordinates": [ 72.919782047530944, 19.083002720338648 ] } },
{ "type": "Feature", "properties": { "elevation": 4.7566361427307129, "depth": 1.4737191200256348, "osmid": 2264152068, "name": [ "nan" ] }, "geometry": { "type": "Point", "coordinates": [ 72.920050033811691, 19.083319403363685 ] } },
{ "type": "Feature", "properties": { "elevation": 3.7161777019500732, "depth": 2.4784314632415771, "osmid": 2264152068, "name": [ "Ghatkopar Flyover" ] }, "geometry": { "type": "Point", "coordinates": [ 72.921426032065327, 19.084726749378362 ] } },
{ "type": "Feature", "properties": { "elevation": 4.4097104072570801, "depth": 1.5328559875488281, "osmid": 2264152068, "name": [ "Ghatkopar Flyover" ] }, "geometry": { "type": "Point", "coordinates": [ 72.922045817366978, 19.085469871712014 ] } },
{ "type": "Feature", "properties": { "elevation": 4.1008567810058594, "depth": 1.3729310035705566, "osmid": 2264152068, "name": [ "Ghatkopar Flyover" ] }, "geometry": { "type": "Point", "coordinates": [ 72.922311441294283, 19.085788352216699 ] } },
{ "type": "Feature", "properties": { "elevation": 5.8191733360290527, "depth": 1.2559967041015625, "osmid": 2264152102, "name": [ "Eastern Express Highway" ] }, "geometry": { "type": "Point", "coordinates": [ 72.930329934456353, 19.104250383297067 ] } },
{ "type": "Feature", "properties": { "elevation": 5.6787242889404297, "depth": 1.3297958374023438, "osmid": 2264152106, "name": [ "Vikhroli Flyover" ] }, "geometry": { "type": "Point", "coordinates": [ 72.931166842208, 19.10623880687389 ] } },
{ "type": "Feature", "properties": { "elevation": 5.1442818641662598, "depth": 2.7329487800598145, "osmid": 2264152106, "name": [ "Vikhroli Flyover" ] }, "geometry": { "type": "Point", "coordinates": [ 72.932845677350656, 19.110269890027624 ] } },
{ "type": "Feature", "properties": { "elevation": 1.6951413154602051, "depth": 1.5258679389953613, "osmid": 2299255935, "name": [ "nan" ] }, "geometry": { "type": "Point", "coordinates": [ 72.813328334181179, 19.005361975729286 ] } },
{ "type": "Feature", "properties": { "elevation": 5.6261277198791504, "depth": 1.3257484436035156, "osmid": 2299496543, "name": [ "Carter Road" ] }, "geometry": { "type": "Point", "coordinates": [ 72.822281780946682, 19.062150031238431 ] } },
{ "type": "Feature", "properties": { "elevation": 5.2651634216308594, "depth": 1.8304123878479004, "osmid": 2370341658, "name": [ "nan" ] }, "geometry": { "type": "Point", "coordinates": [ 72.849577321890735, 19.04343257436669 ] } },
{ "type": "Feature", "properties": { "elevation": 5.2651634216308594, "depth": 1.8304123878479004, "osmid": 2370341666, "name": [ "nan" ] }, "geometry": { "type": "Point", "coordinates": [ 72.849595506475751, 19.043399480040303 ] } },
{ "type": "Feature", "properties": { "elevation": 4.1873598098754883, "depth": 3.1730632781982422, "osmid": 2392551900, "name": [ "nan" ] }, "geometry": { "type": "Point", "coordinates": [ 72.816109576535212, 19.127308995078906 ] } },
{ "type": "Feature", "properties": { "elevation": 4.7677059173583984, "depth": 2.0476622581481934, "osmid": 2439252025, "name": [ "nan" ] }, "geometry": { "type": "Point", "coordinates": [ 72.898125133191556, 19.06557745455725 ] } },
{ "type": "Feature", "properties": { "elevation": 4.1587538719177246, "depth": 2.9295673370361328, "osmid": 2439252028, "name": [ "Service Road" ] }, "geometry": { "type": "Point", "coordinates": [ 72.901561268653936, 19.067286738490132 ] } },
{ "type": "Feature", "properties": { "elevation": 5.4644956588745117, "depth": 1.7625927925109863, "osmid": 2439273023, "name": [ "Lokmanya Tilak Terminus Road" ] }, "geometry": { "type": "Point", "coordinates": [ 72.892555367987057, 19.068629377846229 ] } },
{ "type": "Feature", "properties": { "elevation": 5.1388373374938965, "depth": 2.7187061309814453, "osmid": 2559494248, "name": [ "nan" ] }, "geometry": { "type": "Point", "coordinates": [ 72.932513638856705, 19.049509547536644 ] } },
{ "type": "Feature", "properties": { "elevation": 4.9511523246765137, "depth": 4.0367293357849121, "osmid": 2569297741, "name": [ "Pramod Navalkar Road" ] }, "geometry": { "type": "Point", "coordinates": [ 72.827794960872609, 19.136135284106263 ] } },
{ "type": "Feature", "properties": { "elevation": 4.4049053192138672, "depth": 2.1715397834777832, "osmid": 2629436042, "name": [ "Lal Bahadur Shastri Marg" ] }, "geometry": { "type": "Point", "coordinates": [ 72.863864757049782, 19.04844040781596 ] } },
{ "type": "Feature", "properties": { "elevation": 4.0075159072875977, "depth": 1.975590705871582, "osmid": 2629436047, "name": [ "nan" ] }, "geometry": { "type": "Point", "coordinates": [ 72.866084003195681, 19.052738102211453 ] } },
{ "type": "Feature", "properties": { "elevation": 4.0075159072875977, "depth": 1.975590705871582, "osmid": 2629436052, "name": [ "nan" ] }, "geometry": { "type": "Point", "coordinates": [ 72.866085074983346, 19.052740095891899 ] } },
{ "type": "Feature", "properties": { "elevation": 5.9934711456298828, "depth": 2.0695762634277344, "osmid": 2629791012, "name": [ "Sayani Marg" ] }, "geometry": { "type": "Point", "coordinates": [ 72.831238429479313, 19.0128897374214 ] } },
{ "type": "Feature", "properties": { "elevation": 5.0853896141052246, "depth": 3.2861990928649902, "osmid": 2647295173, "name": [ "Eastern Freeway" ] }, "geometry": { "type": "Point", "coordinates": [ 72.888827315727056, 19.029538355627171 ] } },
{ "type": "Feature", "properties": { "elevation": 5.6865096092224121, "depth": 2.6850790977478027, "osmid": 2647295191, "name": [ "nan" ] }, "geometry": { "type": "Point", "coordinates": [ 72.889028798772969, 19.029813810923716 ] } },
{ "type": "Feature", "properties": { "elevation": 5.2707438468933105, "depth": 1.3622908592224121, "osmid": 2663220070, "name": [ "nan" ] }, "geometry": { "type": "Point", "coordinates": [ 72.879095739395112, 19.025954372770737 ] } },
{ "type": "Feature", "properties": { "elevation": 5.0722312927246094, "depth": 2.418860912322998, "osmid": 2715411943, "name": [ "Eastern Freeway" ] }, "geometry": { "type": "Point", "coordinates": [ 72.848971001011975, 18.986172717337709 ] } },
{ "type": "Feature", "properties": { "elevation": 4.2200770378112793, "depth": 2.584559440612793, "osmid": 2715411943, "name": [ "Eastern Freeway" ] }, "geometry": { "type": "Point", "coordinates": [ 72.849264336100802, 18.986789969464713 ] } },
{ "type": "Feature", "properties": { "elevation": 4.6455211639404297, "depth": 4.2067365646362305, "osmid": 2715411943, "name": [ "Eastern Freeway" ] }, "geometry": { "type": "Point", "coordinates": [ 72.849499005588015, 18.98728377095744 ] } },
{ "type": "Feature", "properties": { "elevation": 2.8299729824066162, "depth": 1.9158308506011963, "osmid": 2715411959, "name": [ "Eastern Freeway South- MTHL Ramp" ] }, "geometry": { "type": "Point", "coordinates": [ 72.856923553125569, 18.997464101186562 ] } },
{ "type": "Feature", "properties": { "elevation": 3.3942692279815674, "depth": 1.4988582134246826, "osmid": 2715412064, "name": [ "Eastern Freeway" ] }, "geometry": { "type": "Point", "coordinates": [ 72.873257645018697, 19.017698458573939 ] } },
{ "type": "Feature", "properties": { "elevation": 5.6358375549316406, "depth": 2.6944818496704102, "osmid": 2715412064, "name": [ "Eastern Freeway" ] }, "geometry": { "type": "Point", "coordinates": [ 72.872776043249615, 19.016869290915878 ] } },
{ "type": "Feature", "properties": { "elevation": 5.662224292755127, "depth": 1.5648641586303711, "osmid": 2804431000, "name": [ "Lokmanya Tilak Terminus Road" ] }, "geometry": { "type": "Point", "coordinates": [ 72.89264397794831, 19.068524202827671 ] } },
{ "type": "Feature", "properties": { "elevation": 4.7359380722045898, "depth": 1.371088981628418, "osmid": 2804449483, "name": [ "Santa Cruz – Chembur Link Road" ] }, "geometry": { "type": "Point", "coordinates": [ 72.888776178436046, 19.067228545983152 ] } },
{ "type": "Feature", "properties": { "elevation": 2.0797030925750732, "depth": 3.164020299911499, "osmid": 2804449487, "name": [ "Santa Cruz – Chembur Link Road" ] }, "geometry": { "type": "Point", "coordinates": [ 72.890182703405884, 19.066433389003503 ] } },
{ "type": "Feature", "properties": { "elevation": 4.9772405624389648, "depth": 3.4458866119384766, "osmid": 2804450687, "name": [ "Santa Cruz – Chembur Link Road" ] }, "geometry": { "type": "Point", "coordinates": [ 72.887770006447113, 19.0687606499359 ] } },
{ "type": "Feature", "properties": { "elevation": 4.1732373237609863, "depth": 3.4787735939025879, "osmid": 2804450687, "name": [ "Santa Cruz – Chembur Link Road" ] }, "geometry": { "type": "Point", "coordinates": [ 72.891567652478898, 19.065906135671497 ] } },
{ "type": "Feature", "properties": { "elevation": 5.7451620101928711, "depth": 3.8413171768188477, "osmid": 2804491972, "name": [ "Santa Cruz – Chembur Link Road" ] }, "geometry": { "type": "Point", "coordinates": [ 72.890436427822621, 19.066146365998733 ] } },
{ "type": "Feature", "properties": { "elevation": 2.401775598526001, "depth": 1.2764759063720703, "osmid": 2897022073, "name": [ "nan" ] }, "geometry": { "type": "Point", "coordinates": [ 72.859160023187954, 19.059848371557571 ] } },
{ "type": "Feature", "properties": { "elevation": 4.9090104103088379, "depth": 2.0955319404602051, "osmid": 2897024595, "name": [ "nan" ] }, "geometry": { "type": "Point", "coordinates": [ 72.86049537481874, 19.061266494942618 ] } },
{ "type": "Feature", "properties": { "elevation": 4.5055627822875977, "depth": 3.5651063919067383, "osmid": 2897024595, "name": [ "nan" ] }, "geometry": { "type": "Point", "coordinates": [ 72.860542222466506, 19.05980984161728 ] } },
{ "type": "Feature", "properties": { "elevation": 1.3653937578201294, "depth": 3.6831598281860352, "osmid": 2897024648, "name": [ "Bandra Kurla Complex Road" ] }, "geometry": { "type": "Point", "coordinates": [ 72.860561988499327, 19.064122911505237 ] } },
{ "type": "Feature", "properties": { "elevation": 4.9479942321777344, "depth": 2.0448970794677734, "osmid": 2897024651, "name": [ "Street 5" ] }, "geometry": { "type": "Point", "coordinates": [ 72.863106998146662, 19.064487810399161 ] } },
{ "type": "Feature", "properties": { "elevation": 5.5255036354064941, "depth": 1.9316058158874512, "osmid": 2897024676, "name": [ "Avenue 3" ] }, "geometry": { "type": "Point", "coordinates": [ 72.86766961073377, 19.065855954505711 ] } },
{ "type": "Feature", "properties": { "elevation": 5.6071438789367676, "depth": 1.8466143608093262, "osmid": 2897024777, "name": [ "Lane 1" ] }, "geometry": { "type": "Point", "coordinates": [ 72.87100082544012, 19.068648969916151 ] } },
{ "type": "Feature", "properties": { "elevation": 5.6071438789367676, "depth": 1.8466143608093262, "osmid": 2897024783, "name": [ "Lane 1" ] }, "geometry": { "type": "Point", "coordinates": [ 72.871014913118941, 19.068628822084598 ] } },
{ "type": "Feature", "properties": { "elevation": 5.2291855812072754, "depth": 5.864753246307373, "osmid": 2897024795, "name": [ "Bandra Kurla Complex Road" ] }, "geometry": { "type": "Point", "coordinates": [ 72.867720263241011, 19.068602671171003 ] } },
{ "type": "Feature", "properties": { "elevation": 5.3080806732177734, "depth": 1.7064094543457031, "osmid": 2897024795, "name": [ "Bandra Kurla Complex Road" ] }, "geometry": { "type": "Point", "coordinates": [ 72.867243039468946, 19.068306386093301 ] } },
{ "type": "Feature", "properties": { "elevation": 4.6484766006469727, "depth": 2.1693425178527832, "osmid": 2899067851, "name": [ "nan" ] }, "geometry": { "type": "Point", "coordinates": [ 72.846963392573542, 19.073407739373526 ] } },
{ "type": "Feature", "properties": { "elevation": 5.6358375549316406, "depth": 2.6944818496704102, "osmid": 2929595426, "name": [ "Mahul Road" ] }, "geometry": { "type": "Point", "coordinates": [ 72.872778510316721, 19.016793660847778 ] } },
{ "type": "Feature", "properties": { "elevation": 3.4563145637512207, "depth": 1.3191676139831543, "osmid": 2929595511, "name": [ "Padmabushan Vasantdada Patil Marg" ] }, "geometry": { "type": "Point", "coordinates": [ 72.879914959342202, 19.037950959012651 ] } },
{ "type": "Feature", "properties": { "elevation": 5.1935000419616699, "depth": 2.0046281814575195, "osmid": 2947868379, "name": [ "nan" ] }, "geometry": { "type": "Point", "coordinates": [ 72.854096933089039, 19.055079248140697 ] } },
{ "type": "Feature", "properties": { "elevation": 4.225304126739502, "depth": 3.6572465896606445, "osmid": 2947868379, "name": [ "nan" ] }, "geometry": { "type": "Point", "coordinates": [ 72.853783484461047, 19.054802927905733 ] } },
{ "type": "Feature", "properties": { "elevation": 3.557354211807251, "depth": 1.3445489406585693, "osmid": 2966422707, "name": "['Ghatkopar - Mankhurd Link Road' 'Ghatkopar - Mankhurd Link Road Flyover']" }, "geometry": { "type": "Point", "coordinates": [ 72.936077143684201, 19.052217262440234 ] } },
{ "type": "Feature", "properties": { "elevation": 1.207283616065979, "depth": 3.198145866394043, "osmid": 2966422707, "name": "['Ghatkopar - Mankhurd Link Road' 'Ghatkopar - Mankhurd Link Road Flyover']" }, "geometry": { "type": "Point", "coordinates": [ 72.932637588488532, 19.055752698385184 ] } },
{ "type": "Feature", "properties": { "elevation": 5.5402555465698242, "depth": 1.3152403831481934, "osmid": 2966422721, "name": [ "nan" ] }, "geometry": { "type": "Point", "coordinates": [ 72.93420283043281, 19.054508599001341 ] } },
{ "type": "Feature", "properties": { "elevation": 4.7632513046264648, "depth": 4.0495977401733398, "osmid": 3043194449, "name": [ "nan" ] }, "geometry": { "type": "Point", "coordinates": [ 72.838553568540064, 19.129765586559635 ] } },
{ "type": "Feature", "properties": { "elevation": 4.4207134246826172, "depth": 2.9216289520263672, "osmid": 3206284093, "name": [ "Road 2" ] }, "geometry": { "type": "Point", "coordinates": [ 72.898589231051844, 19.06872255679454 ] } },
{ "type": "Feature", "properties": { "elevation": 4.0569248199462891, "depth": 2.2107911109924316, "osmid": 3245616504, "name": [ "Service Road" ] }, "geometry": { "type": "Point", "coordinates": [ 72.911979985400961, 19.07445008206269 ] } },
{ "type": "Feature", "properties": { "elevation": 3.0149033069610596, "depth": 1.2165048122406006, "osmid": 3308366231, "name": [ "Lal Bahadur Shastri Marg" ] }, "geometry": { "type": "Point", "coordinates": [ 72.876543649627436, 19.07495445424761 ] } },
{ "type": "Feature", "properties": { "elevation": 4.7504687309265137, "depth": 3.9597916603088379, "osmid": 3455073183, "name": [ "Anik Wadala Link Road" ] }, "geometry": { "type": "Point", "coordinates": [ 72.878608785414613, 19.025459380278328 ] } },
{ "type": "Feature", "properties": { "elevation": 5.5943078994750977, "depth": 3.7130022048950195, "osmid": 3737129890, "name": [ "D P Road" ] }, "geometry": { "type": "Point", "coordinates": [ 72.922355582156129, 19.055627922598781 ] } },
{ "type": "Feature", "properties": { "elevation": 0.0, "depth": 5.1793646812438965, "osmid": 3803075012, "name": [ "Carter Road" ] }, "geometry": { "type": "Point", "coordinates": [ 72.822743710814535, 19.069859799504066 ] } },
{ "type": "Feature", "properties": { "elevation": 1.0, "depth": 4.1550712585449219, "osmid": 3803643818, "name": [ "nan" ] }, "geometry": { "type": "Point", "coordinates": [ 72.85614969764049, 19.0626545517312 ] } },
{ "type": "Feature", "properties": { "elevation": 3.8888263702392578, "depth": 2.1345138549804688, "osmid": 3803645416, "name": [ "Bandh Creek Road 2" ] }, "geometry": { "type": "Point", "coordinates": [ 72.828352255201906, 19.079426035917749 ] } },
{ "type": "Feature", "properties": { "elevation": 5.1482558250427246, "depth": 1.9866266250610352, "osmid": 3803645573, "name": [ "S B Patil Road" ] }, "geometry": { "type": "Point", "coordinates": [ 72.830615766532119, 19.081863931489501 ] } },
{ "type": "Feature", "properties": { "elevation": 5.3062362670898438, "depth": 1.8172607421875, "osmid": 3803645691, "name": [ "Juhu Tara Road" ] }, "geometry": { "type": "Point", "coordinates": [ 72.831752858987656, 19.084983264746924 ] } },
{ "type": "Feature", "properties": { "elevation": 4.3569836616516113, "depth": 4.6116232872009277, "osmid": 3870608467, "name": [ "JNPT Terminal 2" ] }, "geometry": { "type": "Point", "coordinates": [ 72.952194825054022, 18.933802749615463 ] } },
{ "type": "Feature", "properties": { "elevation": 4.2639451026916504, "depth": 2.5166635513305664, "osmid": 3870608467, "name": [ "JNPT Terminal 2" ] }, "geometry": { "type": "Point", "coordinates": [ 72.951925525103576, 18.934118252405263 ] } },
{ "type": "Feature", "properties": { "elevation": 5.1528286933898926, "depth": 1.2265205383300781, "osmid": 3870608467, "name": [ "JNPT Terminal 2" ] }, "geometry": { "type": "Point", "coordinates": [ 72.949185877485164, 18.937235208868394 ] } },
{ "type": "Feature", "properties": { "elevation": -1.3344151973724365, "depth": 4.4705944061279297, "osmid": 3878492889, "name": [ "Link Road" ] }, "geometry": { "type": "Point", "coordinates": [ 72.835052927831441, 19.159640614438253 ] } },
{ "type": "Feature", "properties": { "elevation": 5.264643669128418, "depth": 1.8738260269165039, "osmid": 3981413772, "name": [ "nan" ] }, "geometry": { "type": "Point", "coordinates": [ 72.925784698974567, 19.058366226621249 ] } },
{ "type": "Feature", "properties": { "elevation": 2.2915108203887939, "depth": 1.589378833770752, "osmid": 4137827314, "name": [ "nan" ] }, "geometry": { "type": "Point", "coordinates": [ 72.938785695596863, 18.883107017416425 ] } },
{ "type": "Feature", "properties": { "elevation": 2.4262306690216064, "depth": 1.4335973262786865, "osmid": 4137827369, "name": [ "nan" ] }, "geometry": { "type": "Point", "coordinates": [ 72.934186742676175, 18.890509781922983 ] } },
{ "type": "Feature", "properties": { "elevation": 2.632737398147583, "depth": 3.610851526260376, "osmid": 4138238075, "name": [ "nan" ] }, "geometry": { "type": "Point", "coordinates": [ 72.923180196198174, 18.855950937701682 ] } },
{ "type": "Feature", "properties": { "elevation": 5.8655900955200195, "depth": 1.2121005058288574, "osmid": 4138238803, "name": [ "Panvel Uran Road" ] }, "geometry": { "type": "Point", "coordinates": [ 72.942302241061299, 18.879712808570797 ] } },
{ "type": "Feature", "properties": { "elevation": 3.6184587478637695, "depth": 1.3935999870300293, "osmid": 4140284189, "name": [ "nan" ] }, "geometry": { "type": "Point", "coordinates": [ 72.957529255791002, 18.89344891621737 ] } },
{ "type": "Feature", "properties": { "elevation": 4.7909989356994629, "depth": 4.9558453559875488, "osmid": 4140284227, "name": [ "nan" ] }, "geometry": { "type": "Point", "coordinates": [ 72.957756652604601, 18.894232502856507 ] } },
{ "type": "Feature", "properties": { "elevation": 5.8544740676879883, "depth": 2.9958343505859375, "osmid": 4140284227, "name": [ "nan" ] }, "geometry": { "type": "Point", "coordinates": [ 72.958021363467168, 18.894523762784303 ] } },
{ "type": "Feature", "properties": { "elevation": 0.0, "depth": 4.6258306503295898, "osmid": 4146789390, "name": [ "nan" ] }, "geometry": { "type": "Point", "coordinates": [ 72.915208268299423, 18.878530283003045 ] } },
{ "type": "Feature", "properties": { "elevation": 2.855987548828125, "depth": 2.3448066711425781, "osmid": 4146789390, "name": [ "nan" ] }, "geometry": { "type": "Point", "coordinates": [ 72.915455307525107, 18.878046973048612 ] } },
{ "type": "Feature", "properties": { "elevation": 4.7824883460998535, "depth": 2.3616504669189453, "osmid": 4146789390, "name": [ "nan" ] }, "geometry": { "type": "Point", "coordinates": [ 72.915775770641275, 18.877778709580348 ] } },
{ "type": "Feature", "properties": { "elevation": 0.0, "depth": 3.5563337802886963, "osmid": 4146789390, "name": [ "nan" ] }, "geometry": { "type": "Point", "coordinates": [ 72.914279608239966, 18.880204742479243 ] } },
{ "type": "Feature", "properties": { "elevation": 2.9484176635742188, "depth": 2.0418086051940918, "osmid": 4146789394, "name": [ "nan" ] }, "geometry": { "type": "Point", "coordinates": [ 72.915491685983838, 18.880524193128522 ] } },
{ "type": "Feature", "properties": { "elevation": 3.2730090618133545, "depth": 4.22479248046875, "osmid": 4162950029, "name": [ "nan" ] }, "geometry": { "type": "Point", "coordinates": [ 72.912603231928543, 18.883920325898067 ] } },
{ "type": "Feature", "properties": { "elevation": 5.377476692199707, "depth": 1.3326373100280762, "osmid": 4162950142, "name": [ "nan" ] }, "geometry": { "type": "Point", "coordinates": [ 72.918841914357785, 18.909063118507618 ] } },
{ "type": "Feature", "properties": { "elevation": 3.9605517387390137, "depth": 2.26190185546875, "osmid": 4163268983, "name": [ "nan" ] }, "geometry": { "type": "Point", "coordinates": [ 72.974658991118233, 18.917762183589751 ] } },
{ "type": "Feature", "properties": { "elevation": 2.7393746376037598, "depth": 1.3578734397888184, "osmid": 4163268985, "name": [ "nan" ] }, "geometry": { "type": "Point", "coordinates": [ 72.975973801489801, 18.917216690105473 ] } },
{ "type": "Feature", "properties": { "elevation": 3.8848891258239746, "depth": 4.6551079750061035, "osmid": 4163268988, "name": [ "nan" ] }, "geometry": { "type": "Point", "coordinates": [ 72.973372511668373, 18.918666907768284 ] } },
{ "type": "Feature", "properties": { "elevation": 5.7544364929199219, "depth": 1.5530433654785156, "osmid": 4163268988, "name": [ "nan" ] }, "geometry": { "type": "Point", "coordinates": [ 72.973904611972017, 18.919468836696915 ] } },
{ "type": "Feature", "properties": { "elevation": 3.8848891258239746, "depth": 4.6551079750061035, "osmid": 4163269192, "name": [ "nan" ] }, "geometry": { "type": "Point", "coordinates": [ 72.973321579307949, 18.918590147112862 ] } },
{ "type": "Feature", "properties": { "elevation": 3.3163571357727051, "depth": 1.3924527168273926, "osmid": 4163269196, "name": [ "nan" ] }, "geometry": { "type": "Point", "coordinates": [ 72.972554605283875, 18.919047901972501 ] } },
{ "type": "Feature", "properties": { "elevation": 2.9688858985900879, "depth": 2.4148516654968262, "osmid": 4163269199, "name": [ "nan" ] }, "geometry": { "type": "Point", "coordinates": [ 72.975045879537575, 18.919235583742044 ] } },
{ "type": "Feature", "properties": { "elevation": 3.3163571357727051, "depth": 1.3924527168273926, "osmid": 4163269203, "name": [ "nan" ] }, "geometry": { "type": "Point", "coordinates": [ 72.972548011935771, 18.919037472402483 ] } },
{ "type": "Feature", "properties": { "elevation": 5.4514880180358887, "depth": 2.8592829704284668, "osmid": 4233119209, "name": [ "nan" ] }, "geometry": { "type": "Point", "coordinates": [ 72.814619837799214, 18.908659590240887 ] } },
{ "type": "Feature", "properties": { "elevation": 5.0424642562866211, "depth": 1.6493768692016602, "osmid": 4233563015, "name": [ "nan" ] }, "geometry": { "type": "Point", "coordinates": [ 72.944068980182635, 19.147325146086764 ] } },
{ "type": "Feature", "properties": { "elevation": 5.1114873886108398, "depth": 2.7837529182434082, "osmid": 4264598326, "name": [ "Ghatkopar Mahul Road" ] }, "geometry": { "type": "Point", "coordinates": [ 72.902869374576497, 19.073831503949833 ] } },
{ "type": "Feature", "properties": { "elevation": 4.3996138572692871, "depth": 1.4758710861206055, "osmid": 4292656488, "name": [ "nan" ] }, "geometry": { "type": "Point", "coordinates": [ 72.887620824536071, 19.012801137094822 ] } },
{ "type": "Feature", "properties": { "elevation": 1.5, "depth": 2.2470500469207764, "osmid": 4292864936, "name": [ "Ajmera l-Land Road" ] }, "geometry": { "type": "Point", "coordinates": [ 72.879363717970449, 19.031097372616173 ] } },
{ "type": "Feature", "properties": { "elevation": 3.3354814052581787, "depth": 5.5517425537109375, "osmid": 4294951472, "name": [ "Dr Anand Rao Nair Marg" ] }, "geometry": { "type": "Point", "coordinates": [ 72.820925878685799, 18.968945111051283 ] } },
{ "type": "Feature", "properties": { "elevation": 4.3945760726928711, "depth": 3.6435775756835938, "osmid": 4307040305, "name": [ "Captain Prakash Pethe Marg" ] }, "geometry": { "type": "Point", "coordinates": [ 72.818266711329983, 18.910644747055489 ] } },
{ "type": "Feature", "properties": { "elevation": 4.5384669303894043, "depth": 1.2619261741638184, "osmid": 4328028027, "name": [ "nan" ] }, "geometry": { "type": "Point", "coordinates": [ 72.84096725827564, 19.051985133156276 ] } },
{ "type": "Feature", "properties": { "elevation": 5.0040707588195801, "depth": 1.3250555992126465, "osmid": 4335012908, "name": [ "Juhu Tara Road" ] }, "geometry": { "type": "Point", "coordinates": [ 72.834385958182907, 19.084466498579527 ] } },
{ "type": "Feature", "properties": { "elevation": 5.5159192085266113, "depth": 2.8236861228942871, "osmid": 4342128944, "name": [ "Swadeshi Mills Road" ] }, "geometry": { "type": "Point", "coordinates": [ 72.871371793104188, 19.054558922958606 ] } },
{ "type": "Feature", "properties": { "elevation": 4.9886617660522461, "depth": 1.3868474960327148, "osmid": 4342421171, "name": [ "nan" ] }, "geometry": { "type": "Point", "coordinates": [ 72.844759603273445, 19.086967052181549 ] } },
{ "type": "Feature", "properties": { "elevation": 2.6892454624176025, "depth": 2.7765543460845947, "osmid": 4352245944, "name": [ "nan" ] }, "geometry": { "type": "Point", "coordinates": [ 72.874843751506475, 19.064883852232359 ] } },
{ "type": "Feature", "properties": { "elevation": 5.1701593399047852, "depth": 2.0440587997436523, "osmid": 4352255196, "name": [ "nan" ] }, "geometry": { "type": "Point", "coordinates": [ 72.886968470454917, 19.067165542226952 ] } },
{ "type": "Feature", "properties": { "elevation": 2.3471755981445312, "depth": 1.3876762390136719, "osmid": 4357109784, "name": [ "Balasaheb Devras Road" ] }, "geometry": { "type": "Point", "coordinates": [ 72.827964751046068, 19.141266910596972 ] } },
{ "type": "Feature", "properties": { "elevation": 3.4591481685638428, "depth": 1.5761382579803467, "osmid": 4357273791, "name": [ "nan" ] }, "geometry": { "type": "Point", "coordinates": [ 72.888272486686674, 19.047349728264077 ] } },
{ "type": "Feature", "properties": { "elevation": 5.6370768547058105, "depth": 1.2177529335021973, "osmid": 4357290590, "name": [ "nan" ] }, "geometry": { "type": "Point", "coordinates": [ 72.917796310782379, 19.07590115619362 ] } },
{ "type": "Feature", "properties": { "elevation": 4.7487978935241699, "depth": 5.8235163688659668, "osmid": 4357300486, "name": [ "Vallabh Baug lane" ] }, "geometry": { "type": "Point", "coordinates": [ 72.909961891620512, 19.073643262214773 ] } },
{ "type": "Feature", "properties": { "elevation": 5.7597184181213379, "depth": 2.4002118110656738, "osmid": 4357309677, "name": [ "nan" ] }, "geometry": { "type": "Point", "coordinates": [ 72.883766630828532, 19.065937524009314 ] } },
{ "type": "Feature", "properties": { "elevation": 4.9509930610656738, "depth": 2.6163654327392578, "osmid": 4357358593, "name": [ "nan" ] }, "geometry": { "type": "Point", "coordinates": [ 72.874547122651791, 19.076564651118517 ] } },
{ "type": "Feature", "properties": { "elevation": 1.1287624835968018, "depth": 4.6279706954956055, "osmid": 4361515211, "name": [ "Seth Motilal G Sanghi Road" ] }, "geometry": { "type": "Point", "coordinates": [ 72.814741425258788, 18.988341808646545 ] } },
{ "type": "Feature", "properties": { "elevation": -3.0552220344543457, "depth": 5.4530625343322754, "osmid": 4361545033, "name": [ "Elphinstone Flyover" ] }, "geometry": { "type": "Point", "coordinates": [ 72.830419842216997, 19.003947965972802 ] } },
{ "type": "Feature", "properties": { "elevation": 4.7934927940368652, "depth": 2.3968801498413086, "osmid": 4361545033, "name": [ "Elphinstone Flyover" ] }, "geometry": { "type": "Point", "coordinates": [ 72.831043730969483, 19.005165856918385 ] } },
{ "type": "Feature", "properties": { "elevation": 5.9943294525146484, "depth": 2.3022994995117188, "osmid": 4361545033, "name": [ "Elphinstone Flyover" ] }, "geometry": { "type": "Point", "coordinates": [ 72.835030414258824, 19.011002052814884 ] } },
{ "type": "Feature", "properties": { "elevation": 3.4983220100402832, "depth": 3.6554446220397949, "osmid": 4361545033, "name": [ "Elphinstone Flyover" ] }, "geometry": { "type": "Point", "coordinates": [ 72.835799149722746, 19.011802083482277 ] } },
{ "type": "Feature", "properties": { "elevation": 5.6543703079223633, "depth": 1.2459564208984375, "osmid": 4362365123, "name": [ "nan" ] }, "geometry": { "type": "Point", "coordinates": [ 72.856624247805485, 19.009655704486342 ] } },
{ "type": "Feature", "properties": { "elevation": 5.1749577522277832, "depth": 3.597510814666748, "osmid": 4362365126, "name": [ "nan" ] }, "geometry": { "type": "Point", "coordinates": [ 72.857682560065001, 19.014318349730438 ] } },
{ "type": "Feature", "properties": { "elevation": 5.9367122650146484, "depth": 3.257847785949707, "osmid": 4362365126, "name": [ "nan" ] }, "geometry": { "type": "Point", "coordinates": [ 72.857936591541318, 19.01464517420159 ] } },
{ "type": "Feature", "properties": { "elevation": 3.4274382591247559, "depth": 1.2719841003417969, "osmid": 4362526732, "name": [ "nan" ] }, "geometry": { "type": "Point", "coordinates": [ 72.82103476960522, 19.015161669610073 ] } },
{ "type": "Feature", "properties": { "elevation": 3.4274382591247559, "depth": 1.2719841003417969, "osmid": 4362526738, "name": [ "nan" ] }, "geometry": { "type": "Point", "coordinates": [ 72.8210028022187, 19.015147479784613 ] } },
{ "type": "Feature", "properties": { "elevation": 4.8455734252929688, "depth": 1.2058982849121094, "osmid": 4362581293, "name": [ "nan" ] }, "geometry": { "type": "Point", "coordinates": [ 72.844123367838307, 19.074829570551334 ] } },
{ "type": "Feature", "properties": { "elevation": 4.1773900985717773, "depth": 2.9234490394592285, "osmid": 4362728491, "name": [ "nan" ] }, "geometry": { "type": "Point", "coordinates": [ 72.871871444096669, 19.042012872978979 ] } },
{ "type": "Feature", "properties": { "elevation": 4.4446587562561035, "depth": 1.2914857864379883, "osmid": 4366129964, "name": [ "nan" ] }, "geometry": { "type": "Point", "coordinates": [ 72.872412083502269, 19.053750640683763 ] } },
{ "type": "Feature", "properties": { "elevation": 4.281217098236084, "depth": 1.6468038558959961, "osmid": 4366151372, "name": [ "Dattaram Lad Path (Kala Chowky Road)" ] }, "geometry": { "type": "Point", "coordinates": [ 72.833485285942189, 18.988587765379286 ] } },
{ "type": "Feature", "properties": { "elevation": 3.9988284111022949, "depth": 1.8824958801269531, "osmid": 4366159084, "name": [ "Mohmad Shahid Marg" ] }, "geometry": { "type": "Point", "coordinates": [ 72.824920206692852, 18.968956165529729 ] } },
{ "type": "Feature", "properties": { "elevation": 2.9818286895751953, "depth": 2.6571998596191406, "osmid": 4366159084, "name": [ "nan" ] }, "geometry": { "type": "Point", "coordinates": [ 72.825477930060501, 18.969374582258606 ] } },
{ "type": "Feature", "properties": { "elevation": 5.6280193328857422, "depth": 1.5905575752258301, "osmid": 4366159084, "name": [ "nan" ] }, "geometry": { "type": "Point", "coordinates": [ 72.826651690221951, 18.968607517544672 ] } },
{ "type": "Feature", "properties": { "elevation": 2.6442017555236816, "depth": 3.0877528190612793, "osmid": 4366204695, "name": [ "Nanabhai Moos Marg" ] }, "geometry": { "type": "Point", "coordinates": [ 72.808750086220869, 18.894440340621685 ] } },
{ "type": "Feature", "properties": { "elevation": 2.9427766799926758, "depth": 3.2109174728393555, "osmid": 4366204695, "name": [ "Nanabhai Moos Marg" ] }, "geometry": { "type": "Point", "coordinates": [ 72.809084511565985, 18.894187736622861 ] } },
{ "type": "Feature", "properties": { "elevation": 5.9796462059020996, "depth": 3.509850025177002, "osmid": 4368929522, "name": [ "nan" ] }, "geometry": { "type": "Point", "coordinates": [ 72.962806371683385, 19.171510516964481 ] } },
{ "type": "Feature", "properties": { "elevation": 5.9796462059020996, "depth": 3.7794671058654785, "osmid": 4368929522, "name": [ "nan" ] }, "geometry": { "type": "Point", "coordinates": [ 72.962866725836861, 19.171343398108274 ] } },
{ "type": "Feature", "properties": { "elevation": 5.9796462059020996, "depth": 3.7794671058654785, "osmid": 4368929525, "name": [ "nan" ] }, "geometry": { "type": "Point", "coordinates": [ 72.962865728129955, 19.171341779859659 ] } },
{ "type": "Feature", "properties": { "elevation": 5.3187737464904785, "depth": 4.6565032005310059, "osmid": 4513730343, "name": [ "Javji Dadaji Marg" ] }, "geometry": { "type": "Point", "coordinates": [ 72.81445946141649, 18.967910320309525 ] } },
{ "type": "Feature", "properties": { "elevation": 5.3187737464904785, "depth": 3.1671710014343262, "osmid": 4513730343, "name": [ "nan" ] }, "geometry": { "type": "Point", "coordinates": [ 72.814657990935984, 18.96793284597079 ] } },
{ "type": "Feature", "properties": { "elevation": 0.0, "depth": 2.1593387126922607, "osmid": 4685195757, "name": [ "Danda Seaface Promenade" ] }, "geometry": { "type": "Point", "coordinates": [ 72.82234516643976, 19.078146722446292 ] } },
{ "type": "Feature", "properties": { "elevation": 0.0, "depth": 2.1593387126922607, "osmid": 4685195761, "name": [ "Danda Seaface Promenade" ] }, "geometry": { "type": "Point", "coordinates": [ 72.822361830123867, 19.078180176762995 ] } },
{ "type": "Feature", "properties": { "elevation": 5.1984758377075195, "depth": 1.3000760078430176, "osmid": 4720749146, "name": [ "nan" ] }, "geometry": { "type": "Point", "coordinates": [ 72.935945100468544, 19.056904353390163 ] } },
{ "type": "Feature", "properties": { "elevation": 4.0711832046508789, "depth": 1.3070721626281738, "osmid": 4791578646, "name": [ "nan" ] }, "geometry": { "type": "Point", "coordinates": [ 72.876928202646184, 19.046762590660979 ] } },
{ "type": "Feature", "properties": { "elevation": 4.9102706909179688, "depth": 1.4794468879699707, "osmid": 4791578646, "name": [ "nan" ] }, "geometry": { "type": "Point", "coordinates": [ 72.869544476008116, 19.042912327293624 ] } },
{ "type": "Feature", "properties": { "elevation": 5.8550100326538086, "depth": 1.9896259307861328, "osmid": 5242502020, "name": [ "Nathani Road" ] }, "geometry": { "type": "Point", "coordinates": [ 72.889893863340703, 19.078807083181665 ] } },
{ "type": "Feature", "properties": { "elevation": 3.8064982891082764, "depth": 3.5784018039703369, "osmid": 5279685268, "name": [ "East West Road No 3" ] }, "geometry": { "type": "Point", "coordinates": [ 72.833123801564128, 19.109962655887486 ] } },
{ "type": "Feature", "properties": { "elevation": 4.3305392265319824, "depth": 1.2596249580383301, "osmid": 5330411163, "name": [ "nan" ] }, "geometry": { "type": "Point", "coordinates": [ 72.847031527973002, 18.98183994554342 ] } },
{ "type": "Feature", "properties": { "elevation": 5.6290149688720703, "depth": 3.0916280746459961, "osmid": 5349392408, "name": [ "Santa Cruz – Chembur Link Road Flyover" ] }, "geometry": { "type": "Point", "coordinates": [ 72.89891837967221, 19.06545301577599 ] } },
{ "type": "Feature", "properties": { "elevation": 3.649590015411377, "depth": 2.3447394371032715, "osmid": 5354533140, "name": [ "nan" ] }, "geometry": { "type": "Point", "coordinates": [ 72.835022979803099, 19.010742773951062 ] } },
{ "type": "Feature", "properties": { "elevation": 5.7746305465698242, "depth": 1.9416728019714355, "osmid": 5369728221, "name": [ "nan" ] }, "geometry": { "type": "Point", "coordinates": [ 72.834093370353486, 18.991241464124347 ] } },
{ "type": "Feature", "properties": { "elevation": 2.8788015842437744, "depth": 1.5352160930633545, "osmid": 5369728221, "name": [ "nan" ] }, "geometry": { "type": "Point", "coordinates": [ 72.834417226461582, 18.99006755348487 ] } },
{ "type": "Feature", "properties": { "elevation": 5.7746305465698242, "depth": 1.9416728019714355, "osmid": 5369728236, "name": [ "nan" ] }, "geometry": { "type": "Point", "coordinates": [ 72.834108799651858, 18.991236334873712 ] } },
{ "type": "Feature", "properties": { "elevation": 3.2279210090637207, "depth": 4.3327465057373047, "osmid": 5470621261, "name": [ "Rajaram Bane Marg" ] }, "geometry": { "type": "Point", "coordinates": [ 72.917447449261999, 19.092114417334709 ] } },
{ "type": "Feature", "properties": { "elevation": 3.4387521743774414, "depth": 1.3451757431030273, "osmid": 5624422771, "name": [ "nan" ] }, "geometry": { "type": "Point", "coordinates": [ 72.937254441340045, 19.051529211338387 ] } },
{ "type": "Feature", "properties": { "elevation": 4.7567248344421387, "depth": 1.233304500579834, "osmid": 5841999703, "name": [ "Sion Panvel Highway" ] }, "geometry": { "type": "Point", "coordinates": [ 72.879823029208282, 19.052685821546586 ] } },
{ "type": "Feature", "properties": { "elevation": 3.240415096282959, "depth": 1.2536206245422363, "osmid": 5841999704, "name": [ "BKC - Eastern Express Highway Road" ] }, "geometry": { "type": "Point", "coordinates": [ 72.870958165738571, 19.049698019820728 ] } },
{ "type": "Feature", "properties": { "elevation": 2.8759574890136719, "depth": 1.9683027267456055, "osmid": 5841999704, "name": [ "BKC - Eastern Express Highway Road" ] }, "geometry": { "type": "Point", "coordinates": [ 72.86982726331307, 19.05052200463572 ] } },
{ "type": "Feature", "properties": { "elevation": 4.9240312576293945, "depth": 3.3061923980712891, "osmid": 5875787592, "name": [ "nan" ] }, "geometry": { "type": "Point", "coordinates": [ 72.94806955470591, 19.156765695495359 ] } },
{ "type": "Feature", "properties": { "elevation": 5.0251250267028809, "depth": 1.2916479110717773, "osmid": 5890165449, "name": [ "Shivaji Nagar Road" ] }, "geometry": { "type": "Point", "coordinates": [ 72.842911566231152, 19.061252785833965 ] } },
{ "type": "Feature", "properties": { "elevation": 0.5, "depth": 2.0121288299560547, "osmid": 5896564331, "name": [ "Sant Dnyaneshwar Marg" ] }, "geometry": { "type": "Point", "coordinates": [ 72.850720999340737, 19.070039186411247 ] } },
{ "type": "Feature", "properties": { "elevation": 1.9059356451034546, "depth": 1.227690577507019, "osmid": 5896564331, "name": [ "Sant Dnyaneshwar Marg" ] }, "geometry": { "type": "Point", "coordinates": [ 72.849840363059968, 19.071740654519822 ] } },
{ "type": "Feature", "properties": { "elevation": 4.0797924995422363, "depth": 3.3085346221923828, "osmid": 5912237881, "name": [ "nan" ] }, "geometry": { "type": "Point", "coordinates": [ 72.924429730101508, 19.055910965462694 ] } },
{ "type": "Feature", "properties": { "elevation": 3.8292779922485352, "depth": 1.8022541999816895, "osmid": 5912237881, "name": [ "nan" ] }, "geometry": { "type": "Point", "coordinates": [ 72.924698646133706, 19.056388777860185 ] } },
{ "type": "Feature", "properties": { "elevation": 5.0397176742553711, "depth": 2.0304117202758789, "osmid": 5912237881, "name": [ "nan" ] }, "geometry": { "type": "Point", "coordinates": [ 72.924799101173718, 19.055420290913425 ] } },
{ "type": "Feature", "properties": { "elevation": 5.0397176742553711, "depth": 2.0304117202758789, "osmid": 5912237883, "name": [ "nan" ] }, "geometry": { "type": "Point", "coordinates": [ 72.924718848175047, 19.055460450991667 ] } },
{ "type": "Feature", "properties": { "elevation": 4.9352736473083496, "depth": 1.2998595237731934, "osmid": 5912237941, "name": [ "nan" ] }, "geometry": { "type": "Point", "coordinates": [ 72.928473237727403, 19.051625390482673 ] } },
{ "type": "Feature", "properties": { "elevation": 0.99886888265609741, "depth": 2.641211986541748, "osmid": 5912238098, "name": [ "nan" ] }, "geometry": { "type": "Point", "coordinates": [ 72.931311072795467, 19.05319943348238 ] } },
{ "type": "Feature", "properties": { "elevation": 2.9309587478637695, "depth": 1.3875923156738281, "osmid": 5912238098, "name": [ "nan" ] }, "geometry": { "type": "Point", "coordinates": [ 72.929939576941692, 19.052182759055352 ] } },
{ "type": "Feature", "properties": { "elevation": 0.99886888265609741, "depth": 2.641211986541748, "osmid": 5912238115, "name": [ "nan" ] }, "geometry": { "type": "Point", "coordinates": [ 72.93130779302129, 19.053183030201144 ] } },
{ "type": "Feature", "properties": { "elevation": 3.3909764289855957, "depth": 2.8493266105651855, "osmid": 5953011358, "name": [ "Senapati Bapat Marg" ] }, "geometry": { "type": "Point", "coordinates": [ 72.826266914961622, 18.996064715542708 ] } },
{ "type": "Feature", "properties": { "elevation": 5.9796462059020996, "depth": 3.509850025177002, "osmid": 5969985435, "name": [ "nan" ] }, "geometry": { "type": "Point", "coordinates": [ 72.962767389348457, 19.17152557780382 ] } },
{ "type": "Feature", "properties": { "elevation": 1.3590211868286133, "depth": 2.5419261455535889, "osmid": 6046553756, "name": [ "Santa Cruz – Chembur Link Road" ] }, "geometry": { "type": "Point", "coordinates": [ 72.850459622929705, 19.074089270894081 ] } },
{ "type": "Feature", "properties": { "elevation": 3.6814031600952148, "depth": 1.4688692092895508, "osmid": 6046553756, "name": [ "Santa Cruz – Chembur Link Road" ] }, "geometry": { "type": "Point", "coordinates": [ 72.852426386470214, 19.074068754422676 ] } },
{ "type": "Feature", "properties": { "elevation": 4.2706441879272461, "depth": 1.6324796676635742, "osmid": 6117628325, "name": [ "Avenue 3" ] }, "geometry": { "type": "Point", "coordinates": [ 72.866828847045724, 19.060147260884701 ] } },
{ "type": "Feature", "properties": { "elevation": 3.5751545429229736, "depth": 1.8576066493988037, "osmid": 6117628326, "name": [ "nan" ] }, "geometry": { "type": "Point", "coordinates": [ 72.86658526327713, 19.059508210758185 ] } },
{ "type": "Feature", "properties": { "elevation": 5.5469036102294922, "depth": 5.3748254776000977, "osmid": 6136332320, "name": [ "Eastern Freeway" ] }, "geometry": { "type": "Point", "coordinates": [ 72.856314467834963, 19.006189090876749 ] } },
{ "type": "Feature", "properties": { "elevation": 5.7076377868652344, "depth": 3.250340461730957, "osmid": 6165302128, "name": [ "nan" ] }, "geometry": { "type": "Point", "coordinates": [ 72.830318809658138, 18.987953469364843 ] } },
{ "type": "Feature", "properties": { "elevation": 4.8344769477844238, "depth": 1.7293014526367188, "osmid": 6165302129, "name": [ "nan" ] }, "geometry": { "type": "Point", "coordinates": [ 72.830067067161664, 18.988778835948875 ] } },
{ "type": "Feature", "properties": { "elevation": 3.6980650424957275, "depth": 2.869096040725708, "osmid": 6165604823, "name": [ "Senapati Bapat Marg" ] }, "geometry": { "type": "Point", "coordinates": [ 72.845624876082823, 19.025439824076141 ] } },
{ "type": "Feature", "properties": { "elevation": 5.1091585159301758, "depth": 1.5056972503662109, "osmid": 6165604835, "name": [ "Senapati Bapat Marg" ] }, "geometry": { "type": "Point", "coordinates": [ 72.847736157333685, 19.035289401049489 ] } },
{ "type": "Feature", "properties": { "elevation": 3.7818019390106201, "depth": 3.7997620105743408, "osmid": 6167532221, "name": [ "Dr Annie Besant Road" ] }, "geometry": { "type": "Point", "coordinates": [ 72.814394693738492, 18.992858642474797 ] } },
{ "type": "Feature", "properties": { "elevation": 5.6729798316955566, "depth": 1.4502720832824707, "osmid": 6167532230, "name": [ "nan" ] }, "geometry": { "type": "Point", "coordinates": [ 72.812634052754092, 18.955971089416842 ] } },
{ "type": "Feature", "properties": { "elevation": 4.8018169403076172, "depth": 2.2256441116333008, "osmid": 6212373232, "name": [ "nan" ] }, "geometry": { "type": "Point", "coordinates": [ 72.836907370004141, 19.007182277886546 ] } },
{ "type": "Feature", "properties": { "elevation": 4.8018169403076172, "depth": 4.9093685150146484, "osmid": 6212373232, "name": [ "nan" ] }, "geometry": { "type": "Point", "coordinates": [ 72.836716310741295, 19.007138333983505 ] } },
{ "type": "Feature", "properties": { "elevation": 4.8018169403076172, "depth": 4.9093685150146484, "osmid": 6212373234, "name": [ "nan" ] }, "geometry": { "type": "Point", "coordinates": [ 72.836736333716956, 19.00716934839085 ] } },
{ "type": "Feature", "properties": { "elevation": 4.3390359878540039, "depth": 2.4678316116333008, "osmid": 6259250492, "name": [ "Eastern Express Highway" ] }, "geometry": { "type": "Point", "coordinates": [ 72.967225204993213, 19.169902163623373 ] } },
{ "type": "Feature", "properties": { "elevation": 5.9085993766784668, "depth": 1.7581748962402344, "osmid": 6428522291, "name": [ "Senapati Bapat Marg" ] }, "geometry": { "type": "Point", "coordinates": [ 72.845996601977461, 19.041517638597458 ] } },
{ "type": "Feature", "properties": { "elevation": 5.140906810760498, "depth": 2.664463996887207, "osmid": 6428701793, "name": [ "nan" ] }, "geometry": { "type": "Point", "coordinates": [ 72.839140905122406, 19.017279004794325 ] } },
{ "type": "Feature", "properties": { "elevation": 3.2251908779144287, "depth": 1.4895789623260498, "osmid": 6429017348, "name": [ "nan" ] }, "geometry": { "type": "Point", "coordinates": [ 72.861919716680219, 19.058490800617871 ] } },
{ "type": "Feature", "properties": { "elevation": 5.4212126731872559, "depth": 1.2887048721313477, "osmid": 6430084705, "name": [ "Senapati Bapat Marg" ] }, "geometry": { "type": "Point", "coordinates": [ 72.846575684569828, 19.040426776911151 ] } },
{ "type": "Feature", "properties": { "elevation": 5.9141721725463867, "depth": 1.2225627899169922, "osmid": 6430487998, "name": [ "Swami Vivekanand Road" ] }, "geometry": { "type": "Point", "coordinates": [ 72.839528347002286, 19.097116094300603 ] } },
{ "type": "Feature", "properties": { "elevation": 3.9671707153320312, "depth": 4.1111650466918945, "osmid": 6430758485, "name": [ "nan" ] }, "geometry": { "type": "Point", "coordinates": [ 72.877461892994063, 19.070951132628004 ] } },
{ "type": "Feature", "properties": { "elevation": 4.6233682632446289, "depth": 1.962127685546875, "osmid": 6431009346, "name": [ "nan" ] }, "geometry": { "type": "Point", "coordinates": [ 72.859963963836819, 19.018263259613228 ] } },
{ "type": "Feature", "properties": { "elevation": 5.7344350814819336, "depth": 1.8590435981750488, "osmid": 6431102517, "name": [ "nan" ] }, "geometry": { "type": "Point", "coordinates": [ 72.86075858892967, 19.020245974212045 ] } },
{ "type": "Feature", "properties": { "elevation": 5.0320415496826172, "depth": 1.9626483917236328, "osmid": 6431102517, "name": [ "nan" ] }, "geometry": { "type": "Point", "coordinates": [ 72.860495321771936, 19.019334202538765 ] } },
{ "type": "Feature", "properties": { "elevation": 4.185309886932373, "depth": 2.7559576034545898, "osmid": 6431154248, "name": [ "nan" ] }, "geometry": { "type": "Point", "coordinates": [ 72.880832172413491, 19.069787855045078 ] } },
{ "type": "Feature", "properties": { "elevation": 3.5356166362762451, "depth": 1.6484496593475342, "osmid": 6431217710, "name": [ "Tajjushsharia Road" ] }, "geometry": { "type": "Point", "coordinates": [ 72.877927143822888, 19.059510742652634 ] } },
{ "type": "Feature", "properties": { "elevation": 3.9685432910919189, "depth": 1.4310390949249268, "osmid": 6431316960, "name": [ "nan" ] }, "geometry": { "type": "Point", "coordinates": [ 72.892385906395759, 19.067203348054413 ] } },
{ "type": "Feature", "properties": { "elevation": 3.9611527919769287, "depth": 4.3185644149780273, "osmid": 6431435287, "name": [ "nan" ] }, "geometry": { "type": "Point", "coordinates": [ 72.909043367622459, 19.065793873055483 ] } },
{ "type": "Feature", "properties": { "elevation": 5.2214813232421875, "depth": 4.9600925445556641, "osmid": 6435209454, "name": [ "Nehru Nagar Police Station Marg" ] }, "geometry": { "type": "Point", "coordinates": [ 72.881536296922533, 19.059576168385831 ] } },
{ "type": "Feature", "properties": { "elevation": 5.5838818550109863, "depth": 2.2010679244995117, "osmid": 6435209454, "name": [ "Nehru Nagar Police Station Marg" ] }, "geometry": { "type": "Point", "coordinates": [ 72.881876015839438, 19.05982241116271 ] } },
{ "type": "Feature", "properties": { "elevation": 5.1346259117126465, "depth": 2.0875039100646973, "osmid": 6488603046, "name": [ "nan" ] }, "geometry": { "type": "Point", "coordinates": [ 72.848823650475154, 19.070243059518283 ] } },
{ "type": "Feature", "properties": { "elevation": 4.5289521217346191, "depth": 2.1901803016662598, "osmid": 6489764178, "name": [ "nan" ] }, "geometry": { "type": "Point", "coordinates": [ 72.841723788390581, 19.058589664628865 ] } },
{ "type": "Feature", "properties": { "elevation": 4.5289521217346191, "depth": 2.1901803016662598, "osmid": 6489764687, "name": [ "nan" ] }, "geometry": { "type": "Point", "coordinates": [ 72.841720746094666, 19.05857594150223 ] } },
{ "type": "Feature", "properties": { "elevation": 5.760746955871582, "depth": 1.567042350769043, "osmid": 6489866778, "name": [ "Gurunanak Marg" ] }, "geometry": { "type": "Point", "coordinates": [ 72.838589901151053, 19.057368409255627 ] } },
{ "type": "Feature", "properties": { "elevation": 3.3943004608154297, "depth": 1.355717658996582, "osmid": 6491549420, "name": [ "Lal Bahadur Shastri Marg" ] }, "geometry": { "type": "Point", "coordinates": [ 72.864954518858667, 19.05003571363763 ] } },
{ "type": "Feature", "properties": { "elevation": 4.9286899566650391, "depth": 3.5306110382080078, "osmid": 6494817881, "name": [ "Flyover" ] }, "geometry": { "type": "Point", "coordinates": [ 72.868163615832628, 19.073161779083858 ] } },
{ "type": "Feature", "properties": { "elevation": 3.4857113361358643, "depth": 1.8753116130828857, "osmid": 6494881117, "name": [ "Lal Bahadur Shastri Marg" ] }, "geometry": { "type": "Point", "coordinates": [ 72.872266367962695, 19.059924985195881 ] } },
{ "type": "Feature", "properties": { "elevation": 3.137855052947998, "depth": 1.5188441276550293, "osmid": 6494881118, "name": [ "Lal Bahadur Shastri Marg" ] }, "geometry": { "type": "Point", "coordinates": [ 72.871377484271491, 19.058535387312872 ] } },
{ "type": "Feature", "properties": { "elevation": 4.4689016342163086, "depth": 1.7101755142211914, "osmid": 6495207979, "name": [ "nan" ] }, "geometry": { "type": "Point", "coordinates": [ 72.872396869020136, 19.044867040433733 ] } },
{ "type": "Feature", "properties": { "elevation": 5.2495455741882324, "depth": 5.3761210441589355, "osmid": 6495298575, "name": [ "nan" ] }, "geometry": { "type": "Point", "coordinates": [ 72.843342863729305, 19.152055651965121 ] } },
{ "type": "Feature", "properties": { "elevation": 5.6155200004577637, "depth": 3.633049488067627, "osmid": 6507607047, "name": [ "Nanepada Road" ] }, "geometry": { "type": "Point", "coordinates": [ 72.953232081737397, 19.163293961456599 ] } },
{ "type": "Feature", "properties": { "elevation": 4.8018169403076172, "depth": 2.6001768112182617, "osmid": 6552771618, "name": [ "nan" ] }, "geometry": { "type": "Point", "coordinates": [ 72.836728297568953, 19.007013342681258 ] } },
{ "type": "Feature", "properties": { "elevation": 5.5483360290527344, "depth": 1.2767601013183594, "osmid": 6554805533, "name": [ "nan" ] }, "geometry": { "type": "Point", "coordinates": [ 72.844652121174235, 19.149104472946291 ] } },
{ "type": "Feature", "properties": { "elevation": 5.5483360290527344, "depth": 1.2767601013183594, "osmid": 6554805545, "name": [ "nan" ] }, "geometry": { "type": "Point", "coordinates": [ 72.844638912165948, 19.149115175804056 ] } },
{ "type": "Feature", "properties": { "elevation": 4.594545841217041, "depth": 2.5335655212402344, "osmid": 6554805550, "name": [ "nan" ] }, "geometry": { "type": "Point", "coordinates": [ 72.844794508313271, 19.150478003912824 ] } },
{ "type": "Feature", "properties": { "elevation": 5.4727206230163574, "depth": 1.8264188766479492, "osmid": 6554805556, "name": [ "nan" ] }, "geometry": { "type": "Point", "coordinates": [ 72.845291136498176, 19.151533716806867 ] } },
{ "type": "Feature", "properties": { "elevation": 4.469398021697998, "depth": 1.2366881370544434, "osmid": 6569150633, "name": [ "nan" ] }, "geometry": { "type": "Point", "coordinates": [ 72.87268967786261, 19.041296318986507 ] } },
{ "type": "Feature", "properties": { "elevation": 3.10494065284729, "depth": 1.4204871654510498, "osmid": 6571795845, "name": [ "Eastern Express Highway" ] }, "geometry": { "type": "Point", "coordinates": [ 72.892489938264717, 19.06072426255432 ] } },
{ "type": "Feature", "properties": { "elevation": 5.7891697883605957, "depth": 1.9721693992614746, "osmid": 6571795846, "name": [ "nan" ] }, "geometry": { "type": "Point", "coordinates": [ 72.890214273615058, 19.059270277113498 ] } },
{ "type": "Feature", "properties": { "elevation": 3.10494065284729, "depth": 2.751603364944458, "osmid": 6573886332, "name": [ "nan" ] }, "geometry": { "type": "Point", "coordinates": [ 72.892622932946793, 19.060511817803807 ] } },
{ "type": "Feature", "properties": { "elevation": 4.6465940475463867, "depth": 1.9880261421203613, "osmid": 6574298837, "name": [ "Ramakant Deshmukh Marg" ] }, "geometry": { "type": "Point", "coordinates": [ 72.935896436294087, 19.119118233899083 ] } },
{ "type": "Feature", "properties": { "elevation": 5.2392454147338867, "depth": 1.4645991325378418, "osmid": 6576183451, "name": [ "nan" ] }, "geometry": { "type": "Point", "coordinates": [ 72.896190512268376, 19.076527770327047 ] } },
{ "type": "Feature", "properties": { "elevation": 5.1122689247131348, "depth": 1.5228195190429688, "osmid": 6576183451, "name": [ "nan" ] }, "geometry": { "type": "Point", "coordinates": [ 72.896442531472545, 19.076856075600578 ] } },
{ "type": "Feature", "properties": { "elevation": 5.1188673973083496, "depth": 2.2836027145385742, "osmid": 6580768156, "name": [ "Rafi Ahmed Kidwai Marg" ] }, "geometry": { "type": "Point", "coordinates": [ 72.852546433079823, 18.995487079248683 ] } },
{ "type": "Feature", "properties": { "elevation": 4.2409710884094238, "depth": 1.3221540451049805, "osmid": 6581286689, "name": [ "Vasantdada Patil Marg" ] }, "geometry": { "type": "Point", "coordinates": [ 72.920658044644526, 19.084692001465079 ] } },
{ "type": "Feature", "properties": { "elevation": 2.5282199382781982, "depth": 1.9443309307098389, "osmid": 6583122230, "name": [ "nan" ] }, "geometry": { "type": "Point", "coordinates": [ 72.91724012920821, 19.080482906528001 ] } },
{ "type": "Feature", "properties": { "elevation": 4.463411808013916, "depth": 1.5191354751586914, "osmid": 6598130893, "name": [ "Swami Vivekanand Road" ] }, "geometry": { "type": "Point", "coordinates": [ 72.83895198647933, 19.092473389247541 ] } },
{ "type": "Feature", "properties": { "elevation": 4.3019471168518066, "depth": 4.4622769355773926, "osmid": 6605148991, "name": [ "BMC Marg" ] }, "geometry": { "type": "Point", "coordinates": [ 72.823773309912823, 19.139321033131072 ] } },
{ "type": "Feature", "properties": { "elevation": 5.8070836067199707, "depth": 2.1855554580688477, "osmid": 6638816990, "name": [ "Santa Cruz Flyover" ] }, "geometry": { "type": "Point", "coordinates": [ 72.843972461787303, 19.090998331298916 ] } },
{ "type": "Feature", "properties": { "elevation": 4.5688652992248535, "depth": 2.062406063079834, "osmid": 6856544908, "name": [ "nan" ] }, "geometry": { "type": "Point", "coordinates": [ 72.827885895367046, 19.009880224851536 ] } },
{ "type": "Feature", "properties": { "elevation": 4.4526767730712891, "depth": 3.0648002624511719, "osmid": 6862284569, "name": [ "nan" ] }, "geometry": { "type": "Point", "coordinates": [ 72.84926905417916, 19.025553642758084 ] } },
{ "type": "Feature", "properties": { "elevation": 3.9988284111022949, "depth": 1.8824958801269531, "osmid": 6925978233, "name": [ "Mohmad Shahid Marg" ] }, "geometry": { "type": "Point", "coordinates": [ 72.824913510146914, 18.968935041515831 ] } },
{ "type": "Feature", "properties": { "elevation": 5.6002321243286133, "depth": 2.3636574745178223, "osmid": 6926087400, "name": [ "nan" ] }, "geometry": { "type": "Point", "coordinates": [ 72.885548950038128, 19.068721645814424 ] } },
{ "type": "Feature", "properties": { "elevation": 4.1941704750061035, "depth": 1.7737870216369629, "osmid": 6926087426, "name": [ "nan" ] }, "geometry": { "type": "Point", "coordinates": [ 72.893738203093491, 19.074227321029827 ] } },
{ "type": "Feature", "properties": { "elevation": 4.883324146270752, "depth": 3.852114200592041, "osmid": 6926087442, "name": [ "Santa Cruz – Chembur Link Road" ] }, "geometry": { "type": "Point", "coordinates": [ 72.891206350592867, 19.065840862403196 ] } },
{ "type": "Feature", "properties": { "elevation": 0.2858654260635376, "depth": 2.9175734519958496, "osmid": 6926087442, "name": [ "nan" ] }, "geometry": { "type": "Point", "coordinates": [ 72.892730366382025, 19.065366760793527 ] } },
{ "type": "Feature", "properties": { "elevation": 4.8907394409179688, "depth": 2.4885411262512207, "osmid": 6926138466, "name": [ "nan" ] }, "geometry": { "type": "Point", "coordinates": [ 72.847534660630657, 19.060995853220494 ] } },
{ "type": "Feature", "properties": { "elevation": 5.7908086776733398, "depth": 1.4157571792602539, "osmid": 6926279733, "name": [ "Kanzul Iman Road" ] }, "geometry": { "type": "Point", "coordinates": [ 72.868756878471672, 19.071272257574119 ] } },
{ "type": "Feature", "properties": { "elevation": 3.4907732009887695, "depth": 6.2406377792358398, "osmid": 7241399982, "name": [ "nan" ] }, "geometry": { "type": "Point", "coordinates": [ 72.795398433102307, 19.139064253907328 ] } },
{ "type": "Feature", "properties": { "elevation": 2.6530489921569824, "depth": 1.9918212890625, "osmid": 7241399982, "name": [ "nan" ] }, "geometry": { "type": "Point", "coordinates": [ 72.795095844493474, 19.1393514315392 ] } },
{ "type": "Feature", "properties": { "elevation": 1.9067399501800537, "depth": 1.4529399871826172, "osmid": 7241399986, "name": [ "nan" ] }, "geometry": { "type": "Point", "coordinates": [ 72.803872060296115, 19.16351266014609 ] } },
{ "type": "Feature", "properties": { "elevation": 2.6530489921569824, "depth": 1.9918212890625, "osmid": 7241399991, "name": [ "nan" ] }, "geometry": { "type": "Point", "coordinates": [ 72.795102309653288, 19.139345320657931 ] } },
{ "type": "Feature", "properties": { "elevation": 3.4907732009887695, "depth": 6.2406377792358398, "osmid": 7241399991, "name": [ "nan" ] }, "geometry": { "type": "Point", "coordinates": [ 72.795404844732673, 19.139058092301568 ] } },
{ "type": "Feature", "properties": { "elevation": 5.0275821685791016, "depth": 2.4506664276123047, "osmid": 7241541991, "name": [ "Ramchandra Kharde Marg" ] }, "geometry": { "type": "Point", "coordinates": [ 72.806123542719575, 19.138568493056184 ] } },
{ "type": "Feature", "properties": { "elevation": 4.7190284729003906, "depth": 2.4408421516418457, "osmid": 7271821079, "name": [ "nan" ] }, "geometry": { "type": "Point", "coordinates": [ 72.970294483259124, 18.962945470946792 ] } },
{ "type": "Feature", "properties": { "elevation": 2.9115865230560303, "depth": 2.121286153793335, "osmid": 7280008178, "name": [ "Mulund - Airoli Link Road" ] }, "geometry": { "type": "Point", "coordinates": [ 72.959075475056977, 19.154151091373883 ] } },
{ "type": "Feature", "properties": { "elevation": 4.0618710517883301, "depth": 1.2908883094787598, "osmid": 7280044352, "name": [ "M D Keni Road" ] }, "geometry": { "type": "Point", "coordinates": [ 72.949488092118415, 19.155911345498385 ] } },
{ "type": "Feature", "properties": { "elevation": 4.0618710517883301, "depth": 1.2908883094787598, "osmid": 7288662230, "name": [ "M D Keni Road" ] }, "geometry": { "type": "Point", "coordinates": [ 72.949513533673169, 19.155922675744407 ] } },
{ "type": "Feature", "properties": { "elevation": 0.0, "depth": 4.3427653312683105, "osmid": 7298842017, "name": [ "Danda Boulevard" ] }, "geometry": { "type": "Point", "coordinates": [ 72.822191612925906, 19.071189852298033 ] } },
{ "type": "Feature", "properties": { "elevation": 5.684563159942627, "depth": 5.1734328269958496, "osmid": 7298842024, "name": [ "Carter Road" ] }, "geometry": { "type": "Point", "coordinates": [ 72.822808071949169, 19.067232322842379 ] } },
{ "type": "Feature", "properties": { "elevation": 4.2001619338989258, "depth": 2.7726225852966309, "osmid": 7298842041, "name": [ "Carter Road" ] }, "geometry": { "type": "Point", "coordinates": [ 72.822562852985044, 19.062905083385676 ] } },
{ "type": "Feature", "properties": { "elevation": 5.0058274269104004, "depth": 2.5105977058410645, "osmid": 7309530529, "name": [ "Cross Road Number 3" ] }, "geometry": { "type": "Point", "coordinates": [ 72.821787406472552, 19.143119265771038 ] } },
{ "type": "Feature", "properties": { "elevation": 5.594231128692627, "depth": 2.9380927085876465, "osmid": 7309530533, "name": [ "Cross Road No 1" ] }, "geometry": { "type": "Point", "coordinates": [ 72.824924183053895, 19.141246296034776 ] } },
{ "type": "Feature", "properties": { "elevation": 4.3996138572692871, "depth": 1.4758710861206055, "osmid": 7309769042, "name": [ "nan" ] }, "geometry": { "type": "Point", "coordinates": [ 72.88761267898829, 19.012743541722578 ] } },
{ "type": "Feature", "properties": { "elevation": 3.4765825271606445, "depth": 1.4389734268188477, "osmid": 7333869151, "name": [ "nan" ] }, "geometry": { "type": "Point", "coordinates": [ 72.948124606995307, 19.14780962145948 ] } },
{ "type": "Feature", "properties": { "elevation": 3.4765825271606445, "depth": 1.4389734268188477, "osmid": 7333869156, "name": [ "nan" ] }, "geometry": { "type": "Point", "coordinates": [ 72.948103105742618, 19.147819436842553 ] } },
{ "type": "Feature", "properties": { "elevation": 3.8220984935760498, "depth": 1.4319169521331787, "osmid": 7334101296, "name": [ "nan" ] }, "geometry": { "type": "Point", "coordinates": [ 72.932405641003953, 19.057118739962899 ] } },
{ "type": "Feature", "properties": { "elevation": 3.8220984935760498, "depth": 1.4319169521331787, "osmid": 7334101304, "name": [ "nan" ] }, "geometry": { "type": "Point", "coordinates": [ 72.932395006607862, 19.057072375636793 ] } },
{ "type": "Feature", "properties": { "elevation": 0.0, "depth": 5.8464369773864746, "osmid": 7339667352, "name": [ "nan" ] }, "geometry": { "type": "Point", "coordinates": [ 72.820986235340158, 19.11702641487701 ] } },
{ "type": "Feature", "properties": { "elevation": 0.0, "depth": 3.4987070560455322, "osmid": 7349956708, "name": [ "nan" ] }, "geometry": { "type": "Point", "coordinates": [ 72.79969402435259, 18.961269684516836 ] } },
{ "type": "Feature", "properties": { "elevation": 3.7699017524719238, "depth": 1.2899608612060547, "osmid": 7350069280, "name": [ "nan" ] }, "geometry": { "type": "Point", "coordinates": [ 72.953021942592059, 18.945641359848182 ] } },
{ "type": "Feature", "properties": { "elevation": 4.8530254364013672, "depth": 1.6980409622192383, "osmid": 7358363790, "name": [ "nan" ] }, "geometry": { "type": "Point", "coordinates": [ 72.890770945504869, 19.038499189045393 ] } },
{ "type": "Feature", "properties": { "elevation": 1.8537764549255371, "depth": 1.4444775581359863, "osmid": 7361775118, "name": [ "Veer Savarkar Road" ] }, "geometry": { "type": "Point", "coordinates": [ 72.940486277168617, 19.144144781367352 ] } },
{ "type": "Feature", "properties": { "elevation": 2.1852738857269287, "depth": 1.4394838809967041, "osmid": 7361775121, "name": [ "nan" ] }, "geometry": { "type": "Point", "coordinates": [ 72.941696256987797, 19.14632985173667 ] } },
{ "type": "Feature", "properties": { "elevation": 3.9677791595458984, "depth": 3.4725632667541504, "osmid": 7362549180, "name": [ "nan" ] }, "geometry": { "type": "Point", "coordinates": [ 72.849965221691235, 19.036932457339926 ] } },
{ "type": "Feature", "properties": { "elevation": 5.0568685531616211, "depth": 1.6364059448242188, "osmid": 7362711648, "name": [ "nan" ] }, "geometry": { "type": "Point", "coordinates": [ 72.850520237281415, 19.040482597022404 ] } },
{ "type": "Feature", "properties": { "elevation": 4.1570587158203125, "depth": 1.7357363700866699, "osmid": 7370608177, "name": [ "nan" ] }, "geometry": { "type": "Point", "coordinates": [ 72.902417092883439, 19.062682893240179 ] } },
{ "type": "Feature", "properties": { "elevation": 5.6370768547058105, "depth": 1.2177529335021973, "osmid": 7370996423, "name": [ "nan" ] }, "geometry": { "type": "Point", "coordinates": [ 72.91780036220905, 19.075898174862317 ] } },
{ "type": "Feature", "properties": { "elevation": 4.5543990135192871, "depth": 2.7276339530944824, "osmid": 7371382974, "name": [ "Senapati Bapat Marg" ] }, "geometry": { "type": "Point", "coordinates": [ 72.843943136199258, 19.021594489989248 ] } },
{ "type": "Feature", "properties": { "elevation": 4.7226934432983398, "depth": 1.3593788146972656, "osmid": 7371382974, "name": [ "Senapati Bapat Marg" ] }, "geometry": { "type": "Point", "coordinates": [ 72.844236970825833, 19.022211536177874 ] } },
{ "type": "Feature", "properties": { "elevation": 4.8178510665893555, "depth": 2.8768811225891113, "osmid": 7371382974, "name": [ "Senapati Bapat Marg" ] }, "geometry": { "type": "Point", "coordinates": [ 72.844481300899062, 19.022701056384832 ] } },
{ "type": "Feature", "properties": { "elevation": 1.0, "depth": 2.4839603900909424, "osmid": 7372035744, "name": [ "nan" ] }, "geometry": { "type": "Point", "coordinates": [ 72.853970281599985, 19.064926268766143 ] } },
{ "type": "Feature", "properties": { "elevation": 1.0, "depth": 2.4660229682922363, "osmid": 7372035744, "name": [ "nan" ] }, "geometry": { "type": "Point", "coordinates": [ 72.854242935243562, 19.064450449534888 ] } },
{ "type": "Feature", "properties": { "elevation": 4.4446587562561035, "depth": 1.2914857864379883, "osmid": 7374085542, "name": [ "nan" ] }, "geometry": { "type": "Point", "coordinates": [ 72.872401551460456, 19.053756021338632 ] } },
{ "type": "Feature", "properties": { "elevation": 5.9654755592346191, "depth": 1.6623272895812988, "osmid": 7375266883, "name": [ "Bapurao Jagtap Road" ] }, "geometry": { "type": "Point", "coordinates": [ 72.830280260808721, 18.976556291767238 ] } },
{ "type": "Feature", "properties": { "elevation": 5.4923906326293945, "depth": 1.9821300506591797, "osmid": 7375917961, "name": [ "LM Nadkarni Road" ] }, "geometry": { "type": "Point", "coordinates": [ 72.861714768925154, 19.010034697749354 ] } },
{ "type": "Feature", "properties": { "elevation": 3.8849005699157715, "depth": 3.8189797401428223, "osmid": 7379512617, "name": [ "nan" ] }, "geometry": { "type": "Point", "coordinates": [ 72.834803585831253, 19.087676010012355 ] } },
{ "type": "Feature", "properties": { "elevation": 3.4483463764190674, "depth": 1.2754366397857666, "osmid": 7379602410, "name": [ "Eastern Express Highway" ] }, "geometry": { "type": "Point", "coordinates": [ 72.917304863514474, 19.079925883158566 ] } },
{ "type": "Feature", "properties": { "elevation": 5.1912875175476074, "depth": 1.4813413619995117, "osmid": 7379608698, "name": [ "nan" ] }, "geometry": { "type": "Point", "coordinates": [ 72.884366627831923, 19.060649214242115 ] } },
{ "type": "Feature", "properties": { "elevation": -6.8809361457824707, "depth": 11.529026031494141, "osmid": 7384062519, "name": [ "nan" ] }, "geometry": { "type": "Point", "coordinates": [ 72.821764021735959, 18.949912765136549 ] } },
{ "type": "Feature", "properties": { "elevation": 4.3754816055297852, "depth": 1.422447681427002, "osmid": 7384981357, "name": [ "nan" ] }, "geometry": { "type": "Point", "coordinates": [ 72.845397337126784, 19.092135298588513 ] } },
{ "type": "Feature", "properties": { "elevation": 4.3754816055297852, "depth": 1.422447681427002, "osmid": 7385487118, "name": [ "nan" ] }, "geometry": { "type": "Point", "coordinates": [ 72.845397683144938, 19.092135394307594 ] } },
{ "type": "Feature", "properties": { "elevation": 4.060032844543457, "depth": 3.9326062202453613, "osmid": 7385487118, "name": [ "nan" ] }, "geometry": { "type": "Point", "coordinates": [ 72.844172286747863, 19.091260922857309 ] } },
{ "type": "Feature", "properties": { "elevation": 5.549412727355957, "depth": 3.7699556350708008, "osmid": 7394064166, "name": "['Prabhadevi New Road' 'Khan Abdul Gaffar Khan Marg']" }, "geometry": { "type": "Point", "coordinates": [ 72.819494951824083, 19.015400829767383 ] } },
{ "type": "Feature", "properties": { "elevation": 3.4684536457061768, "depth": 2.4729974269866943, "osmid": 7394064180, "name": [ "Prabhadevi New Road" ] }, "geometry": { "type": "Point", "coordinates": [ 72.819756384211985, 19.015102862503959 ] } },
{ "type": "Feature", "properties": { "elevation": 5.5291023254394531, "depth": 4.6721181869506836, "osmid": 7398089778, "name": [ "Sangeetkar N. Dutta Marg" ] }, "geometry": { "type": "Point", "coordinates": [ 72.826279433280362, 19.123810615620748 ] } },
{ "type": "Feature", "properties": { "elevation": 3.9008190631866455, "depth": 1.6323330402374268, "osmid": 7416644624, "name": [ "Sion Bandra Link Road" ] }, "geometry": { "type": "Point", "coordinates": [ 72.851504309325847, 19.047204858809682 ] } },
{ "type": "Feature", "properties": { "elevation": 4.6431350708007812, "depth": 1.5929083824157715, "osmid": 7416644625, "name": [ "60 Feet Road" ] }, "geometry": { "type": "Point", "coordinates": [ 72.851544433189858, 19.046730885936825 ] } },
{ "type": "Feature", "properties": { "elevation": 5.8967952728271484, "depth": 1.5729479789733887, "osmid": 7432337572, "name": [ "JNPT Terminal 2" ] }, "geometry": { "type": "Point", "coordinates": [ 72.949163098638905, 18.939169914307257 ] } },
{ "type": "Feature", "properties": { "elevation": 4.6431159973144531, "depth": 3.7731056213378906, "osmid": 7432337572, "name": [ "JNPT Terminal 2" ] }, "geometry": { "type": "Point", "coordinates": [ 72.95300106074454, 18.933035827727885 ] } },
{ "type": "Feature", "properties": { "elevation": 1.7478104829788208, "depth": 2.8440370559692383, "osmid": 7432337572, "name": [ "JNPT Terminal 2" ] }, "geometry": { "type": "Point", "coordinates": [ 72.955335327225541, 18.930301746715809 ] } },
{ "type": "Feature", "properties": { "elevation": 4.16717529296875, "depth": 1.6169424057006836, "osmid": 7501169160, "name": [ "MTHL - Messant Road Ramp" ] }, "geometry": { "type": "Point", "coordinates": [ 72.856399703687387, 18.996910379123552 ] } },
{ "type": "Feature", "properties": { "elevation": 1.8481470346450806, "depth": 1.9671083688735962, "osmid": 7551206139, "name": [ "JNPT Terminal 1" ] }, "geometry": { "type": "Point", "coordinates": [ 72.965992054898933, 18.94116548652233 ] } },
{ "type": "Feature", "properties": { "elevation": 2.4472510814666748, "depth": 1.2273023128509521, "osmid": 7551206139, "name": [ "JNPT Terminal 1" ] }, "geometry": { "type": "Point", "coordinates": [ 72.9655523514988, 18.930677568308322 ] } },
{ "type": "Feature", "properties": { "elevation": 2.2141554355621338, "depth": 1.2003657817840576, "osmid": 7551206139, "name": [ "JNPT Terminal 1" ] }, "geometry": { "type": "Point", "coordinates": [ 72.966789571402174, 18.928876894340796 ] } },
{ "type": "Feature", "properties": { "elevation": 1.6122039556503296, "depth": 1.28083336353302, "osmid": 7551206142, "name": [ "JNPT Terminal 1" ] }, "geometry": { "type": "Point", "coordinates": [ 72.96616455843413, 18.949268452126368 ] } },
{ "type": "Feature", "properties": { "elevation": -1.0751726627349854, "depth": 2.0885372161865234, "osmid": 7551206142, "name": [ "JNPT Terminal 1" ] }, "geometry": { "type": "Point", "coordinates": [ 72.966212828177987, 18.949647996191334 ] } },
{ "type": "Feature", "properties": { "elevation": 3.5468952655792236, "depth": 1.2396285533905029, "osmid": 7551206142, "name": [ "JNPT Terminal 1" ] }, "geometry": { "type": "Point", "coordinates": [ 72.965824053463848, 18.950366892367118 ] } },
{ "type": "Feature", "properties": { "elevation": 1.6399667263031006, "depth": 1.4293525218963623, "osmid": 7551206205, "name": [ "JNPT Terminal 2" ] }, "geometry": { "type": "Point", "coordinates": [ 72.971571305568162, 18.923951374921316 ] } },
{ "type": "Feature", "properties": { "elevation": 3.8456516265869141, "depth": 2.0628790855407715, "osmid": 8360469288, "name": [ "Eastern Freeway" ] }, "geometry": { "type": "Point", "coordinates": [ 72.843523596430131, 18.959914320516482 ] } },
{ "type": "Feature", "properties": { "elevation": 2.4095358848571777, "depth": 2.3194570541381836, "osmid": 8443491306, "name": [ "nan" ] }, "geometry": { "type": "Point", "coordinates": [ 72.854572226952456, 19.062379234813047 ] } },
{ "type": "Feature", "properties": { "elevation": 3.3395645618438721, "depth": 1.9794647693634033, "osmid": 8443491306, "name": [ "nan" ] }, "geometry": { "type": "Point", "coordinates": [ 72.854844537387251, 19.062692314047624 ] } },
{ "type": "Feature", "properties": { "elevation": 0.5, "depth": 2.0121288299560547, "osmid": 8443532427, "name": [ "Sant Dnyaneshwar Marg" ] }, "geometry": { "type": "Point", "coordinates": [ 72.850715942673503, 19.070048733723528 ] } },
{ "type": "Feature", "properties": { "elevation": 2.7909235954284668, "depth": 1.531984806060791, "osmid": 8444347970, "name": [ "nan" ] }, "geometry": { "type": "Point", "coordinates": [ 72.827535604924066, 19.081130090186143 ] } },
{ "type": "Feature", "properties": { "elevation": 4.3965229988098145, "depth": 2.5762596130371094, "osmid": 8507768265, "name": [ "Eastern Express Highway" ] }, "geometry": { "type": "Point", "coordinates": [ 72.908150181188873, 19.07149267082286 ] } },
{ "type": "Feature", "properties": { "elevation": 5.3043575286865234, "depth": 3.5628080368041992, "osmid": 8620901469, "name": [ "Dumayne Marg" ] }, "geometry": { "type": "Point", "coordinates": [ 72.824926089122684, 18.911476880184601 ] } },
{ "type": "Feature", "properties": { "elevation": 2.7362382411956787, "depth": 2.6383249759674072, "osmid": 8625417533, "name": [ "Marine Drive" ] }, "geometry": { "type": "Point", "coordinates": [ 72.814919190234718, 18.954432909812532 ] } },
{ "type": "Feature", "properties": { "elevation": 5.8210339546203613, "depth": 2.2749075889587402, "osmid": 8633899903, "name": [ "Anik Wadala Link Road" ] }, "geometry": { "type": "Point", "coordinates": [ 72.879979188198106, 19.029787455190792 ] } },
{ "type": "Feature", "properties": { "elevation": 4.1221146583557129, "depth": 2.3579702377319336, "osmid": 8692591569, "name": [ "Kohinoor - Vidyavihar Road" ] }, "geometry": { "type": "Point", "coordinates": [ 72.888656745606426, 19.080953291731312 ] } },
{ "type": "Feature", "properties": { "elevation": 3.9043192863464355, "depth": 2.1497864723205566, "osmid": 8695589329, "name": [ "Bandh Creek Road 2" ] }, "geometry": { "type": "Point", "coordinates": [ 72.827995416443827, 19.079709766520541 ] } },
{ "type": "Feature", "properties": { "elevation": 3.8888263702392578, "depth": 2.1345138549804688, "osmid": 8695589329, "name": [ "Bandh Creek Road 2" ] }, "geometry": { "type": "Point", "coordinates": [ 72.828323661431526, 19.079450707954301 ] } },
{ "type": "Feature", "properties": { "elevation": 1.8727995157241821, "depth": 3.8883466720581055, "osmid": 8703487842, "name": [ "Ratilal Mehta Marg" ] }, "geometry": { "type": "Point", "coordinates": [ 72.905372811064908, 19.074963300509854 ] } },
{ "type": "Feature", "properties": { "elevation": 5.6155200004577637, "depth": 3.633049488067627, "osmid": 8704782914, "name": [ "Nanepada Road" ] }, "geometry": { "type": "Point", "coordinates": [ 72.953267354537005, 19.163252811386702 ] } },
{ "type": "Feature", "properties": { "elevation": 4.4972314834594727, "depth": 1.3290848731994629, "osmid": 8711322728, "name": [ "nan" ] }, "geometry": { "type": "Point", "coordinates": [ 72.864370202495024, 19.047765408998462 ] } },
{ "type": "Feature", "properties": { "elevation": 4.4007863998413086, "depth": 1.5894284248352051, "osmid": 8711322728, "name": [ "nan" ] }, "geometry": { "type": "Point", "coordinates": [ 72.864920670780407, 19.04855621585881 ] } },
{ "type": "Feature", "properties": { "elevation": 2.8161144256591797, "depth": 2.3486127853393555, "osmid": 8711322728, "name": [ "nan" ] }, "geometry": { "type": "Point", "coordinates": [ 72.865471144060351, 19.049347021521921 ] } },
{ "type": "Feature", "properties": { "elevation": 4.4007863998413086, "depth": 1.5894284248352051, "osmid": 8711322730, "name": [ "nan" ] }, "geometry": { "type": "Point", "coordinates": [ 72.86487747225226, 19.048494156832575 ] } },
{ "type": "Feature", "properties": { "elevation": 4.4972314834594727, "depth": 1.3290848731994629, "osmid": 8711322730, "name": [ "nan" ] }, "geometry": { "type": "Point", "coordinates": [ 72.864327004358827, 19.047703349878276 ] } },
{ "type": "Feature", "properties": { "elevation": 5.7290844917297363, "depth": 2.1220073699951172, "osmid": 8711707695, "name": [ "nan" ] }, "geometry": { "type": "Point", "coordinates": [ 72.894018670823442, 19.063469938075514 ] } },
{ "type": "Feature", "properties": { "elevation": 5.2394495010375977, "depth": 2.5911455154418945, "osmid": 8882200680, "name": [ "Western Express Highway" ] }, "geometry": { "type": "Point", "coordinates": [ 72.84242793130565, 19.051458221741083 ] } },
{ "type": "Feature", "properties": { "elevation": 5.924098014831543, "depth": 2.2032966613769531, "osmid": 8909137831, "name": [ "nan" ] }, "geometry": { "type": "Point", "coordinates": [ 72.886966845716017, 19.056658248857115 ] } },
{ "type": "Feature", "properties": { "elevation": 4.0496711730957031, "depth": 6.0895986557006836, "osmid": 8928692503, "name": [ "Bandra Kurla Complex Road" ] }, "geometry": { "type": "Point", "coordinates": [ 72.850143639287822, 19.05500501591359 ] } },
{ "type": "Feature", "properties": { "elevation": 3.9207625389099121, "depth": 2.5745840072631836, "osmid": 8928692503, "name": [ "Bandra Kurla Complex Road" ] }, "geometry": { "type": "Point", "coordinates": [ 72.848923810610557, 19.05368270539471 ] } },
{ "type": "Feature", "properties": { "elevation": 3.8951795101165771, "depth": 1.5311458110809326, "osmid": 8928692503, "name": [ "Bandra Kurla Complex Road" ] }, "geometry": { "type": "Point", "coordinates": [ 72.848248503319482, 19.053188155021029 ] } },
{ "type": "Feature", "properties": { "elevation": 4.0496711730957031, "depth": 6.0895986557006836, "osmid": 8928692503, "name": "['BKC - Sealink Road' 'BKC Flyover']" }, "geometry": { "type": "Point", "coordinates": [ 72.850098697788624, 19.055040571071093 ] } },
{ "type": "Feature", "properties": { "elevation": 4.0331363677978516, "depth": 1.8877625465393066, "osmid": 8928692503, "name": "['BKC - Sealink Road' 'BKC Flyover']" }, "geometry": { "type": "Point", "coordinates": [ 72.84620555459685, 19.052608945227657 ] } },
{ "type": "Feature", "properties": { "elevation": 2.9870152473449707, "depth": 1.3714947700500488, "osmid": 8936814056, "name": [ "nan" ] }, "geometry": { "type": "Point", "coordinates": [ 72.985679667965883, 18.868243844541475 ] } },
{ "type": "Feature", "properties": { "elevation": 2.7038602828979492, "depth": 1.882256031036377, "osmid": 8936814056, "name": [ "nan" ] }, "geometry": { "type": "Point", "coordinates": [ 72.987113206023693, 18.869106628375533 ] } },
{ "type": "Feature", "properties": { "elevation": 4.9363832473754883, "depth": 1.4012656211853027, "osmid": 8941240299, "name": [ "Sane Guruji Marg" ] }, "geometry": { "type": "Point", "coordinates": [ 72.816344151474055, 18.969444696239126 ] } },
{ "type": "Feature", "properties": { "elevation": 3.2967321872711182, "depth": 2.1172220706939697, "osmid": 8973745204, "name": [ "nan" ] }, "geometry": { "type": "Point", "coordinates": [ 72.930477037959321, 19.056289618768943 ] } },
{ "type": "Feature", "properties": { "elevation": 1.6169281005859375, "depth": 2.5597562789916992, "osmid": 8973771543, "name": [ "nan" ] }, "geometry": { "type": "Point", "coordinates": [ 72.915256688218605, 19.062317240629131 ] } },
{ "type": "Feature", "properties": { "elevation": 3.6649396419525146, "depth": 1.2663710117340088, "osmid": 8973787327, "name": [ "Ghatkopar - Mankhurd Link Road Flyover" ] }, "geometry": { "type": "Point", "coordinates": [ 72.935842317564749, 19.052816201020487 ] } },
{ "type": "Feature", "properties": { "elevation": 5.626549243927002, "depth": 3.7523627281188965, "osmid": 9117998473, "name": [ "Jai Prakash Road" ] }, "geometry": { "type": "Point", "coordinates": [ 72.826859057674767, 19.129072848615397 ] } },
{ "type": "Feature", "properties": { "elevation": 0.0, "depth": 1.3949698209762573, "osmid": 9140433021, "name": [ "nan" ] }, "geometry": { "type": "Point", "coordinates": [ 72.96064868561065, 18.86563353936484 ] } },
{ "type": "Feature", "properties": { "elevation": 5.6962180137634277, "depth": 2.1331238746643066, "osmid": 9140646107, "name": [ "nan" ] }, "geometry": { "type": "Point", "coordinates": [ 72.835765900425685, 19.010412779430556 ] } },
{ "type": "Feature", "properties": { "elevation": 5.6962180137634277, "depth": 2.1331238746643066, "osmid": 9140646111, "name": [ "nan" ] }, "geometry": { "type": "Point", "coordinates": [ 72.83576513411839, 19.010413574022937 ] } },
{ "type": "Feature", "properties": { "elevation": 1.4989298582077026, "depth": 1.2768269777297974, "osmid": 9142999411, "name": [ "nan" ] }, "geometry": { "type": "Point", "coordinates": [ 72.967686497460136, 18.889405782444946 ] } },
{ "type": "Feature", "properties": { "elevation": 1.4989298582077026, "depth": 1.2768269777297974, "osmid": 9142999480, "name": [ "nan" ] }, "geometry": { "type": "Point", "coordinates": [ 72.967732318167748, 18.889483413181242 ] } },
{ "type": "Feature", "properties": { "elevation": 1.6242300271987915, "depth": 1.4534965753555298, "osmid": 9142999559, "name": [ "Panvel Uran Road" ] }, "geometry": { "type": "Point", "coordinates": [ 72.961844550522997, 18.882970506834909 ] } },
{ "type": "Feature", "properties": { "elevation": 3.7347621917724609, "depth": 1.3310647010803223, "osmid": 9146478546, "name": [ "nan" ] }, "geometry": { "type": "Point", "coordinates": [ 72.950516978217763, 18.945442656965096 ] } },
{ "type": "Feature", "properties": { "elevation": 4.5432271957397461, "depth": 1.6093883514404297, "osmid": 9162085011, "name": [ "nan" ] }, "geometry": { "type": "Point", "coordinates": [ 72.951728455888372, 18.946970020208738 ] } },
{ "type": "Feature", "properties": { "elevation": 2.971210241317749, "depth": 2.0674164295196533, "osmid": 9162085013, "name": [ "nan" ] }, "geometry": { "type": "Point", "coordinates": [ 72.95411279226397, 18.950264933764601 ] } },
{ "type": "Feature", "properties": { "elevation": 5.5670437812805176, "depth": 1.7089238166809082, "osmid": 9162085016, "name": [ "nan" ] }, "geometry": { "type": "Point", "coordinates": [ 72.950505821532033, 18.949027298451721 ] } },
{ "type": "Feature", "properties": { "elevation": 2.9850361347198486, "depth": 4.1730918884277344, "osmid": 9162085035, "name": [ "nan" ] }, "geometry": { "type": "Point", "coordinates": [ 72.95559711385188, 18.949503448452987 ] } },
{ "type": "Feature", "properties": { "elevation": 0.87706208229064941, "depth": 3.3811390399932861, "osmid": 9171782229, "name": [ "Relief Road" ] }, "geometry": { "type": "Point", "coordinates": [ 72.836831808421081, 19.1489748059061 ] } },
{ "type": "Feature", "properties": { "elevation": 5.4241271018981934, "depth": 1.9779505729675293, "osmid": 9179250243, "name": [ "nan" ] }, "geometry": { "type": "Point", "coordinates": [ 72.821390992575928, 19.004370800631222 ] } },
{ "type": "Feature", "properties": { "elevation": 5.7374811172485352, "depth": 4.1639213562011719, "osmid": 9198832962, "name": [ "nan" ] }, "geometry": { "type": "Point", "coordinates": [ 72.812382033148381, 18.910797768742704 ] } },
{ "type": "Feature", "properties": { "elevation": 0.94713908433914185, "depth": 2.8608245849609375, "osmid": 9198832962, "name": [ "nan" ] }, "geometry": { "type": "Point", "coordinates": [ 72.810112705872896, 18.912649214545265 ] } },
{ "type": "Feature", "properties": { "elevation": 0.0, "depth": 4.8943467140197754, "osmid": 9198832962, "name": [ "nan" ] }, "geometry": { "type": "Point", "coordinates": [ 72.809785047173918, 18.912909874499782 ] } },
{ "type": "Feature", "properties": { "elevation": 3.2340395450592041, "depth": 1.6603071689605713, "osmid": 9198832962, "name": [ "nan" ] }, "geometry": { "type": "Point", "coordinates": [ 72.809457387477664, 18.913170533766095 ] } },
{ "type": "Feature", "properties": { "elevation": 5.2719416618347168, "depth": 1.5279030799865723, "osmid": 9313067504, "name": [ "Vinayak K Shah Marg" ] }, "geometry": { "type": "Point", "coordinates": [ 72.821188647866336, 18.925755815224129 ] } },
{ "type": "Feature", "properties": { "elevation": 1.0, "depth": 3.1896171569824219, "osmid": 9469523484, "name": [ "nan" ] }, "geometry": { "type": "Point", "coordinates": [ 72.856488883816738, 19.062127576857737 ] } },
{ "type": "Feature", "properties": { "elevation": 3.4489407539367676, "depth": 3.5848851203918457, "osmid": 9662404715, "name": [ "nan" ] }, "geometry": { "type": "Point", "coordinates": [ 72.942071074208073, 19.149171594063109 ] } },
{ "type": "Feature", "properties": { "elevation": 5.2822508811950684, "depth": 1.7012724876403809, "osmid": 9681689002, "name": [ "Hill Road" ] }, "geometry": { "type": "Point", "coordinates": [ 72.824746036272387, 19.054481734022168 ] } },
{ "type": "Feature", "properties": { "elevation": 5.6029567718505859, "depth": 1.6420574188232422, "osmid": 9713504790, "name": [ "Maharshi Karve Road" ] }, "geometry": { "type": "Point", "coordinates": [ 72.822036844775113, 18.948527244281788 ] } },
{ "type": "Feature", "properties": { "elevation": 3.5527074337005615, "depth": 1.2132809162139893, "osmid": 9798857359, "name": [ "60 Feet Road" ] }, "geometry": { "type": "Point", "coordinates": [ 72.850823438800319, 19.040564069359803 ] } },
{ "type": "Feature", "properties": { "elevation": 1.2458367347717285, "depth": 5.3209595680236816, "osmid": 9798857360, "name": [ "nan" ] }, "geometry": { "type": "Point", "coordinates": [ 72.850034396823531, 19.038283126357385 ] } },
{ "type": "Feature", "properties": { "elevation": 5.9508075714111328, "depth": 1.6942391395568848, "osmid": 9820350985, "name": [ "Maharshi Karve Road" ] }, "geometry": { "type": "Point", "coordinates": [ 72.826743864961088, 18.94016183555274 ] } },
{ "type": "Feature", "properties": { "elevation": 3.6932508945465088, "depth": 3.5715525150299072, "osmid": 9828583078, "name": [ "nan" ] }, "geometry": { "type": "Point", "coordinates": [ 72.956000974936771, 19.152971728161102 ] } },
{ "type": "Feature", "properties": { "elevation": 3.3981969356536865, "depth": 1.319875955581665, "osmid": 9860341846, "name": [ "Ghatkopar - Mankhurd Link Road" ] }, "geometry": { "type": "Point", "coordinates": [ 72.911498644066427, 19.06427354981135 ] } },
{ "type": "Feature", "properties": { "elevation": 2.0621800422668457, "depth": 1.6694369316101074, "osmid": 9860683103, "name": [ "Eastern Freeway" ] }, "geometry": { "type": "Point", "coordinates": [ 72.870750834549114, 19.012003315294479 ] } },
{ "type": "Feature", "properties": { "elevation": 1.5, "depth": 1.5669302940368652, "osmid": 9860683103, "name": [ "Eastern Freeway" ] }, "geometry": { "type": "Point", "coordinates": [ 72.871917074038834, 19.015011506864674 ] } },
{ "type": "Feature", "properties": { "elevation": 3.0008258819580078, "depth": 2.2140936851501465, "osmid": 9860683103, "name": [ "Eastern Freeway" ] }, "geometry": { "type": "Point", "coordinates": [ 72.876190329966818, 19.022323289938431 ] } },
{ "type": "Feature", "properties": { "elevation": 4.3685708045959473, "depth": 1.3075637817382812, "osmid": 9860683103, "name": [ "Eastern Freeway" ] }, "geometry": { "type": "Point", "coordinates": [ 72.878398556256997, 19.024233110895238 ] } },
{ "type": "Feature", "properties": { "elevation": 4.5688652992248535, "depth": 2.062406063079834, "osmid": 9887092591, "name": [ "nan" ] }, "geometry": { "type": "Point", "coordinates": [ 72.827917382191941, 19.009874041682966 ] } },
{ "type": "Feature", "properties": { "elevation": 3.8232498168945312, "depth": 2.7044234275817871, "osmid": 9888993601, "name": [ "Balasaheb Sawant Road" ] }, "geometry": { "type": "Point", "coordinates": [ 72.827179881654175, 19.120048388708938 ] } },
{ "type": "Feature", "properties": { "elevation": 3.1814601421356201, "depth": 3.6897261142730713, "osmid": 9909305627, "name": [ "nan" ] }, "geometry": { "type": "Point", "coordinates": [ 72.810554449301875, 18.911345312102203 ] } },
{ "type": "Feature", "properties": { "elevation": 3.1814601421356201, "depth": 3.6897261142730713, "osmid": 9909305628, "name": [ "nan" ] }, "geometry": { "type": "Point", "coordinates": [ 72.810498435788702, 18.911522183106264 ] } },
{ "type": "Feature", "properties": { "elevation": 3.1814601421356201, "depth": 3.6897261142730713, "osmid": 9909305628, "name": [ "nan" ] }, "geometry": { "type": "Point", "coordinates": [ 72.810548675215259, 18.911335943976173 ] } },
{ "type": "Feature", "properties": { "elevation": 5.6729798316955566, "depth": 1.4502720832824707, "osmid": 9909482311, "name": [ "nan" ] }, "geometry": { "type": "Point", "coordinates": [ 72.812606383608411, 18.955918842324934 ] } },
{ "type": "Feature", "properties": { "elevation": 3.3814737796783447, "depth": 2.096879243850708, "osmid": 9909558184, "name": [ "nan" ] }, "geometry": { "type": "Point", "coordinates": [ 72.871331648291601, 19.065817246693172 ] } },
{ "type": "Feature", "properties": { "elevation": -3.1327309608459473, "depth": 5.3426923751831055, "osmid": 9913665617, "name": [ "nan" ] }, "geometry": { "type": "Point", "coordinates": [ 72.828943454092169, 19.125335737931309 ] } },
{ "type": "Feature", "properties": { "elevation": 2.3188638687133789, "depth": 1.6377179622650146, "osmid": 9931393113, "name": [ "nan" ] }, "geometry": { "type": "Point", "coordinates": [ 72.836627658893548, 19.047654059849165 ] } },
{ "type": "Feature", "properties": { "elevation": 5.5422482490539551, "depth": 3.0839028358459473, "osmid": 9936198672, "name": [ "MTHL - Eastern Freeway South Ramp" ] }, "geometry": { "type": "Point", "coordinates": [ 72.858707601584072, 18.997766101738371 ] } },
{ "type": "Feature", "properties": { "elevation": 3.0416197776794434, "depth": 2.0207452774047852, "osmid": 9936198672, "name": [ "MTHL - Eastern Freeway South Ramp" ] }, "geometry": { "type": "Point", "coordinates": [ 72.857924407255524, 18.997440902941911 ] } },
{ "type": "Feature", "properties": { "elevation": 4.6161179542541504, "depth": 1.3110876083374023, "osmid": 9972121834, "name": [ "nan" ] }, "geometry": { "type": "Point", "coordinates": [ 72.825298029185277, 19.118235085369001 ] } },
{ "type": "Feature", "properties": { "elevation": 4.5253543853759766, "depth": 1.8524737358093262, "osmid": 9972121834, "name": [ "nan" ] }, "geometry": { "type": "Point", "coordinates": [ 72.825670637817723, 19.11804011887541 ] } },
{ "type": "Feature", "properties": { "elevation": 4.060032844543457, "depth": 3.9326062202453613, "osmid": 9985506406, "name": "['Santa Cruz Flyover' 'P V Avsare Marg']" }, "geometry": { "type": "Point", "coordinates": [ 72.844193714628361, 19.091265447894656 ] } },
{ "type": "Feature", "properties": { "elevation": 4.4387345314025879, "depth": 1.3330826759338379, "osmid": 10017787219, "name": [ "Maharshi Karve Road" ] }, "geometry": { "type": "Point", "coordinates": [ 72.818051998161309, 18.952329890465165 ] } },
{ "type": "Feature", "properties": { "elevation": 3.5828750133514404, "depth": 5.2048749923706055, "osmid": 10063930948, "name": [ "Farukh S Oomerbhoy Path" ] }, "geometry": { "type": "Point", "coordinates": [ 72.825422263616105, 18.975754630728119 ] } },
{ "type": "Feature", "properties": { "elevation": 1.5, "depth": 2.2470500469207764, "osmid": 10087219412, "name": [ "Ajmera l-Land Road" ] }, "geometry": { "type": "Point", "coordinates": [ 72.879392067182351, 19.031148680399131 ] } },
{ "type": "Feature", "properties": { "elevation": 3.4010581970214844, "depth": 3.8066020011901855, "osmid": 10207397917, "name": [ "nan" ] }, "geometry": { "type": "Point", "coordinates": [ 72.889683946728226, 19.058775403411261 ] } },
{ "type": "Feature", "properties": { "elevation": 4.2982158660888672, "depth": 1.5635313987731934, "osmid": 10216570896, "name": "['Chembur Flyover' 'Eastern Express Highway']" }, "geometry": { "type": "Point", "coordinates": [ 72.895930124700143, 19.063147722989228 ] } },
{ "type": "Feature", "properties": { "elevation": 4.0790729522705078, "depth": 2.4476332664489746, "osmid": 10232760006, "name": [ "nan" ] }, "geometry": { "type": "Point", "coordinates": [ 72.809105659536854, 18.978562158158709 ] } },
{ "type": "Feature", "properties": { "elevation": 4.0790729522705078, "depth": 2.4476332664489746, "osmid": 10232760006, "name": [ "nan" ] }, "geometry": { "type": "Point", "coordinates": [ 72.809115056858715, 18.978565215744361 ] } },
{ "type": "Feature", "properties": { "elevation": 3.3263864517211914, "depth": 3.5984153747558594, "osmid": 10246722206, "name": [ "Samarth Ramdas Marg" ] }, "geometry": { "type": "Point", "coordinates": [ 72.835654709579188, 19.112183504288186 ] } },
{ "type": "Feature", "properties": { "elevation": 3.882204532623291, "depth": 1.3227119445800781, "osmid": 10259421234, "name": [ "nan" ] }, "geometry": { "type": "Point", "coordinates": [ 72.945299202983819, 19.13643823096157 ] } },
{ "type": "Feature", "properties": { "elevation": 3.6209473609924316, "depth": 1.2086029052734375, "osmid": 10265648784, "name": [ "nan" ] }, "geometry": { "type": "Point", "coordinates": [ 72.84629625131447, 19.082424475115641 ] } },
{ "type": "Feature", "properties": { "elevation": 1.4409457445144653, "depth": 2.8763599395751953, "osmid": 10265648784, "name": [ "nan" ] }, "geometry": { "type": "Point", "coordinates": [ 72.845985085801686, 19.084430800689951 ] } },
{ "type": "Feature", "properties": { "elevation": 4.3296456336975098, "depth": 2.9919357299804688, "osmid": 10267389225, "name": [ "nan" ] }, "geometry": { "type": "Point", "coordinates": [ 72.890412534920131, 19.067452316598708 ] } },
{ "type": "Feature", "properties": { "elevation": 3.2532036304473877, "depth": 1.8579285144805908, "osmid": 10268111711, "name": [ "Ghatkopar Flyover" ] }, "geometry": { "type": "Point", "coordinates": [ 72.919200174190806, 19.081915308103113 ] } },
{ "type": "Feature", "properties": { "elevation": 5.6303677558898926, "depth": 2.4277262687683105, "osmid": 10277590767, "name": [ "Ceasar Road" ] }, "geometry": { "type": "Point", "coordinates": [ 72.840549163136274, 19.12762003452022 ] } },
{ "type": "Feature", "properties": { "elevation": 5.5589389801025391, "depth": 2.2519741058349609, "osmid": 10277700925, "name": [ "N S Mankikar Marg" ] }, "geometry": { "type": "Point", "coordinates": [ 72.867930470575459, 19.052680888468341 ] } },
{ "type": "Feature", "properties": { "elevation": 5.6038799285888672, "depth": 1.4324131011962891, "osmid": 10277700947, "name": [ "nan" ] }, "geometry": { "type": "Point", "coordinates": [ 72.866355931565366, 19.02871050855639 ] } },
{ "type": "Feature", "properties": { "elevation": 5.7169365882873535, "depth": 1.3067936897277832, "osmid": 10277700948, "name": [ "nan" ] }, "geometry": { "type": "Point", "coordinates": [ 72.866904004561349, 19.030257592373435 ] } },
{ "type": "Feature", "properties": { "elevation": 4.7042860984802246, "depth": 1.7751073837280273, "osmid": 10277746010, "name": [ "Senapati Bapat Marg" ] }, "geometry": { "type": "Point", "coordinates": [ 72.830716044546364, 19.004314422178563 ] } },
{ "type": "Feature", "properties": { "elevation": 5.9123454093933105, "depth": 2.7187409400939941, "osmid": 10277881705, "name": [ "Marine Drive" ] }, "geometry": { "type": "Point", "coordinates": [ 72.822294642249091, 18.930208973998003 ] } },
{ "type": "Feature", "properties": { "elevation": 3.3687164783477783, "depth": 2.5650737285614014, "osmid": 10279771622, "name": [ "Ghatkopar Mahul Road" ] }, "geometry": { "type": "Point", "coordinates": [ 72.899755933795561, 19.066551928941021 ] } },
{ "type": "Feature", "properties": { "elevation": 5.7940292358398438, "depth": 3.7356090545654297, "osmid": 10279771631, "name": [ "nan" ] }, "geometry": { "type": "Point", "coordinates": [ 72.865922906109574, 19.066676298609334 ] } },
{ "type": "Feature", "properties": { "elevation": 2.8705322742462158, "depth": 3.4491431713104248, "osmid": 10279771648, "name": [ "nan" ] }, "geometry": { "type": "Point", "coordinates": [ 72.883918247243329, 19.056346408591242 ] } },
{ "type": "Feature", "properties": { "elevation": 5.087061882019043, "depth": 2.4230694770812988, "osmid": 10281800034, "name": [ "nan" ] }, "geometry": { "type": "Point", "coordinates": [ 72.852253291519588, 18.993140550041225 ] } },
{ "type": "Feature", "properties": { "elevation": 3.2462210655212402, "depth": 1.5962405204772949, "osmid": 10281883194, "name": [ "nan" ] }, "geometry": { "type": "Point", "coordinates": [ 72.845739481679544, 19.053962950060622 ] } },
{ "type": "Feature", "properties": { "elevation": 4.1873598098754883, "depth": 3.1730632781982422, "osmid": 10281984341, "name": [ "nan" ] }, "geometry": { "type": "Point", "coordinates": [ 72.816055733650131, 19.127212024752954 ] } },
{ "type": "Feature", "properties": { "elevation": 4.8438501358032227, "depth": 2.7034440040588379, "osmid": 10287277761, "name": [ "Yari Road" ] }, "geometry": { "type": "Point", "coordinates": [ 72.807640525696783, 19.137209444959169 ] } },
{ "type": "Feature", "properties": { "elevation": 3.2620179653167725, "depth": 1.2488491535186768, "osmid": 10299242939, "name": [ "30 Feet Road" ] }, "geometry": { "type": "Point", "coordinates": [ 72.948582892896184, 19.1461641086367 ] } },
{ "type": "Feature", "properties": { "elevation": 5.8028931617736816, "depth": 1.7819476127624512, "osmid": 10316090270, "name": "['A Patil Flyover' 'Dr Babasaheb Ambedkar Marg']" }, "geometry": { "type": "Point", "coordinates": [ 72.833143451455882, 18.972816609358631 ] } },
{ "type": "Feature", "properties": { "elevation": 4.4526767730712891, "depth": 3.0648002624511719, "osmid": 10578361568, "name": [ "nan" ] }, "geometry": { "type": "Point", "coordinates": [ 72.849250140336508, 19.02556282818356 ] } },
{ "type": "Feature", "properties": { "elevation": 5.1468005180358887, "depth": 1.7845754623413086, "osmid": 10583657658, "name": [ "nan" ] }, "geometry": { "type": "Point", "coordinates": [ 72.815925906924832, 18.987500505576929 ] } },
{ "type": "Feature", "properties": { "elevation": 5.7482390403747559, "depth": 2.8129715919494629, "osmid": 10593568043, "name": [ "nan" ] }, "geometry": { "type": "Point", "coordinates": [ 72.823431512928551, 19.000605232218149 ] } },
{ "type": "Feature", "properties": { "elevation": 5.7482390403747559, "depth": 2.8129715919494629, "osmid": 10593568046, "name": [ "nan" ] }, "geometry": { "type": "Point", "coordinates": [ 72.823458332551027, 19.000600901277817 ] } },
{ "type": "Feature", "properties": { "elevation": 2.2432260513305664, "depth": 3.8666353225708008, "osmid": 10603299587, "name": [ "S B Patil Road" ] }, "geometry": { "type": "Point", "coordinates": [ 72.831740004766971, 19.083762122221284 ] } },
{ "type": "Feature", "properties": { "elevation": 5.1482558250427246, "depth": 1.9866266250610352, "osmid": 10603299587, "name": [ "S B Patil Road" ] }, "geometry": { "type": "Point", "coordinates": [ 72.830621175884488, 19.081873437695581 ] } },
{ "type": "Feature", "properties": { "elevation": 5.2502846717834473, "depth": 1.7089653015136719, "osmid": 10610854706, "name": [ "Rajaram Bane Marg" ] }, "geometry": { "type": "Point", "coordinates": [ 72.916936690566288, 19.089739519491239 ] } },
{ "type": "Feature", "properties": { "elevation": 5.2196173667907715, "depth": 1.4096479415893555, "osmid": 10614318013, "name": [ "nan" ] }, "geometry": { "type": "Point", "coordinates": [ 72.844984771840174, 18.963372888451815 ] } },
{ "type": "Feature", "properties": { "elevation": 5.8282766342163086, "depth": 1.9920444488525391, "osmid": 10654153512, "name": [ "nan" ] }, "geometry": { "type": "Point", "coordinates": [ 72.858749179615543, 19.045245564485299 ] } },
{ "type": "Feature", "properties": { "elevation": 4.3691625595092773, "depth": 1.6617112159729004, "osmid": 10704111732, "name": [ "Sane Guruji Marg" ] }, "geometry": { "type": "Point", "coordinates": [ 72.816729261400894, 18.969799656914951 ] } },
{ "type": "Feature", "properties": { "elevation": 4.9363832473754883, "depth": 1.4012656211853027, "osmid": 10704111732, "name": [ "Sane Guruji Marg" ] }, "geometry": { "type": "Point", "coordinates": [ 72.816397038558804, 18.969373320391647 ] } },
{ "type": "Feature", "properties": { "elevation": 3.0239846706390381, "depth": 2.6563756465911865, "osmid": 10722794863, "name": [ "nan" ] }, "geometry": { "type": "Point", "coordinates": [ 72.847490160389029, 19.029151178777262 ] } },
{ "type": "Feature", "properties": { "elevation": 4.8310341835021973, "depth": 1.5572972297668457, "osmid": 10722958723, "name": [ "Kadeshwari Mandir Marg" ] }, "geometry": { "type": "Point", "coordinates": [ 72.820880395697941, 19.043248033432299 ] } },
{ "type": "Feature", "properties": { "elevation": 4.9285712242126465, "depth": 2.3583288192749023, "osmid": 10722958723, "name": [ "Kadeshwari Mandir Marg" ] }, "geometry": { "type": "Point", "coordinates": [ 72.820574504145327, 19.042803454478126 ] } },
{ "type": "Feature", "properties": { "elevation": 5.657926082611084, "depth": 2.2310800552368164, "osmid": 10722958723, "name": [ "Kadeshwari Mandir Marg" ] }, "geometry": { "type": "Point", "coordinates": [ 72.824036766967097, 19.044712971971233 ] } },
{ "type": "Feature", "properties": { "elevation": 4.3883285522460938, "depth": 1.3867359161376953, "osmid": 10738867822, "name": "['Sewri-Chembur Road' 'Padmabushan Vasantdada Patil Marg']" }, "geometry": { "type": "Point", "coordinates": [ 72.878072432438074, 19.047654773846144 ] } },
{ "type": "Feature", "properties": { "elevation": 5.8849782943725586, "depth": 1.3401074409484863, "osmid": 10750563816, "name": [ "nan" ] }, "geometry": { "type": "Point", "coordinates": [ 72.899855899442443, 19.065946786981847 ] } },
{ "type": "Feature", "properties": { "elevation": 5.2208213806152344, "depth": 3.1919670104980469, "osmid": 10750563816, "name": [ "nan" ] }, "geometry": { "type": "Point", "coordinates": [ 72.900669651057427, 19.066495189418237 ] } },
{ "type": "Feature", "properties": { "elevation": 3.1975319385528564, "depth": 1.592235803604126, "osmid": 10758493605, "name": [ "M Sanghi Marg" ] }, "geometry": { "type": "Point", "coordinates": [ 72.815453924148116, 18.989952947240777 ] } },
{ "type": "Feature", "properties": { "elevation": 5.456207275390625, "depth": 2.0456790924072266, "osmid": 10809175122, "name": [ "Chheda Nagar Service Road" ] }, "geometry": { "type": "Point", "coordinates": [ 72.900591528707949, 19.066032395924388 ] } },
{ "type": "Feature", "properties": { "elevation": 5.9494199752807617, "depth": 2.2694683074951172, "osmid": 10824774388, "name": [ "Ghatkopar - Mankhurd Link Road Flyover" ] }, "geometry": { "type": "Point", "coordinates": [ 72.920580324528984, 19.060989551028825 ] } },
{ "type": "Feature", "properties": { "elevation": 5.264643669128418, "depth": 1.8738260269165039, "osmid": 10824774388, "name": [ "Ghatkopar - Mankhurd Link Road Flyover" ] }, "geometry": { "type": "Point", "coordinates": [ 72.925714981999292, 19.058340262821403 ] } },
{ "type": "Feature", "properties": { "elevation": 5.979557991027832, "depth": 1.2588472366333008, "osmid": 10877664327, "name": "['Patthe Bapurao Marg (Falkland Road)' 'Patthe Bapurao Flyover']" }, "geometry": { "type": "Point", "coordinates": [ 72.816991633699985, 18.967805589571391 ] } },
{ "type": "Feature", "properties": { "elevation": 5.5724086761474609, "depth": 2.2546114921569824, "osmid": 10879528590, "name": [ "nan" ] }, "geometry": { "type": "Point", "coordinates": [ 72.826186330643495, 19.151574878542252 ] } },
{ "type": "Feature", "properties": { "elevation": 4.4541215896606445, "depth": 2.5529661178588867, "osmid": 10879528590, "name": [ "nan" ] }, "geometry": { "type": "Point", "coordinates": [ 72.827354354980173, 19.152942220216879 ] } },
{ "type": "Feature", "properties": { "elevation": 3.4974260330200195, "depth": 2.4474687576293945, "osmid": 10879528590, "name": [ "nan" ] }, "geometry": { "type": "Point", "coordinates": [ 72.827621678375365, 19.153259464719696 ] } },
{ "type": "Feature", "properties": { "elevation": 0.0, "depth": 6.2228727340698242, "osmid": 10885603698, "name": [ "Walkeshwar Road" ] }, "geometry": { "type": "Point", "coordinates": [ 72.806125995117725, 18.953214593485335 ] } },
{ "type": "Feature", "properties": { "elevation": 5.6419205665588379, "depth": 2.6558279991149902, "osmid": 10885775501, "name": [ "Dr Dadasaheb Bhadkamkar Marg" ] }, "geometry": { "type": "Point", "coordinates": [ 72.819022668594585, 18.96557598345932 ] } },
{ "type": "Feature", "properties": { "elevation": 4.3937625885009766, "depth": 5.0456628799438477, "osmid": 10885775501, "name": [ "Dr Dadasaheb Bhadkamkar Marg" ] }, "geometry": { "type": "Point", "coordinates": [ 72.818483382999204, 18.964178418605623 ] } },
{ "type": "Feature", "properties": { "elevation": 0.0, "depth": 7.2693777084350586, "osmid": 10886066866, "name": [ "P J Ramchandani Marg" ] }, "geometry": { "type": "Point", "coordinates": [ 72.832425549343426, 18.919342288751036 ] } },
{ "type": "Feature", "properties": { "elevation": 0.0, "depth": 5.5837445259094238, "osmid": 10886066866, "name": [ "P J Ramchandani Marg" ] }, "geometry": { "type": "Point", "coordinates": [ 72.832194470205991, 18.918846999553498 ] } },
{ "type": "Feature", "properties": { "elevation": 5.6308426856994629, "depth": 1.419163703918457, "osmid": 10921178337, "name": [ "Ambedkar Chowk" ] }, "geometry": { "type": "Point", "coordinates": [ 72.914687593355055, 19.084077374311242 ] } },
{ "type": "Feature", "properties": { "elevation": 2.5282199382781982, "depth": 1.9443309307098389, "osmid": 10921183535, "name": [ "nan" ] }, "geometry": { "type": "Point", "coordinates": [ 72.917250258116027, 19.080465188786643 ] } },
{ "type": "Feature", "properties": { "elevation": 3.107266902923584, "depth": 1.7296919822692871, "osmid": 10921440677, "name": [ "Eastern Express Highway" ] }, "geometry": { "type": "Point", "coordinates": [ 72.966608268921505, 19.168708923681127 ] } },
{ "type": "Feature", "properties": { "elevation": 4.7182965278625488, "depth": 1.3596358299255371, "osmid": 10921540397, "name": [ "Gurunanak Marg (Turner Road)" ] }, "geometry": { "type": "Point", "coordinates": [ 72.839839237357126, 19.055334165596634 ] } },
{ "type": "Feature", "properties": { "elevation": 4.7846665382385254, "depth": 3.2914204597473145, "osmid": 10921540397, "name": [ "Gurunanak Marg (Turner Road)" ] }, "geometry": { "type": "Point", "coordinates": [ 72.839796405798637, 19.054410450759669 ] } },
{ "type": "Feature", "properties": { "elevation": 3.6003715991973877, "depth": 3.6376473903656006, "osmid": 10923400512, "name": [ "nan" ] }, "geometry": { "type": "Point", "coordinates": [ 72.849788787346725, 19.08191666999948 ] } },
{ "type": "Feature", "properties": { "elevation": 5.7290844917297363, "depth": 2.1220073699951172, "osmid": 10923992388, "name": [ "nan" ] }, "geometry": { "type": "Point", "coordinates": [ 72.894085069731659, 19.063521690859844 ] } },
{ "type": "Feature", "properties": { "elevation": 5.4241271018981934, "depth": 1.9779505729675293, "osmid": 10936072199, "name": [ "nan" ] }, "geometry": { "type": "Point", "coordinates": [ 72.821408007524141, 19.00436229947767 ] } },
{ "type": "Feature", "properties": { "elevation": 5.7669758796691895, "depth": 2.495643138885498, "osmid": 10939076153, "name": [ "nan" ] }, "geometry": { "type": "Point", "coordinates": [ 72.93791018723158, 19.142021642178943 ] } },
{ "type": "Feature", "properties": { "elevation": 5.5431008338928223, "depth": 1.4523124694824219, "osmid": 10941880419, "name": [ "nan" ] }, "geometry": { "type": "Point", "coordinates": [ 72.892005507295394, 19.049168008864353 ] } },
{ "type": "Feature", "properties": { "elevation": 5.2495455741882324, "depth": 5.3761210441589355, "osmid": 10960976278, "name": [ "nan" ] }, "geometry": { "type": "Point", "coordinates": [ 72.843329566388178, 19.152037816877943 ] } },
{ "type": "Feature", "properties": { "elevation": 0.0, "depth": 3.4987070560455322, "osmid": 11021893429, "name": [ "nan" ] }, "geometry": { "type": "Point", "coordinates": [ 72.799696015962226, 18.961249260057876 ] } },
{ "type": "Feature", "properties": { "elevation": 5.8282766342163086, "depth": 1.9920444488525391, "osmid": 11022948210, "name": [ "nan" ] }, "geometry": { "type": "Point", "coordinates": [ 72.858784028088522, 19.045219645772438 ] } },
{ "type": "Feature", "properties": { "elevation": 3.6067240238189697, "depth": 1.5032179355621338, "osmid": 11027088421, "name": [ "Kanzul Iman Road" ] }, "geometry": { "type": "Point", "coordinates": [ 72.862943327601215, 19.067464273312499 ] } },
{ "type": "Feature", "properties": { "elevation": 3.2279210090637207, "depth": 4.3327465057373047, "osmid": 11028932499, "name": [ "Rajaram Bane Marg" ] }, "geometry": { "type": "Point", "coordinates": [ 72.917430970346373, 19.092068647463787 ] } },
{ "type": "Feature", "properties": { "elevation": 5.2502846717834473, "depth": 1.7089653015136719, "osmid": 11028932499, "name": [ "Rajaram Bane Marg" ] }, "geometry": { "type": "Point", "coordinates": [ 72.916878259107946, 19.08977261450946 ] } },
{ "type": "Feature", "properties": { "elevation": 5.5105953216552734, "depth": 3.0252714157104492, "osmid": 11029100222, "name": [ "nan" ] }, "geometry": { "type": "Point", "coordinates": [ 72.828438720360055, 19.010564815070897 ] } },
{ "type": "Feature", "properties": { "elevation": 4.7632513046264648, "depth": 4.0495977401733398, "osmid": 11029901393, "name": [ "nan" ] }, "geometry": { "type": "Point", "coordinates": [ 72.83856654926818, 19.129751344002223 ] } },
{ "type": "Feature", "properties": { "elevation": 1.5590940713882446, "depth": 2.1852388381958008, "osmid": 11036620919, "name": [ "J Boman Behram Marg" ] }, "geometry": { "type": "Point", "coordinates": [ 72.820293189819594, 18.968843410706754 ] } },
{ "type": "Feature", "properties": { "elevation": 2.063274621963501, "depth": 1.6810581684112549, "osmid": 11036620919, "name": [ "J Boman Behram Marg" ] }, "geometry": { "type": "Point", "coordinates": [ 72.820572872818531, 18.968861059911113 ] } },
{ "type": "Feature", "properties": { "elevation": 3.9671707153320312, "depth": 4.1111650466918945, "osmid": 11037035697, "name": [ "nan" ] }, "geometry": { "type": "Point", "coordinates": [ 72.877459264432972, 19.070944553743686 ] } },
{ "type": "Feature", "properties": { "elevation": 2.2116615772247314, "depth": 2.7018802165985107, "osmid": 11037270926, "name": [ "JNPT Terminal 1" ] }, "geometry": { "type": "Point", "coordinates": [ 72.957869869308183, 18.950730345388465 ] } },
{ "type": "Feature", "properties": { "elevation": 2.6030220985412598, "depth": 2.5274872779846191, "osmid": 11037270926, "name": [ "JNPT Terminal 1" ] }, "geometry": { "type": "Point", "coordinates": [ 72.954512443988463, 18.946353638559657 ] } },
{ "type": "Feature", "properties": { "elevation": 5.5393123626708984, "depth": 1.4130125045776367, "osmid": 11037285760, "name": [ "nan" ] }, "geometry": { "type": "Point", "coordinates": [ 72.961289928619735, 18.93240827667848 ] } },
{ "type": "Feature", "properties": { "elevation": 1.949968695640564, "depth": 2.2241778373718262, "osmid": 11037382519, "name": [ "nan" ] }, "geometry": { "type": "Point", "coordinates": [ 72.950148081478162, 18.906852910886034 ] } },
{ "type": "Feature", "properties": { "elevation": 1.6292033195495605, "depth": 1.7378478050231934, "osmid": 11037382519, "name": [ "nan" ] }, "geometry": { "type": "Point", "coordinates": [ 72.950398007251565, 18.906366503018354 ] } },
{ "type": "Feature", "properties": { "elevation": 4.3565964698791504, "depth": 1.704836368560791, "osmid": 11038520162, "name": [ "nan" ] }, "geometry": { "type": "Point", "coordinates": [ 72.969382286001007, 18.88029056806544 ] } },
{ "type": "Feature", "properties": { "elevation": 4.3565964698791504, "depth": 1.704836368560791, "osmid": 11038544958, "name": [ "nan" ] }, "geometry": { "type": "Point", "coordinates": [ 72.969379358050062, 18.880288309349098 ] } },
{ "type": "Feature", "properties": { "elevation": 5.0564556121826172, "depth": 6.1776714324951172, "osmid": 11038547545, "name": [ "Dr Babasaheb Ambedkar Marg" ] }, "geometry": { "type": "Point", "coordinates": [ 72.835555860954116, 18.986613194767845 ] } },
{ "type": "Feature", "properties": { "elevation": 1.2458367347717285, "depth": 5.3209595680236816, "osmid": 11038556197, "name": [ "nan" ] }, "geometry": { "type": "Point", "coordinates": [ 72.850012397210619, 19.038239408276276 ] } },
{ "type": "Feature", "properties": { "elevation": 5.55926513671875, "depth": 5.1799192428588867, "osmid": 11039324606, "name": [ "nan" ] }, "geometry": { "type": "Point", "coordinates": [ 72.908802431119653, 19.07670525343919 ] } },
{ "type": "Feature", "properties": { "elevation": 0.0, "depth": 2.4561786651611328, "osmid": 11042247128, "name": [ "nan" ] }, "geometry": { "type": "Point", "coordinates": [ 72.781897308035795, 19.158435137403202 ] } },
{ "type": "Feature", "properties": { "elevation": 4.5675091743469238, "depth": 3.5205349922180176, "osmid": 11043282242, "name": [ "nan" ] }, "geometry": { "type": "Point", "coordinates": [ 72.89840180576148, 19.067477040530633 ] } },
{ "type": "Feature", "properties": { "elevation": 3.4684536457061768, "depth": 4.8376255035400391, "osmid": 11045757317, "name": [ "Sasmira Road" ] }, "geometry": { "type": "Point", "coordinates": [ 72.819539967622418, 19.015030097703875 ] } },
{ "type": "Feature", "properties": { "elevation": 5.2250576019287109, "depth": 3.4115743637084961, "osmid": 11045894710, "name": [ "nan" ] }, "geometry": { "type": "Point", "coordinates": [ 72.832333956517544, 18.995010857038952 ] } },
{ "type": "Feature", "properties": { "elevation": 5.3058090209960938, "depth": 1.400726318359375, "osmid": 11047754821, "name": [ "Pant Nagar Colony Road" ] }, "geometry": { "type": "Point", "coordinates": [ 72.913807353948116, 19.084737951957148 ] } },
{ "type": "Feature", "properties": { "elevation": 5.6555652618408203, "depth": 2.8151330947875977, "osmid": 11050494317, "name": [ "nan" ] }, "geometry": { "type": "Point", "coordinates": [ 72.825504088326255, 18.981901672316052 ] } },
{ "type": "Feature", "properties": { "elevation": 5.7635002136230469, "depth": 2.1352062225341797, "osmid": 11050494317, "name": [ "nan" ] }, "geometry": { "type": "Point", "coordinates": [ 72.825884200145907, 18.981903059989978 ] } },
{ "type": "Feature", "properties": { "elevation": 5.7635002136230469, "depth": 2.1352062225341797, "osmid": 11050494325, "name": [ "nan" ] }, "geometry": { "type": "Point", "coordinates": [ 72.825908890624248, 18.981815497177159 ] } },
{ "type": "Feature", "properties": { "elevation": 5.6555652618408203, "depth": 2.8151330947875977, "osmid": 11050494325, "name": [ "nan" ] }, "geometry": { "type": "Point", "coordinates": [ 72.825457959126084, 18.98189256215775 ] } },
{ "type": "Feature", "properties": { "elevation": 1.0, "depth": 2.6302297115325928, "osmid": 11052574146, "name": [ "nan" ] }, "geometry": { "type": "Point", "coordinates": [ 72.836247054249, 19.151417427190495 ] } },
{ "type": "Feature", "properties": { "elevation": 1.0, "depth": 3.7174530029296875, "osmid": 11052574154, "name": [ "nan" ] }, "geometry": { "type": "Point", "coordinates": [ 72.838553407125374, 19.151217133838649 ] } },
{ "type": "Feature", "properties": { "elevation": 4.9509930610656738, "depth": 2.6163654327392578, "osmid": 11054517749, "name": [ "nan" ] }, "geometry": { "type": "Point", "coordinates": [ 72.874556241591492, 19.076571051776714 ] } },
{ "type": "Feature", "properties": { "elevation": 4.100895881652832, "depth": 1.5605936050415039, "osmid": 11054647405, "name": [ "nan" ] }, "geometry": { "type": "Point", "coordinates": [ 72.870348671307624, 19.049925413279237 ] } },
{ "type": "Feature", "properties": { "elevation": 5.2405819892883301, "depth": 2.2177772521972656, "osmid": 11054745013, "name": [ "nan" ] }, "geometry": { "type": "Point", "coordinates": [ 72.939184034199613, 19.11409810971573 ] } },
{ "type": "Feature", "properties": { "elevation": 3.8812785148620605, "depth": 6.0264601707458496, "osmid": 11056082836, "name": "['Samanthbhai K Rathod Road' 'Samantbhai K Rathod Road']" }, "geometry": { "type": "Point", "coordinates": [ 72.82058831243792, 18.978549843701408 ] } },
{ "type": "Feature", "properties": { "elevation": 5.3707294464111328, "depth": 2.2348675727844238, "osmid": 11060890554, "name": [ "nan" ] }, "geometry": { "type": "Point", "coordinates": [ 72.874876321236641, 19.078648527556943 ] } },
{ "type": "Feature", "properties": { "elevation": 5.915778636932373, "depth": 4.5613131523132324, "osmid": 11061179617, "name": [ "nan" ] }, "geometry": { "type": "Point", "coordinates": [ 72.810727075505127, 18.902545560381785 ] } },
{ "type": "Feature", "properties": { "elevation": 0.0, "depth": 6.5861110687255859, "osmid": 11061182038, "name": [ "nan" ] }, "geometry": { "type": "Point", "coordinates": [ 72.81726075089037, 18.903740284766876 ] } },
{ "type": "Feature", "properties": { "elevation": 0.0, "depth": 4.8943467140197754, "osmid": 11061221653, "name": [ "nan" ] }, "geometry": { "type": "Point", "coordinates": [ 72.809769296717093, 18.912922404309445 ] } },
{ "type": "Feature", "properties": { "elevation": 0.94713908433914185, "depth": 2.8608245849609375, "osmid": 11061221653, "name": [ "nan" ] }, "geometry": { "type": "Point", "coordinates": [ 72.810096955464005, 18.912661744388004 ] } },
{ "type": "Feature", "properties": { "elevation": 5.7374811172485352, "depth": 4.1639213562011719, "osmid": 11061221653, "name": [ "nan" ] }, "geometry": { "type": "Point", "coordinates": [ 72.812366347863403, 18.910810372212609 ] } },
{ "type": "Feature", "properties": { "elevation": 2.2157218456268311, "depth": 2.0550520420074463, "osmid": 11061452285, "name": [ "nan" ] }, "geometry": { "type": "Point", "coordinates": [ 72.923581055094743, 19.051352012448945 ] } },
{ "type": "Feature", "properties": { "elevation": 3.9723076820373535, "depth": 1.4536089897155762, "osmid": 11061452285, "name": [ "nan" ] }, "geometry": { "type": "Point", "coordinates": [ 72.924407771789603, 19.050773525336727 ] } },
{ "type": "Feature", "properties": { "elevation": 4.3296456336975098, "depth": 2.9919357299804688, "osmid": 11064166077, "name": [ "nan" ] }, "geometry": { "type": "Point", "coordinates": [ 72.890423497579576, 19.06746120113694 ] } },
{ "type": "Feature", "properties": { "elevation": 4.7150702476501465, "depth": 2.606511116027832, "osmid": 11064166077, "name": [ "nan" ] }, "geometry": { "type": "Point", "coordinates": [ 72.890143809005252, 19.06715600699502 ] } },
{ "type": "Feature", "properties": { "elevation": 5.2182517051696777, "depth": 2.3056678771972656, "osmid": 11066612235, "name": [ "nan" ] }, "geometry": { "type": "Point", "coordinates": [ 72.91995166070835, 19.073940738037592 ] } },
{ "type": "Feature", "properties": { "elevation": 5.2182517051696777, "depth": 2.3056678771972656, "osmid": 11066612236, "name": [ "nan" ] }, "geometry": { "type": "Point", "coordinates": [ 72.919986821375929, 19.073995241431163 ] } },
{ "type": "Feature", "properties": { "elevation": 3.62363600730896, "depth": 2.5824820995330811, "osmid": 11068310595, "name": [ "nan" ] }, "geometry": { "type": "Point", "coordinates": [ 72.92532953384854, 19.05167161135871 ] } },
{ "type": "Feature", "properties": { "elevation": 1.6242300271987915, "depth": 1.4534965753555298, "osmid": 11068944984, "name": [ "Panvel Uran Road" ] }, "geometry": { "type": "Point", "coordinates": [ 72.961800310773526, 18.882937120542213 ] } },
{ "type": "Feature", "properties": { "elevation": 4.6462230682373047, "depth": 2.5056400299072266, "osmid": 11068960524, "name": [ "nan" ] }, "geometry": { "type": "Point", "coordinates": [ 72.943949822999457, 18.880123493967677 ] } },
{ "type": "Feature", "properties": { "elevation": 4.6462230682373047, "depth": 2.5056400299072266, "osmid": 11068960525, "name": [ "nan" ] }, "geometry": { "type": "Point", "coordinates": [ 72.943941988431988, 18.880098103021997 ] } },
{ "type": "Feature", "properties": { "elevation": 5.9389348030090332, "depth": 1.8462071418762207, "osmid": 11070428751, "name": [ "Dumayne Marg" ] }, "geometry": { "type": "Point", "coordinates": [ 72.825686016899212, 18.910639490564414 ] } },
{ "type": "Feature", "properties": { "elevation": 5.3043575286865234, "depth": 3.5628080368041992, "osmid": 11070437998, "name": [ "Dumayne Marg" ] }, "geometry": { "type": "Point", "coordinates": [ 72.824916306106317, 18.911487660249914 ] } },
{ "type": "Feature", "properties": { "elevation": 2.6481657028198242, "depth": 1.7272930145263672, "osmid": 11070470071, "name": [ "nan" ] }, "geometry": { "type": "Point", "coordinates": [ 72.867418420380844, 19.015690848234708 ] } },
{ "type": "Feature", "properties": { "elevation": 3.2385504245758057, "depth": 1.2795870304107666, "osmid": 11070470071, "name": [ "nan" ] }, "geometry": { "type": "Point", "coordinates": [ 72.866325327512186, 19.014276037523089 ] } },
{ "type": "Feature", "properties": { "elevation": 3.2385504245758057, "depth": 1.2795870304107666, "osmid": 11070470076, "name": [ "nan" ] }, "geometry": { "type": "Point", "coordinates": [ 72.866318472347487, 19.014267612740127 ] } },
{ "type": "Feature", "properties": { "elevation": 2.6481657028198242, "depth": 1.7272930145263672, "osmid": 11070470076, "name": [ "nan" ] }, "geometry": { "type": "Point", "coordinates": [ 72.867414439224973, 19.015680879381424 ] } },
{ "type": "Feature", "properties": { "elevation": 4.2176647186279297, "depth": 2.076958179473877, "osmid": 11143613413, "name": [ "nan" ] }, "geometry": { "type": "Point", "coordinates": [ 72.883369456225722, 19.057122138286484 ] } },
{ "type": "Feature", "properties": { "elevation": 2.9415485858917236, "depth": 2.3870747089385986, "osmid": 11143613413, "name": [ "nan" ] }, "geometry": { "type": "Point", "coordinates": [ 72.883099645491811, 19.057749081210872 ] } },
{ "type": "Feature", "properties": { "elevation": 4.2176647186279297, "depth": 2.076958179473877, "osmid": 11143613414, "name": [ "nan" ] }, "geometry": { "type": "Point", "coordinates": [ 72.883391229855903, 19.057209966080009 ] } },
{ "type": "Feature", "properties": { "elevation": 0.0, "depth": 9.7243728637695312, "osmid": 11144394047, "name": [ "nan" ] }, "geometry": { "type": "Point", "coordinates": [ 72.811947302716419, 18.987638881591117 ] } },
{ "type": "Feature", "properties": { "elevation": 0.0, "depth": 2.9144155979156494, "osmid": 11144394047, "name": [ "nan" ] }, "geometry": { "type": "Point", "coordinates": [ 72.813200743122948, 18.987460239711542 ] } },
{ "type": "Feature", "properties": { "elevation": 4.9196109771728516, "depth": 3.3792085647583008, "osmid": 11184967332, "name": [ "Gilder Path" ] }, "geometry": { "type": "Point", "coordinates": [ 72.81868624200898, 18.967469991472072 ] } },
{ "type": "Feature", "properties": { "elevation": 3.6428735256195068, "depth": 3.9076268672943115, "osmid": 11185645373, "name": [ "nan" ] }, "geometry": { "type": "Point", "coordinates": [ 72.857553835253498, 19.045813408717752 ] } },
{ "type": "Feature", "properties": { "elevation": 4.8277945518493652, "depth": 1.2976083755493164, "osmid": 11196128952, "name": [ "Veer Savarkar Road" ] }, "geometry": { "type": "Point", "coordinates": [ 72.943008846861716, 19.148821506788664 ] } },
{ "type": "Feature", "properties": { "elevation": 5.9871945381164551, "depth": 1.7150125503540039, "osmid": 11204073823, "name": [ "nan" ] }, "geometry": { "type": "Point", "coordinates": [ 72.911757102997043, 19.088561105053859 ] } },
{ "type": "Feature", "properties": { "elevation": 4.1570587158203125, "depth": 1.7357363700866699, "osmid": 11222162587, "name": [ "nan" ] }, "geometry": { "type": "Point", "coordinates": [ 72.902407702255829, 19.062657935599436 ] } },
{ "type": "Feature", "properties": { "elevation": 5.6280193328857422, "depth": 1.5905575752258301, "osmid": 11237867492, "name": [ "nan" ] }, "geometry": { "type": "Point", "coordinates": [ 72.826631347079612, 18.968620812134411 ] } },
{ "type": "Feature", "properties": { "elevation": 2.9818286895751953, "depth": 2.6571998596191406, "osmid": 11237867492, "name": [ "nan" ] }, "geometry": { "type": "Point", "coordinates": [ 72.825457586739319, 18.96938787669967 ] } },
{ "type": "Feature", "properties": { "elevation": 5.7669758796691895, "depth": 2.1447396278381348, "osmid": 11331153157, "name": [ "nan" ] }, "geometry": { "type": "Point", "coordinates": [ 72.937924348749505, 19.142012776621495 ] } },
{ "type": "Feature", "properties": { "elevation": 5.745119571685791, "depth": 3.6546940803527832, "osmid": 11335192190, "name": [ "nan" ] }, "geometry": { "type": "Point", "coordinates": [ 72.913089672512797, 19.076969946507905 ] } },
{ "type": "Feature", "properties": { "elevation": 1.8451156616210938, "depth": 4.5421895980834961, "osmid": 11452078511, "name": [ "nan" ] }, "geometry": { "type": "Point", "coordinates": [ 72.834159772353317, 19.025674652906698 ] } },
{ "type": "Feature", "properties": { "elevation": 3.7620408535003662, "depth": 2.6252644062042236, "osmid": 11452078511, "name": [ "nan" ] }, "geometry": { "type": "Point", "coordinates": [ 72.834395745622288, 19.026013505595067 ] } },
{ "type": "Feature", "properties": { "elevation": 4.2165384292602539, "depth": 1.7734155654907227, "osmid": 11482202251, "name": [ "Carter Road" ] }, "geometry": { "type": "Point", "coordinates": [ 72.823116086015361, 19.065838011338062 ] } },
{ "type": "Feature", "properties": { "elevation": 4.5832571983337402, "depth": 1.5719408988952637, "osmid": 11491119141, "name": "['Vidyalankar Marg' 'Ganesh Nagar']" }, "geometry": { "type": "Point", "coordinates": [ 72.871550417334362, 19.020955210195577 ] } },
{ "type": "Feature", "properties": { "elevation": 5.2736515998840332, "depth": 1.60064697265625, "osmid": 11710446828, "name": [ "Maharana Pratap Marg" ] }, "geometry": { "type": "Point", "coordinates": [ 72.825563137200533, 19.146144240789116 ] } },
{ "type": "Feature", "properties": { "elevation": 5.4112305641174316, "depth": 2.2858915328979492, "osmid": 11920002782, "name": [ "Eastern Express Highway" ] }, "geometry": { "type": "Point", "coordinates": [ 72.930639003397573, 19.104596428277404 ] } },
{ "type": "Feature", "properties": { "elevation": 5.7249488830566406, "depth": 1.5916438102722168, "osmid": 11920002782, "name": [ "Eastern Express Highway" ] }, "geometry": { "type": "Point", "coordinates": [ 72.930382263108967, 19.103964498820382 ] } },
{ "type": "Feature", "properties": { "elevation": 5.5581092834472656, "depth": 1.6033182144165039, "osmid": 11920002783, "name": [ "nan" ] }, "geometry": { "type": "Point", "coordinates": [ 72.92986226985785, 19.102328556817991 ] } },
{ "type": "Feature", "properties": { "elevation": 3.9128129482269287, "depth": 1.993215799331665, "osmid": 11920002786, "name": [ "Eastern Express Highway" ] }, "geometry": { "type": "Point", "coordinates": [ 72.923443926521827, 19.087181240727038 ] } },
{ "type": "Feature", "properties": { "elevation": 4.4377689361572266, "depth": 1.3479280471801758, "osmid": 11920002787, "name": [ "nan" ] }, "geometry": { "type": "Point", "coordinates": [ 72.922622698812631, 19.085637781169464 ] } },
{ "type": "Feature", "properties": { "elevation": 5.8315811157226562, "depth": 1.9449515342712402, "osmid": 11924898617, "name": [ "LM Nadkarni Road" ] }, "geometry": { "type": "Point", "coordinates": [ 72.861463215601958, 19.009703136610558 ] } },
{ "type": "Feature", "properties": { "elevation": 5.5469036102294922, "depth": 5.3748254776000977, "osmid": 11924914299, "name": [ "Messent Road" ] }, "geometry": { "type": "Point", "coordinates": [ 72.856334778614752, 19.006167977908817 ] } },
{ "type": "Feature", "properties": { "elevation": 4.2317399978637695, "depth": 1.3158998489379883, "osmid": 11925150430, "name": [ "Mahul Road" ] }, "geometry": { "type": "Point", "coordinates": [ 72.867730471356751, 19.010870589517474 ] } },
{ "type": "Feature", "properties": { "elevation": 4.8512144088745117, "depth": 1.4772725105285645, "osmid": 11925224722, "name": [ "Masonet Road" ] }, "geometry": { "type": "Point", "coordinates": [ 72.854738281659976, 18.998079976471956 ] } },
{ "type": "Feature", "properties": { "elevation": -0.073565341532230377, "depth": 4.7613215446472168, "osmid": 11953521025, "name": [ "Senapati Bapat Marg" ] }, "geometry": { "type": "Point", "coordinates": [ 72.824079072836639, 18.991482494029835 ] } },
{ "type": "Feature", "properties": { "elevation": 5.0000872611999512, "depth": 1.54833984375, "osmid": 11954164166, "name": [ "Eastern Freeway" ] }, "geometry": { "type": "Point", "coordinates": [ 72.850279536459723, 18.988788183252939 ] } },
{ "type": "Feature", "properties": { "elevation": 4.5590476989746094, "depth": 2.659998893737793, "osmid": 11954164166, "name": [ "Eastern Freeway" ] }, "geometry": { "type": "Point", "coordinates": [ 72.847830634205593, 18.983596818215606 ] } },
{ "type": "Feature", "properties": { "elevation": 4.3305392265319824, "depth": 1.2596249580383301, "osmid": 11954164166, "name": [ "Eastern Freeway" ] }, "geometry": { "type": "Point", "coordinates": [ 72.847006010436118, 18.981869942878749 ] } },
{ "type": "Feature", "properties": { "elevation": 4.7635631561279297, "depth": 1.205695629119873, "osmid": 11954176569, "name": [ "Eastern Freeway" ] }, "geometry": { "type": "Point", "coordinates": [ 72.85368656045604, 18.995968366006142 ] } },
{ "type": "Feature", "properties": { "elevation": 5.1042418479919434, "depth": 1.761833667755127, "osmid": 11954176569, "name": [ "Eastern Freeway" ] }, "geometry": { "type": "Point", "coordinates": [ 72.854221884728204, 18.997075426149738 ] } },
{ "type": "Feature", "properties": { "elevation": 5.0636911392211914, "depth": 1.3316154479980469, "osmid": 11954176569, "name": [ "Eastern Freeway" ] }, "geometry": { "type": "Point", "coordinates": [ 72.854481867296897, 18.997706069263025 ] } },
{ "type": "Feature", "properties": { "elevation": 5.3527178764343262, "depth": 1.3009734153747559, "osmid": 11954176569, "name": [ "Eastern Freeway North - MTHL Ramp" ] }, "geometry": { "type": "Point", "coordinates": [ 72.854111579391329, 18.996121987070374 ] } },
{ "type": "Feature", "properties": { "elevation": 3.377396821975708, "depth": 1.8672387599945068, "osmid": 11954269591, "name": [ "nan" ] }, "geometry": { "type": "Point", "coordinates": [ 72.877027676553794, 19.022852047704042 ] } },
{ "type": "Feature", "properties": { "elevation": 1.8964923620223999, "depth": 2.9788923263549805, "osmid": 11954269591, "name": [ "nan" ] }, "geometry": { "type": "Point", "coordinates": [ 72.87671965366772, 19.022570343010543 ] } },
{ "type": "Feature", "properties": { "elevation": 3.377396821975708, "depth": 1.8672387599945068, "osmid": 11954269591, "name": [ "nan" ] }, "geometry": { "type": "Point", "coordinates": [ 72.877004265551918, 19.022878583602278 ] } },
{ "type": "Feature", "properties": { "elevation": 1.8964923620223999, "depth": 2.9788923263549805, "osmid": 11954269591, "name": [ "nan" ] }, "geometry": { "type": "Point", "coordinates": [ 72.876686645671199, 19.022607695023446 ] } },
{ "type": "Feature", "properties": { "elevation": 4.1941704750061035, "depth": 1.7737870216369629, "osmid": 11975764274, "name": [ "nan" ] }, "geometry": { "type": "Point", "coordinates": [ 72.893797763867099, 19.074274459907599 ] } },
{ "type": "Feature", "properties": { "elevation": 5.7257800102233887, "depth": 1.2698678970336914, "osmid": 11975764274, "name": [ "nan" ] }, "geometry": { "type": "Point", "coordinates": [ 72.891496608030252, 19.072324157490506 ] } },
{ "type": "Feature", "properties": { "elevation": 4.3797392845153809, "depth": 1.4548158645629883, "osmid": 11975764274, "name": [ "nan" ] }, "geometry": { "type": "Point", "coordinates": [ 72.889232266439762, 19.070688494550168 ] } },
{ "type": "Feature", "properties": { "elevation": 5.2664022445678711, "depth": 1.9723372459411621, "osmid": 12088684363, "name": [ "nan" ] }, "geometry": { "type": "Point", "coordinates": [ 72.845361043370985, 18.977727869002674 ] } },
{ "type": "Feature", "properties": { "elevation": 5.0319266319274902, "depth": 1.8799676895141602, "osmid": 12295867411, "name": [ "Veer Savarkar Road" ] }, "geometry": { "type": "Point", "coordinates": [ 72.93988073012035, 19.143639801042877 ] } },
{ "type": "Feature", "properties": { "elevation": 1.8537764549255371, "depth": 1.4444775581359863, "osmid": 12295867411, "name": [ "Veer Savarkar Road" ] }, "geometry": { "type": "Point", "coordinates": [ 72.94044323981376, 19.14417728513212 ] } },
{ "type": "Feature", "properties": { "elevation": 3.2521774768829346, "depth": 2.01967453956604, "osmid": 12295867411, "name": [ "Veer Savarkar Road" ] }, "geometry": { "type": "Point", "coordinates": [ 72.942109611316496, 19.147674464719003 ] } },
{ "type": "Feature", "properties": { "elevation": 4.869204044342041, "depth": 1.3936543464660645, "osmid": 12322961991, "name": [ "Rafi Ahmed Kidwai Marg" ] }, "geometry": { "type": "Point", "coordinates": [ 72.850018118928077, 18.992211002385361 ] } },
{ "type": "Feature", "properties": { "elevation": 4.9421720504760742, "depth": 1.614384651184082, "osmid": 12322961992, "name": [ "Rafi Ahmed Kidwai Marg" ] }, "geometry": { "type": "Point", "coordinates": [ 72.848624850173209, 18.990851182900641 ] } },
{ "type": "Feature", "properties": { "elevation": 5.0351223945617676, "depth": 2.9257354736328125, "osmid": 12322997959, "name": [ "Rafi Ahmed Kidwai Marg" ] }, "geometry": { "type": "Point", "coordinates": [ 72.849511838878698, 18.991608864420922 ] } },
{ "type": "Feature", "properties": { "elevation": 5.1101746559143066, "depth": 1.8985028266906738, "osmid": 12322997959, "name": [ "Rafi Ahmed Kidwai Marg" ] }, "geometry": { "type": "Point", "coordinates": [ 72.84887673482018, 18.991065033198538 ] } },
{ "type": "Feature", "properties": { "elevation": 5.8071646690368652, "depth": 1.3360052108764648, "osmid": 12343286688, "name": [ "Gulmohar Cross Road No. 4" ] }, "geometry": { "type": "Point", "coordinates": [ 72.835004689563817, 19.111015081400389 ] } },
{ "type": "Feature", "properties": { "elevation": 4.8951191902160645, "depth": 1.3167319297790527, "osmid": 12353524312, "name": [ "Somaiya College Road" ] }, "geometry": { "type": "Point", "coordinates": [ 72.897463525990389, 19.07431457234491 ] } },
{ "type": "Feature", "properties": { "elevation": 2.8299729824066162, "depth": 1.6849148273468018, "osmid": 12367062102, "name": [ "Sewri Fort Road" ] }, "geometry": { "type": "Point", "coordinates": [ 72.856838713392207, 18.997688711820732 ] } },
{ "type": "Feature", "properties": { "elevation": 2.0621800422668457, "depth": 1.6694369316101074, "osmid": 12376037607, "name": [ "Mahul Road" ] }, "geometry": { "type": "Point", "coordinates": [ 72.870805366856004, 19.011980205552888 ] } },
{ "type": "Feature", "properties": { "elevation": 1.5, "depth": 2.0220034122467041, "osmid": 12376037607, "name": [ "nan" ] }, "geometry": { "type": "Point", "coordinates": [ 72.871966978894619, 19.01457769256351 ] } },
{ "type": "Feature", "properties": { "elevation": 4.5791835784912109, "depth": 2.1388764381408691, "osmid": 12378144235, "name": [ "Sir Dorab Tata Road" ] }, "geometry": { "type": "Point", "coordinates": [ 72.819990517448943, 18.927147044044887 ] } },
{ "type": "Feature", "properties": { "elevation": 4.3414192199707031, "depth": 1.2650928497314453, "osmid": 12378228209, "name": [ "nan" ] }, "geometry": { "type": "Point", "coordinates": [ 72.935578622868746, 19.117432886883417 ] } },
{ "type": "Feature", "properties": { "elevation": 2.4225466251373291, "depth": 1.8922488689422607, "osmid": 12389780671, "name": [ "nan" ] }, "geometry": { "type": "Point", "coordinates": [ 72.821799431765882, 18.94635444115956 ] } },
{ "type": "Feature", "properties": { "elevation": 3.3492355346679688, "depth": 1.597869873046875, "osmid": 12389780671, "name": [ "Marine Drive" ] }, "geometry": { "type": "Point", "coordinates": [ 72.820083426142503, 18.948446835794801 ] } },
{ "type": "Feature", "properties": { "elevation": 3.475266695022583, "depth": 1.4267747402191162, "osmid": 12389780671, "name": [ "Marine Drive" ] }, "geometry": { "type": "Point", "coordinates": [ 72.820917525117139, 18.947349041747582 ] } },
{ "type": "Feature", "properties": { "elevation": 2.9535958766937256, "depth": 1.7064135074615479, "osmid": 12389780671, "name": [ "Marine Drive" ] }, "geometry": { "type": "Point", "coordinates": [ 72.821241410370632, 18.946903297734501 ] } },
{ "type": "Feature", "properties": { "elevation": 4.1246819496154785, "depth": 1.2073836326599121, "osmid": 12389780671, "name": [ "Marine Drive" ] }, "geometry": { "type": "Point", "coordinates": [ 72.821483451007381, 18.946568414379236 ] } },
{ "type": "Feature", "properties": { "elevation": 4.4597263336181641, "depth": 1.2840042114257812, "osmid": 12389780671, "name": [ "Marine Drive" ] }, "geometry": { "type": "Point", "coordinates": [ 72.822963350462416, 18.943947446656292 ] } },
{ "type": "Feature", "properties": { "elevation": 4.4654316902160645, "depth": 4.367861270904541, "osmid": 12393568325, "name": [ "Western Express Highway" ] }, "geometry": { "type": "Point", "coordinates": [ 72.845449645548385, 19.091675454927916 ] } },
{ "type": "Feature", "properties": { "elevation": 5.0359301567077637, "depth": 1.2756061553955078, "osmid": 12434894293, "name": [ "Lala Lajpatrai Marg" ] }, "geometry": { "type": "Point", "coordinates": [ 72.813672559046154, 18.980998299962099 ] } },
{ "type": "Feature", "properties": { "elevation": 5.4192652702331543, "depth": 2.4927616119384766, "osmid": 12434894293, "name": [ "Lala Lajpatrai Marg" ] }, "geometry": { "type": "Point", "coordinates": [ 72.813066500859065, 18.980245357326627 ] } },
{ "type": "Feature", "properties": { "elevation": 4.5777273178100586, "depth": 2.2960524559020996, "osmid": 12434894293, "name": [ "Lala Lajpatrai Marg" ] }, "geometry": { "type": "Point", "coordinates": [ 72.812806763257782, 18.97992266716782 ] } },
{ "type": "Feature", "properties": { "elevation": 5.1514344215393066, "depth": 1.5712690353393555, "osmid": 12434894293, "name": [ "Lala Lajpatrai Marg" ] }, "geometry": { "type": "Point", "coordinates": [ 72.812547048659525, 18.979599960688933 ] } },
{ "type": "Feature", "properties": { "elevation": 4.6430854797363281, "depth": 1.9495692253112793, "osmid": 12452811928, "name": [ "Idgah Lane" ] }, "geometry": { "type": "Point", "coordinates": [ 72.833735719888324, 19.126051694750835 ] } },
{ "type": "Feature", "properties": { "elevation": 5.5063157081604004, "depth": 1.632683277130127, "osmid": 12486614589, "name": [ "Nanasaheb Dharmadhikari Marg" ] }, "geometry": { "type": "Point", "coordinates": [ 72.85196953772973, 19.059556453221472 ] } },
{ "type": "Feature", "properties": { "elevation": 4.6735415458679199, "depth": 1.6746692657470703, "osmid": 12506352388, "name": [ "Dr N A Purandare Marg (Chowpatty Sea Face)" ] }, "geometry": { "type": "Point", "coordinates": [ 72.808631102334175, 18.955692048157012 ] } },
{ "type": "Feature", "properties": { "elevation": 0.0, "depth": 3.3137364387512207, "osmid": 12555901906, "name": [ "Mumbai Coastal Road" ] }, "geometry": { "type": "Point", "coordinates": [ 72.820627835482796, 18.947393405560291 ] } },
{ "type": "Feature", "properties": { "elevation": 1.8051822185516357, "depth": 1.544053316116333, "osmid": 12555901906, "name": [ "Mumbai Coastal Road" ] }, "geometry": { "type": "Point", "coordinates": [ 72.820028906372045, 18.948151301050096 ] } },
{ "type": "Feature", "properties": { "elevation": 1.3835859298706055, "depth": 1.9656496047973633, "osmid": 12555901906, "name": [ "Mumbai Coastal Road" ] }, "geometry": { "type": "Point", "coordinates": [ 72.819771250328799, 18.948475465966457 ] } },
{ "type": "Feature", "properties": { "elevation": 1.9496948719024658, "depth": 3.51741623878479, "osmid": 12555901906, "name": [ "Mumbai Coastal Road" ] }, "geometry": { "type": "Point", "coordinates": [ 72.818862580861264, 18.949517896672365 ] } },
{ "type": "Feature", "properties": { "elevation": 0.0, "depth": 1.7649755477905273, "osmid": 12555901906, "name": [ "Mumbai Coastal Road" ] }, "geometry": { "type": "Point", "coordinates": [ 72.808806115913868, 18.955141591011948 ] } },
{ "type": "Feature", "properties": { "elevation": 5.7514996528625488, "depth": 2.1106081008911133, "osmid": 12557973951, "name": [ "Mahatma Gandhi Road" ] }, "geometry": { "type": "Point", "coordinates": [ 72.831671598998511, 18.931392038211303 ] } },
{ "type": "Feature", "properties": { "elevation": 5.8371453285217285, "depth": 1.5136666297912598, "osmid": 12558408942, "name": [ "Mumbai Coastal Road - Phase I" ] }, "geometry": { "type": "Point", "coordinates": [ 72.81555836215766, 19.010306083790134 ] } },
{ "type": "Feature", "properties": { "elevation": 5.9402928352355957, "depth": 1.317990779876709, "osmid": 12558408942, "name": [ "Mumbai Coastal Road - Phase I" ] }, "geometry": { "type": "Point", "coordinates": [ 72.813913218471583, 19.006226346435508 ] } },
{ "type": "Feature", "properties": { "elevation": 4.302269458770752, "depth": 2.3211307525634766, "osmid": 12582638557, "name": [ "nan" ] }, "geometry": { "type": "Point", "coordinates": [ 72.865975147086544, 19.04069621604512 ] } },
{ "type": "Feature", "properties": { "elevation": 2.4588749408721924, "depth": 7.9789056777954102, "osmid": 12666222645, "name": [ "nan" ] }, "geometry": { "type": "Point", "coordinates": [ 72.813547793142277, 18.971937844467735 ] } },
{ "type": "Feature", "properties": { "elevation": 5.5018606185913086, "depth": 1.4364895820617676, "osmid": 12696450638, "name": [ "nan" ] }, "geometry": { "type": "Point", "coordinates": [ 72.848997587346361, 19.070625406983496 ] } },
{ "type": "Feature", "properties": { "elevation": 5.9766011238098145, "depth": 2.9093098640441895, "osmid": 12721928614, "name": "['Phulajibuva Nagre Path' 'Allibhai Premji Marg (Foras Road)']" }, "geometry": { "type": "Point", "coordinates": [ 72.815888893736499, 18.962228111722936 ] } },
{ "type": "Feature", "properties": { "elevation": 5.0722312927246094, "depth": 2.418860912322998, "osmid": 12816816391, "name": [ "nan" ] }, "geometry": { "type": "Point", "coordinates": [ 72.848972068258689, 18.9862404876318 ] } },
{ "type": "Feature", "properties": { "elevation": 4.8742060661315918, "depth": 2.1077499389648438, "osmid": 12816816391, "name": [ "nan" ] }, "geometry": { "type": "Point", "coordinates": [ 72.850560360336203, 18.989571733635213 ] } },
{ "type": "Feature", "properties": { "elevation": 4.9903945922851562, "depth": 1.2505817413330078, "osmid": 12951494701, "name": [ "nan" ] }, "geometry": { "type": "Point", "coordinates": [ 72.898364959205466, 19.065941894645682 ] } },
{ "type": "Feature", "properties": { "elevation": 4.7677059173583984, "depth": 2.0476622581481934, "osmid": 12951494701, "name": [ "nan" ] }, "geometry": { "type": "Point", "coordinates": [ 72.89814061031403, 19.065597503747149 ] } },
{ "type": "Feature", "properties": { "elevation": 4.5157938003540039, "depth": 2.8609237670898438, "osmid": 12974666367, "name": [ "Byramji Jeejeebhoy Road" ] }, "geometry": { "type": "Point", "coordinates": [ 72.820439424295913, 19.04861959473261 ] } },
{ "type": "Feature", "properties": { "elevation": 5.6007084846496582, "depth": 2.2259707450866699, "osmid": 12992328381, "name": [ "Mumbai Coastal Road - Phase I" ] }, "geometry": { "type": "Point", "coordinates": [ 72.816062058560732, 19.011348990319515 ] } },
{ "type": "Feature", "properties": { "elevation": 4.550023078918457, "depth": 2.6403498649597168, "osmid": 13003897994, "name": [ "Senapati Bapat Marg" ] }, "geometry": { "type": "Point", "coordinates": [ 72.831277880294465, 19.005939451350088 ] } },
{ "type": "Feature", "properties": { "elevation": 1.5, "depth": 1.766592264175415, "osmid": 13056058604, "name": [ "nan" ] }, "geometry": { "type": "Point", "coordinates": [ 72.879984994656255, 19.03270627169303 ] } },
{ "type": "Feature", "properties": { "elevation": 2.0060029029846191, "depth": 1.7877523899078369, "osmid": 13092340178, "name": [ "nan" ] }, "geometry": { "type": "Point", "coordinates": [ 72.814464306035262, 18.98503195077922 ] } },
{ "type": "Feature", "properties": { "elevation": 0.0, "depth": 9.7243728637695312, "osmid": 13092341007, "name": [ "nan" ] }, "geometry": { "type": "Point", "coordinates": [ 72.81194056836992, 18.987628490988676 ] } },
{ "type": "Feature", "properties": { "elevation": 2.897284984588623, "depth": 1.2024240493774414, "osmid": 13092341010, "name": [ "Lala Lajpatrai Marg" ] }, "geometry": { "type": "Point", "coordinates": [ 72.814188505816844, 18.985830343326615 ] } },
{ "type": "Feature", "properties": { "elevation": 2.0881476402282715, "depth": 2.9477825164794922, "osmid": 13092341028, "name": [ "Lala Lajpatrai Marg" ] }, "geometry": { "type": "Point", "coordinates": [ 72.813609319132951, 18.98126032001959 ] } },
{ "type": "Feature", "properties": { "elevation": 4.220573902130127, "depth": 2.0242877006530762, "osmid": 13092341028, "name": [ "Lala Lajpatrai Marg" ] }, "geometry": { "type": "Point", "coordinates": [ 72.813872819534993, 18.981580239094516 ] } },
{ "type": "Feature", "properties": { "elevation": 2.9585480690002441, "depth": 1.6303000450134277, "osmid": 13092341028, "name": [ "Lala Lajpatrai Marg" ] }, "geometry": { "type": "Point", "coordinates": [ 72.814750706717376, 18.984441466011422 ] } },
{ "type": "Feature", "properties": { "elevation": 0.0, "depth": 2.0881476402282715, "osmid": 13092341028, "name": [ "nan" ] }, "geometry": { "type": "Point", "coordinates": [ 72.813659082878615, 18.981554421339368 ] } },
{ "type": "Feature", "properties": { "elevation": 5.2499775886535645, "depth": 3.0080304145812988, "osmid": 13092386536, "name": [ "Lala Lajpatrai Marg" ] }, "geometry": { "type": "Point", "coordinates": [ 72.811709856224525, 18.978559816172556 ] } },
{ "type": "Feature", "properties": { "elevation": 1.2829132080078125, "depth": 1.6143717765808105, "osmid": 13092400907, "name": [ "nan" ] }, "geometry": { "type": "Point", "coordinates": [ 72.814193301918777, 18.985455494444103 ] } },
{ "type": "Feature", "properties": { "elevation": 1.3589551448822021, "depth": 1.725609302520752, "osmid": 13092400907, "name": [ "nan" ] }, "geometry": { "type": "Point", "coordinates": [ 72.813891984487526, 18.986357448357253 ] } },
{ "type": "Feature", "properties": { "elevation": 3.890427827835083, "depth": 1.266554594039917, "osmid": 13092400907, "name": [ "nan" ] }, "geometry": { "type": "Point", "coordinates": [ 72.814198142347152, 18.981840120944607 ] } },
{ "type": "Feature", "properties": { "elevation": 4.220573902130127, "depth": 2.0242877006530762, "osmid": 13092400907, "name": [ "nan" ] }, "geometry": { "type": "Point", "coordinates": [ 72.813945626416327, 18.981512286655541 ] } },
{ "type": "Feature", "properties": { "elevation": 2.3056600093841553, "depth": 1.5847678184509277, "osmid": 13092400932, "name": [ "nan" ] }, "geometry": { "type": "Point", "coordinates": [ 72.814222067467512, 18.982058313086036 ] } },
{ "type": "Feature", "properties": { "elevation": 4.220573902130127, "depth": 2.0242877006530762, "osmid": 13092400932, "name": [ "nan" ] }, "geometry": { "type": "Point", "coordinates": [ 72.813933571700176, 18.981591158342031 ] } },
{ "type": "Feature", "properties": { "elevation": 4.6735415458679199, "depth": 1.8923664093017578, "osmid": 13093331284, "name": "['Mumbai Coastal Road' 'Mumbai Coastal Road - Phase I']" }, "geometry": { "type": "Point", "coordinates": [ 72.808776818991049, 18.95568006997761 ] } },
{ "type": "Feature", "properties": { "elevation": 0.56483149528503418, "depth": 2.149465799331665, "osmid": 13093331284, "name": "['Mumbai Coastal Road' 'Mumbai Coastal Road - Phase I']" }, "geometry": { "type": "Point", "coordinates": [ 72.81337592769124, 18.953857968915148 ] } },
{ "type": "Feature", "properties": { "elevation": 3.235135555267334, "depth": 1.3104071617126465, "osmid": 13093331307, "name": [ "nan" ] }, "geometry": { "type": "Point", "coordinates": [ 72.803323001236606, 18.968038568953748 ] } },
{ "type": "Feature", "properties": { "elevation": 5.8336539268493652, "depth": 2.9636311531066895, "osmid": 13277090067, "name": [ "nan" ] }, "geometry": { "type": "Point", "coordinates": [ 72.85396675725697, 18.99686698486985 ] } },
{ "type": "Feature", "properties": { "elevation": 3.3871386051177979, "depth": 1.786571741104126, "osmid": 13277421360, "name": [ "nan" ] }, "geometry": { "type": "Point", "coordinates": [ 72.814478760277836, 18.985553122141667 ] } },
{ "type": "Feature", "properties": { "elevation": 4.080411434173584, "depth": 1.7139592170715332, "osmid": 13316134552, "name": [ "nan" ] }, "geometry": { "type": "Point", "coordinates": [ 72.807138086742157, 18.898548700665156 ] } },
{ "type": "Feature", "properties": { "elevation": 5.2181620597839355, "depth": 3.1807780265808105, "osmid": 13316134552, "name": [ "nan" ] }, "geometry": { "type": "Point", "coordinates": [ 72.808195247118462, 18.897666379511417 ] } },
{ "type": "Feature", "properties": { "elevation": -0.0073123048059642315, "depth": 1.3280925750732422, "osmid": 13338040638, "name": [ "Mumbai Coastal Road" ] }, "geometry": { "type": "Point", "coordinates": [ 72.823017827733693, 18.943185005340421 ] } },
{ "type": "Feature", "properties": { "elevation": 1.2554601430892944, "depth": 1.5791271924972534, "osmid": 13338040638, "name": [ "Mumbai Coastal Road" ] }, "geometry": { "type": "Point", "coordinates": [ 72.822674149398551, 18.943929054876417 ] } },
{ "type": "Feature", "properties": { "elevation": 5.0058274269104004, "depth": 2.5105977058410645, "osmid": 13352805982, "name": [ "Cross Road Number 3" ] }, "geometry": { "type": "Point", "coordinates": [ 72.821765009975749, 19.143107602221974 ] } },
{ "type": "Feature", "properties": { "elevation": 3.535491943359375, "depth": 2.036262035369873, "osmid": 13353077382, "name": [ "nan" ] }, "geometry": { "type": "Point", "coordinates": [ 72.875221852455766, 19.067032133316417 ] } },
{ "type": "Feature", "properties": { "elevation": 5.0418367385864258, "depth": 3.3250198364257812, "osmid": 13369398580, "name": [ "Bandra Kurla Complex Road" ] }, "geometry": { "type": "Point", "coordinates": [ 72.85232607691313, 19.056961772186234 ] } },
{ "type": "Feature", "properties": { "elevation": 5.2674560546875, "depth": 1.2867846488952637, "osmid": 13432211695, "name": [ "nan" ] }, "geometry": { "type": "Point", "coordinates": [ 72.885022982521676, 19.057884708576218 ] } },
{ "type": "Feature", "properties": { "elevation": 5.2674560546875, "depth": 1.2867846488952637, "osmid": 13432277901, "name": [ "nan" ] }, "geometry": { "type": "Point", "coordinates": [ 72.88498011754497, 19.057913791476853 ] } },
{ "type": "Feature", "properties": { "elevation": 5.1702265739440918, "depth": 1.6988863945007324, "osmid": 13432421504, "name": [ "nan" ] }, "geometry": { "type": "Point", "coordinates": [ 72.930426002209117, 19.109977737195248 ] } },
{ "type": "Feature", "properties": { "elevation": 4.1714844703674316, "depth": 2.2228536605834961, "osmid": 13432421504, "name": [ "nan" ] }, "geometry": { "type": "Point", "coordinates": [ 72.931225226545521, 19.109688660419259 ] } },
{ "type": "Feature", "properties": { "elevation": 4.521416187286377, "depth": 2.6225266456604004, "osmid": 13432439162, "name": [ "Dr E Moses Marg Flyover" ] }, "geometry": { "type": "Point", "coordinates": [ 72.823418019309045, 18.982132848063834 ] } },
{ "type": "Feature", "properties": { "elevation": 5.913975715637207, "depth": 1.4810214042663574, "osmid": 13437502911, "name": [ "nan" ] }, "geometry": { "type": "Point", "coordinates": [ 72.838385276385125, 19.132990018072423 ] } },
{ "type": "Feature", "properties": { "elevation": 0.0, "depth": 5.8464369773864746, "osmid": 13450221162, "name": [ "nan" ] }, "geometry": { "type": "Point", "coordinates": [ 72.820999642769422, 19.117016620537601 ] } },
{ "type": "Feature", "properties": { "elevation": 3.4924771785736084, "depth": 3.3233888149261475, "osmid": 13469889673, "name": [ "Yari Road" ] }, "geometry": { "type": "Point", "coordinates": [ 72.807030037921422, 19.137986800822855 ] } },
{ "type": "Feature", "properties": { "elevation": 2.3344254493713379, "depth": 3.3385434150695801, "osmid": 13469889676, "name": [ "nan" ] }, "geometry": { "type": "Point", "coordinates": [ 72.808152151237167, 19.136379648963292 ] } },
{ "type": "Feature", "properties": { "elevation": 1.3797394037246704, "depth": 4.5295662879943848, "osmid": 13469889676, "name": [ "nan" ] }, "geometry": { "type": "Point", "coordinates": [ 72.808488906025005, 19.136129169488662 ] } },
{ "type": "Feature", "properties": { "elevation": 4.1179184913635254, "depth": 2.7970438003540039, "osmid": 13469906310, "name": [ "nan" ] }, "geometry": { "type": "Point", "coordinates": [ 72.811955497387416, 19.132062997978117 ] } },
{ "type": "Feature", "properties": { "elevation": 0.0, "depth": 5.0066308975219727, "osmid": 13469906310, "name": [ "nan" ] }, "geometry": { "type": "Point", "coordinates": [ 72.811697057202608, 19.132386788298284 ] } },
{ "type": "Feature", "properties": { "elevation": 5.9413895606994629, "depth": 1.504246711730957, "osmid": 13472872187, "name": [ "nan" ] }, "geometry": { "type": "Point", "coordinates": [ 72.817073570058668, 19.135310937718277 ] } },
{ "type": "Feature", "properties": { "elevation": 5.6030054092407227, "depth": 1.6554164886474609, "osmid": 13503249966, "name": [ "Church Avenue" ] }, "geometry": { "type": "Point", "coordinates": [ 72.840199948082685, 19.075287499751884 ] } },
{ "type": "Feature", "properties": { "elevation": 5.4402308464050293, "depth": 2.3152866363525391, "osmid": 13503276383, "name": [ "nan" ] }, "geometry": { "type": "Point", "coordinates": [ 72.936067128869581, 19.113209181946011 ] } },
{ "type": "Feature", "properties": { "elevation": 2.3501284122467041, "depth": 2.9010679721832275, "osmid": 13519301042, "name": [ "nan" ] }, "geometry": { "type": "Point", "coordinates": [ 72.838509809513198, 19.047686728167449 ] } },
{ "type": "Feature", "properties": { "elevation": 5.4568195343017578, "depth": 1.9137263298034668, "osmid": 13528522696, "name": [ "nan" ] }, "geometry": { "type": "Point", "coordinates": [ 72.841976618084956, 19.092965702413711 ] } },
{ "type": "Feature", "properties": { "elevation": 2.871739387512207, "depth": 1.4673981666564941, "osmid": 13536267830, "name": [ "nan" ] }, "geometry": { "type": "Point", "coordinates": [ 72.836941397770246, 19.010808315082436 ] } },
{ "type": "Feature", "properties": { "elevation": 2.871739387512207, "depth": 1.4673981666564941, "osmid": 13536267831, "name": [ "nan" ] }, "geometry": { "type": "Point", "coordinates": [ 72.836940412540301, 19.010808950288911 ] } },
{ "type": "Feature", "properties": { "elevation": 3.4676589965820312, "depth": 1.3142623901367188, "osmid": 13580405628, "name": [ "nan" ] }, "geometry": { "type": "Point", "coordinates": [ 72.958531084055693, 19.162837688117666 ] } },
{ "type": "Feature", "properties": { "elevation": 4.7504687309265137, "depth": 3.9597916603088379, "osmid": 13584156081, "name": [ "Anik Wadala Link Road" ] }, "geometry": { "type": "Point", "coordinates": [ 72.878613465530364, 19.02547387511731 ] } },
{ "type": "Feature", "properties": { "elevation": 5.7012205123901367, "depth": 4.296900749206543, "osmid": 13589520550, "name": [ "nan" ] }, "geometry": { "type": "Point", "coordinates": [ 72.826059168111072, 19.143411426888008 ] } },
{ "type": "Feature", "properties": { "elevation": 5.7012205123901367, "depth": 4.296900749206543, "osmid": 13589520552, "name": [ "nan" ] }, "geometry": { "type": "Point", "coordinates": [ 72.826032216265787, 19.143419079093437 ] } },
{ "type": "Feature", "properties": { "elevation": 5.7012205123901367, "depth": 3.0896759033203125, "osmid": 13589520552, "name": [ "nan" ] }, "geometry": { "type": "Point", "coordinates": [ 72.825810491339595, 19.143404245516017 ] } },
{ "type": "Feature", "properties": { "elevation": 5.4161496162414551, "depth": 1.730186939239502, "osmid": 13598064066, "name": [ "nan" ] }, "geometry": { "type": "Point", "coordinates": [ 72.804660326407571, 18.90499230666704 ] } },
{ "type": "Feature", "properties": { "elevation": 4.5749044418334961, "depth": 1.8398270606994629, "osmid": 13614337247, "name": [ "nan" ] }, "geometry": { "type": "Point", "coordinates": [ 72.859089788585152, 19.063187174795949 ] } },
{ "type": "Feature", "properties": { "elevation": 1.0, "depth": 3.8225040435791016, "osmid": 13615172966, "name": [ "nan" ] }, "geometry": { "type": "Point", "coordinates": [ 72.855315868044073, 19.064011420959314 ] } },
{ "type": "Feature", "properties": { "elevation": 3.0368499755859375, "depth": 2.4470944404602051, "osmid": 13617040686, "name": [ "nan" ] }, "geometry": { "type": "Point", "coordinates": [ 72.854736861312048, 19.065166747790634 ] } },
{ "type": "Feature", "properties": { "elevation": 2.9605636596679688, "depth": 2.3244657516479492, "osmid": 13617040690, "name": [ "nan" ] }, "geometry": { "type": "Point", "coordinates": [ 72.855017320471205, 19.064530361724216 ] } },
{ "type": "Feature", "properties": { "elevation": 1.0, "depth": 2.5571701526641846, "osmid": 13617067002, "name": [ "nan" ] }, "geometry": { "type": "Point", "coordinates": [ 72.857079334327651, 19.061116506793113 ] } },
{ "type": "Feature", "properties": { "elevation": 2.7046937942504883, "depth": 1.3574328422546387, "osmid": 13617067002, "name": [ "nan" ] }, "geometry": { "type": "Point", "coordinates": [ 72.856783367172042, 19.06157962084308 ] } },
{ "type": "Feature", "properties": { "elevation": 4.4122128486633301, "depth": 2.1638507843017578, "osmid": 13617732077, "name": [ "nan" ] }, "geometry": { "type": "Point", "coordinates": [ 72.851708687032243, 19.054191100503306 ] } },
{ "type": "Feature", "properties": { "elevation": 4.6237907409667969, "depth": 1.5224461555480957, "osmid": 13619662347, "name": [ "nan" ] }, "geometry": { "type": "Point", "coordinates": [ 72.851483740146804, 19.081360279768923 ] } },
{ "type": "Feature", "properties": { "elevation": 3.5071437358856201, "depth": 1.2930452823638916, "osmid": 13621886870, "name": [ "Ramakrishna Paramahansa Marg" ] }, "geometry": { "type": "Point", "coordinates": [ 72.852761594359947, 19.061095894457104 ] } },
{ "type": "Feature", "properties": { "elevation": 4.8455734252929688, "depth": 1.2058982849121094, "osmid": 13629626582, "name": [ "nan" ] }, "geometry": { "type": "Point", "coordinates": [ 72.844180395381528, 19.074815163449383 ] } },
{ "type": "Feature", "properties": { "elevation": 1.0, "depth": 2.4660229682922363, "osmid": 13634486789, "name": [ "nan" ] }, "geometry": { "type": "Point", "coordinates": [ 72.854246806885385, 19.064443930231675 ] } },
{ "type": "Feature", "properties": { "elevation": 3.3395645618438721, "depth": 1.9794647693634033, "osmid": 13634486789, "name": [ "nan" ] }, "geometry": { "type": "Point", "coordinates": [ 72.854799445874605, 19.062643407759001 ] } },
{ "type": "Feature", "properties": { "elevation": 5.6805548667907715, "depth": 2.8741269111633301, "osmid": 13658722681, "name": [ "nan" ] }, "geometry": { "type": "Point", "coordinates": [ 72.850967550694904, 19.022018428440195 ] } },
{ "type": "Feature", "properties": { "elevation": 5.6805548667907715, "depth": 3.9117779731750488, "osmid": 13658722681, "name": [ "Dr Babasaheb Ambedkar Marg (Vincent Road)" ] }, "geometry": { "type": "Point", "coordinates": [ 72.851001336297429, 19.021828261720142 ] } },
{ "type": "Feature", "properties": { "elevation": 2.4440243244171143, "depth": 3.2890269756317139, "osmid": 13658722730, "name": [ "nan" ] }, "geometry": { "type": "Point", "coordinates": [ 72.848099695130401, 19.023939716080491 ] } },
{ "type": "Feature", "properties": { "elevation": 4.5814156532287598, "depth": 1.4991235733032227, "osmid": 13658722747, "name": [ "nan" ] }, "geometry": { "type": "Point", "coordinates": [ 72.847554160844808, 19.023121596499912 ] } },
{ "type": "Feature", "properties": { "elevation": 4.5814156532287598, "depth": 1.4991235733032227, "osmid": 13658722757, "name": [ "nan" ] }, "geometry": { "type": "Point", "coordinates": [ 72.847557531208906, 19.023128527702873 ] } },
{ "type": "Feature", "properties": { "elevation": 3.5911822319030762, "depth": 2.7949609756469727, "osmid": 13658722757, "name": [ "nan" ] }, "geometry": { "type": "Point", "coordinates": [ 72.847253211403753, 19.02264978440536 ] } },
{ "type": "Feature", "properties": { "elevation": 4.5091462135314941, "depth": 1.6209564208984375, "osmid": 13660755808, "name": [ "Deonar Road" ] }, "geometry": { "type": "Point", "coordinates": [ 72.91824462989608, 19.054026439040204 ] } },
{ "type": "Feature", "properties": { "elevation": 4.1756210327148438, "depth": 1.7166600227355957, "osmid": 13660755808, "name": [ "Deonar Road" ] }, "geometry": { "type": "Point", "coordinates": [ 72.91788804346703, 19.054250557381387 ] } },
{ "type": "Feature", "properties": { "elevation": 4.6800632476806641, "depth": 2.29632568359375, "osmid": 13660755810, "name": [ "Deonar Road" ] }, "geometry": { "type": "Point", "coordinates": [ 72.919062946402278, 19.053512105666716 ] } },
{ "type": "Feature", "properties": { "elevation": 5.5862889289855957, "depth": 1.9925589561462402, "osmid": 13664128757, "name": [ "nan" ] }, "geometry": { "type": "Point", "coordinates": [ 72.83806688225188, 19.006982850358611 ] } },
{ "type": "Feature", "properties": { "elevation": 5.5862889289855957, "depth": 1.9925589561462402, "osmid": 13664128759, "name": [ "nan" ] }, "geometry": { "type": "Point", "coordinates": [ 72.83812391788824, 19.006950649775831 ] } },
{ "type": "Feature", "properties": { "elevation": 5.0080375671386719, "depth": 1.4310359954833984, "osmid": 13673603149, "name": [ "D P Road" ] }, "geometry": { "type": "Point", "coordinates": [ 72.916310990922383, 19.059642242024861 ] } },
{ "type": "Feature", "properties": { "elevation": 5.5838818550109863, "depth": 2.2010679244995117, "osmid": 13675269070, "name": [ "Nehru Nagar Police Station Marg" ] }, "geometry": { "type": "Point", "coordinates": [ 72.881898232197656, 19.059840286286878 ] } },
{ "type": "Feature", "properties": { "elevation": 5.2214813232421875, "depth": 4.9600925445556641, "osmid": 13675269070, "name": [ "Nehru Nagar Police Station Marg" ] }, "geometry": { "type": "Point", "coordinates": [ 72.881559881796989, 19.059592380921469 ] } },
{ "type": "Feature", "properties": { "elevation": 5.5271005630493164, "depth": 2.2578492164611816, "osmid": 13675269079, "name": [ "nan" ] }, "geometry": { "type": "Point", "coordinates": [ 72.882150709901808, 19.060109493125736 ] } },
{ "type": "Feature", "properties": { "elevation": 4.4352388381958008, "depth": 2.2560276985168457, "osmid": 13677015859, "name": [ "nan" ] }, "geometry": { "type": "Point", "coordinates": [ 72.907818866839477, 19.060711688148995 ] } },
{ "type": "Feature", "properties": { "elevation": 4.4352388381958008, "depth": 2.2560276985168457, "osmid": 13677015869, "name": [ "nan" ] }, "geometry": { "type": "Point", "coordinates": [ 72.907791222723588, 19.060654915244012 ] } },
{ "type": "Feature", "properties": { "elevation": 5.1301345825195312, "depth": 3.9287700653076172, "osmid": 13677015869, "name": [ "nan" ] }, "geometry": { "type": "Point", "coordinates": [ 72.908045419680235, 19.060978143127933 ] } },
{ "type": "Feature", "properties": { "elevation": 5.989410400390625, "depth": 2.280552864074707, "osmid": 13677704978, "name": [ "nan" ] }, "geometry": { "type": "Point", "coordinates": [ 72.911720454146831, 19.062526039306803 ] } },
{ "type": "Feature", "properties": { "elevation": 5.3673338890075684, "depth": 1.3707118034362793, "osmid": 13677985065, "name": [ "nan" ] }, "geometry": { "type": "Point", "coordinates": [ 72.932852482869578, 19.050073723937935 ] } },
{ "type": "Feature", "properties": { "elevation": 4.0464720726013184, "depth": 2.0751314163208008, "osmid": 13686797151, "name": "['Dadasaheb Phalke Marg' 'Lakhamasi Nappu Road']" }, "geometry": { "type": "Point", "coordinates": [ 72.844172919848461, 19.017717352997217 ] } },
{ "type": "Feature", "properties": { "elevation": 3.9723076820373535, "depth": 1.4536089897155762, "osmid": 13690406855, "name": [ "nan" ] }, "geometry": { "type": "Point", "coordinates": [ 72.924414209987106, 19.050770713317732 ] } },
{ "type": "Feature", "properties": { "elevation": 5.2569537162780762, "depth": 1.2154231071472168, "osmid": 13690617797, "name": [ "nan" ] }, "geometry": { "type": "Point", "coordinates": [ 72.927970279936957, 19.050773446111716 ] } },
{ "type": "Feature", "properties": { "elevation": 5.2569537162780762, "depth": 1.2154231071472168, "osmid": 13690662112, "name": [ "nan" ] }, "geometry": { "type": "Point", "coordinates": [ 72.927927371338058, 19.050771295707044 ] } },
{ "type": "Feature", "properties": { "elevation": 5.8514313697814941, "depth": 1.7952499389648438, "osmid": 13690662112, "name": [ "nan" ] }, "geometry": { "type": "Point", "coordinates": [ 72.927480831593471, 19.05114670254077 ] } },
{ "type": "Feature", "properties": { "elevation": 5.4671111106872559, "depth": 2.0651650428771973, "osmid": 13697631920, "name": [ "Marine Drive" ] }, "geometry": { "type": "Point", "coordinates": [ 72.819179562591003, 18.949506220900076 ] } },
{ "type": "Feature", "properties": { "elevation": 0.6887199878692627, "depth": 1.8096303939819336, "osmid": 13703060177, "name": [ "nan" ] }, "geometry": { "type": "Point", "coordinates": [ 72.805611439572687, 18.975464765497946 ] } },
{ "type": "Feature", "properties": { "elevation": 0.6887199878692627, "depth": 1.8096303939819336, "osmid": 13703060184, "name": [ "nan" ] }, "geometry": { "type": "Point", "coordinates": [ 72.805593516035003, 18.975470392143251 ] } },
{ "type": "Feature", "properties": { "elevation": 5.3058090209960938, "depth": 1.2919321060180664, "osmid": 13719012990, "name": [ "A.S. Gawde Marg" ] }, "geometry": { "type": "Point", "coordinates": [ 72.913890413932535, 19.084554363472833 ] } },
{ "type": "Feature", "properties": { "elevation": 5.1707296371459961, "depth": 1.6893987655639648, "osmid": 13725384759, "name": [ "Ramdev Pir Road" ] }, "geometry": { "type": "Point", "coordinates": [ 72.888267486272355, 19.075777378203934 ] } },
{ "type": "Feature", "properties": { "elevation": -3.9264817237854004, "depth": 8.4667015075683594, "osmid": 13780043904, "name": [ "Mama Paramanand Marg" ] }, "geometry": { "type": "Point", "coordinates": [ 72.816895594465777, 18.953165282844772 ] } },
{ "type": "Feature", "properties": { "elevation": 4.4387345314025879, "depth": 1.3330826759338379, "osmid": 13780043912, "name": [ "Maharshi Karve Road" ] }, "geometry": { "type": "Point", "coordinates": [ 72.818154216456421, 18.952320313041085 ] } },
{ "type": "Feature", "properties": { "elevation": 3.10494065284729, "depth": 2.751603364944458, "osmid": 13787212733, "name": [ "nan" ] }, "geometry": { "type": "Point", "coordinates": [ 72.8926938931629, 19.060487224030904 ] } },
{ "type": "Feature", "properties": { "elevation": 4.6727504730224609, "depth": 1.6309924125671387, "osmid": 13790104256, "name": [ "nan" ] }, "geometry": { "type": "Point", "coordinates": [ 72.86947202162051, 19.050070748396415 ] } },
{ "type": "Feature", "properties": { "elevation": 4.5397052764892578, "depth": 1.6118359565734863, "osmid": 13799110874, "name": [ "nan" ] }, "geometry": { "type": "Point", "coordinates": [ 72.875135658478925, 19.078128959999656 ] } },
{ "type": "Feature", "properties": { "elevation": 1.1343392133712769, "depth": 3.5534167289733887, "osmid": 13802299616, "name": [ "Senapati Bapat Marg" ] }, "geometry": { "type": "Point", "coordinates": [ 72.823800770869752, 18.991211547132227 ] } },
{ "type": "Feature", "properties": { "elevation": -5.4286689758300781, "depth": 5.3551034927368164, "osmid": 13802299616, "name": [ "Senapati Bapat Marg" ] }, "geometry": { "type": "Point", "coordinates": [ 72.824056553967424, 18.991695760898782 ] } },
{ "type": "Feature", "properties": { "elevation": 4.213529109954834, "depth": 1.839989185333252, "osmid": 13802299616, "name": [ "Senapati Bapat Marg" ] }, "geometry": { "type": "Point", "coordinates": [ 72.824914354317443, 18.993405251156609 ] } },
{ "type": "Feature", "properties": { "elevation": 5.7076377868652344, "depth": 3.250340461730957, "osmid": 13806693402, "name": [ "nan" ] }, "geometry": { "type": "Point", "coordinates": [ 72.830304466183605, 18.987947511988228 ] } },
{ "type": "Feature", "properties": { "elevation": 4.8929457664489746, "depth": 1.2103619575500488, "osmid": 13808088684, "name": [ "nan" ] }, "geometry": { "type": "Point", "coordinates": [ 72.940949876576042, 19.122802629654391 ] } },
{ "type": "Feature", "properties": { "elevation": 5.1330623626708984, "depth": 2.7047104835510254, "osmid": 13808145816, "name": [ "S B Pawar Marg" ] }, "geometry": { "type": "Point", "coordinates": [ 72.832293399540504, 18.996907537842521 ] } },
{ "type": "Feature", "properties": { "elevation": 5.7351808547973633, "depth": 1.4823856353759766, "osmid": 13822935061, "name": [ "Senapati Bapat Marg" ] }, "geometry": { "type": "Point", "coordinates": [ 72.832204349847316, 19.007425940945112 ] } },
{ "type": "Feature", "properties": { "elevation": 3.8624448776245117, "depth": 6.3818378448486328, "osmid": 13824040508, "name": [ "nan" ] }, "geometry": { "type": "Point", "coordinates": [ 72.831560281149422, 19.007300141135488 ] } },
{ "type": "Feature", "properties": { "elevation": 2.6944184303283691, "depth": 1.8833088874816895, "osmid": 13827174112, "name": [ "Lala Lajpatrai Marg" ] }, "geometry": { "type": "Point", "coordinates": [ 72.812520676121608, 18.979953712968012 ] } },
{ "type": "Feature", "properties": { "elevation": 4.6342282295227051, "depth": 1.8418750762939453, "osmid": 13844361444, "name": [ "Jogeshwari-Vikroli Link Road" ] }, "geometry": { "type": "Point", "coordinates": [ 72.937155496429838, 19.124627210243595 ] } },
{ "type": "Feature", "properties": { "elevation": 3.4841735363006592, "depth": 4.7404403686523438, "osmid": 13847447450, "name": [ "60 Feet Road" ] }, "geometry": { "type": "Point", "coordinates": [ 72.852288930167674, 19.038927819788967 ] } },
{ "type": "Feature", "properties": { "elevation": 5.4606680870056152, "depth": 4.5598053932189941, "osmid": 13847447450, "name": [ "60 Feet Road" ] }, "geometry": { "type": "Point", "coordinates": [ 72.851992097909616, 19.039219414248578 ] } },
{ "type": "Feature", "properties": { "elevation": 5.1702265739440918, "depth": 1.6988863945007324, "osmid": 13848112221, "name": [ "P. Godrej Marg" ] }, "geometry": { "type": "Point", "coordinates": [ 72.930337014042564, 19.109963211595552 ] } },
{ "type": "Feature", "properties": { "elevation": 5.4740252494812012, "depth": 1.4875860214233398, "osmid": 13848112234, "name": [ "nan" ] }, "geometry": { "type": "Point", "coordinates": [ 72.932535949832456, 19.109810939489734 ] } },
{ "type": "Feature", "properties": { "elevation": 5.6419482231140137, "depth": 3.4525303840637207, "osmid": 13848987189, "name": [ "Service Road" ] }, "geometry": { "type": "Point", "coordinates": [ 72.962715049066261, 19.163610461363238 ] } },
{ "type": "Feature", "properties": { "elevation": 5.9791359901428223, "depth": 1.6419296264648438, "osmid": 13849953938, "name": [ "nan" ] }, "geometry": { "type": "Point", "coordinates": [ 72.850360265568924, 19.045296274861446 ] } },
{ "type": "Feature", "properties": { "elevation": 0.0, "depth": 2.8563399314880371, "osmid": 13851314212, "name": [ "nan" ] }, "geometry": { "type": "Point", "coordinates": [ 72.837641900976152, 19.044629361669241 ] } },
{ "type": "Feature", "properties": { "elevation": 1.8914330005645752, "depth": 1.6277151107788086, "osmid": 13851314229, "name": [ "nan" ] }, "geometry": { "type": "Point", "coordinates": [ 72.83816635166913, 19.043816963333821 ] } },
{ "type": "Feature", "properties": { "elevation": 5.657926082611084, "depth": 2.2310800552368164, "osmid": 13852795727, "name": [ "Kadeshwari Mandir Marg" ] }, "geometry": { "type": "Point", "coordinates": [ 72.824074171761964, 19.044732746912235 ] } },
{ "type": "Feature", "properties": { "elevation": 5.8377704620361328, "depth": 3.0505962371826172, "osmid": 13854869536, "name": [ "nan" ] }, "geometry": { "type": "Point", "coordinates": [ 72.861491872583684, 19.050093238150801 ] } },
{ "type": "Feature", "properties": { "elevation": 5.5685825347900391, "depth": 2.1113443374633789, "osmid": 13857111163, "name": [ "nan" ] }, "geometry": { "type": "Point", "coordinates": [ 72.821953783389503, 19.130721290124114 ] } },
{ "type": "Feature", "properties": { "elevation": 5.1349968910217285, "depth": 3.1444716453552246, "osmid": 13858197271, "name": [ "nan" ] }, "geometry": { "type": "Point", "coordinates": [ 72.856467903249836, 19.042718276469905 ] } },
{ "type": "Feature", "properties": { "elevation": 3.3409585952758789, "depth": 4.8863306045532227, "osmid": 13900429946, "name": [ "Western Express Highway" ] }, "geometry": { "type": "Point", "coordinates": [ 72.84582115137367, 19.091933939170339 ] } },
{ "type": "Feature", "properties": { "elevation": 0.0, "depth": 10.709383964538574, "osmid": 13905111268, "name": [ "Walkeshwar Road" ] }, "geometry": { "type": "Point", "coordinates": [ 72.806954671847308, 18.95377734355127 ] } },
{ "type": "Feature", "properties": { "elevation": 1.5897424221038818, "depth": 7.5200347900390625, "osmid": 13905111269, "name": [ "Walkeshwar Road" ] }, "geometry": { "type": "Point", "coordinates": [ 72.806691932711246, 18.953445057982083 ] } },
{ "type": "Feature", "properties": { "elevation": 0.0, "depth": 10.709383964538574, "osmid": 13905111270, "name": [ "Walkeshwar Road" ] }, "geometry": { "type": "Point", "coordinates": [ 72.806977349112685, 18.953694053070219 ] } },
{ "type": "Feature", "properties": { "elevation": 5.3187737464904785, "depth": 3.1671710014343262, "osmid": 13907108269, "name": [ "nan" ] }, "geometry": { "type": "Point", "coordinates": [ 72.81467138369716, 18.967924042224801 ] } },
{ "type": "Feature", "properties": { "elevation": 3.5386807918548584, "depth": 1.7671973705291748, "osmid": 245680835, "name": [ "School Road" ] }, "geometry": { "type": "Point", "coordinates": [ 72.785592305611658, 19.208741788479756 ] } },
{ "type": "Feature", "properties": { "elevation": 5.8187060356140137, "depth": 2.212893009185791, "osmid": 245682218, "name": [ "nan" ] }, "geometry": { "type": "Point", "coordinates": [ 72.837192625069179, 19.232355785872073 ] } },
{ "type": "Feature", "properties": { "elevation": 5.1207084655761719, "depth": 1.7878289222717285, "osmid": 245682435, "name": [ "Link Road" ] }, "geometry": { "type": "Point", "coordinates": [ 72.843351529360476, 19.240394565070613 ] } },
{ "type": "Feature", "properties": { "elevation": 2.0, "depth": 5.1672282218933105, "osmid": 245682938, "name": [ "Madona Colony Road" ] }, "geometry": { "type": "Point", "coordinates": [ 72.856077783596533, 19.250866605098711 ] } },
{ "type": "Feature", "properties": { "elevation": 2.0, "depth": 7.1364955902099609, "osmid": 245682938, "name": [ "Madona Colony Road" ] }, "geometry": { "type": "Point", "coordinates": [ 72.856366628509249, 19.249818094929267 ] } },
{ "type": "Feature", "properties": { "elevation": 4.7254772186279297, "depth": 2.2964191436767578, "osmid": 564738606, "name": [ "Mira Road" ] }, "geometry": { "type": "Point", "coordinates": [ 72.86246221751469, 19.282624613242561 ] } },
{ "type": "Feature", "properties": { "elevation": 5.345339298248291, "depth": 1.6765570640563965, "osmid": 564738606, "name": [ "Mira Road" ] }, "geometry": { "type": "Point", "coordinates": [ 72.862115636067315, 19.282386125917615 ] } },
{ "type": "Feature", "properties": { "elevation": 3.9476606845855713, "depth": 1.3021414279937744, "osmid": 564739419, "name": [ "Naya Nagar Road" ] }, "geometry": { "type": "Point", "coordinates": [ 72.858407280253331, 19.282318164063554 ] } },
{ "type": "Feature", "properties": { "elevation": 4.3417067527770996, "depth": 3.2221708297729492, "osmid": 564853944, "name": [ "Uttan Road" ] }, "geometry": { "type": "Point", "coordinates": [ 72.79963843479004, 19.285725297892128 ] } },
{ "type": "Feature", "properties": { "elevation": 5.1574292182922363, "depth": 3.7837491035461426, "osmid": 564853944, "name": [ "Uttan Road" ] }, "geometry": { "type": "Point", "coordinates": [ 72.799098561162737, 19.284622412239049 ] } },
{ "type": "Feature", "properties": { "elevation": 5.9796290397644043, "depth": 1.4910593032836914, "osmid": 564906295, "name": [ "Dharmic Math Road" ] }, "geometry": { "type": "Point", "coordinates": [ 72.789396570028046, 19.198024534024785 ] } },
{ "type": "Feature", "properties": { "elevation": 4.9809365272521973, "depth": 1.4288864135742188, "osmid": 566131595, "name": [ "Param Pujya Shri Mataji Nirmala Devi Marg" ] }, "geometry": { "type": "Point", "coordinates": [ 72.86747374805249, 19.292389987438799 ] } },
{ "type": "Feature", "properties": { "elevation": 5.9781293869018555, "depth": 1.5049839019775391, "osmid": 628597982, "name": [ "Link Road" ] }, "geometry": { "type": "Point", "coordinates": [ 72.837905197248972, 19.21462690047715 ] } },
{ "type": "Feature", "properties": { "elevation": 5.9642581939697266, "depth": 1.4834613800048828, "osmid": 648857360, "name": "['Vasai Creek Bridge' 'Mumbai Delhi Highway']" }, "geometry": { "type": "Point", "coordinates": [ 72.900085487743908, 19.310628830870701 ] } },
{ "type": "Feature", "properties": { "elevation": 5.4730687141418457, "depth": 3.4632916450500488, "osmid": 648857405, "name": [ "Ghodbunder Jhopadpatti" ] }, "geometry": { "type": "Point", "coordinates": [ 72.895870764739357, 19.287223452154088 ] } },
{ "type": "Feature", "properties": { "elevation": -1.8610482215881348, "depth": 3.7427365779876709, "osmid": 769028312, "name": [ "nan" ] }, "geometry": { "type": "Point", "coordinates": [ 72.831840195557803, 19.174905153909915 ] } },
{ "type": "Feature", "properties": { "elevation": 4.6336307525634766, "depth": 2.7132339477539062, "osmid": 926433052, "name": [ "nan" ] }, "geometry": { "type": "Point", "coordinates": [ 72.784842264716943, 19.282268715727589 ] } },
{ "type": "Feature", "properties": { "elevation": 4.8442678451538086, "depth": 1.5195345878601074, "osmid": 1070196442, "name": [ "nan" ] }, "geometry": { "type": "Point", "coordinates": [ 72.868339088197956, 19.286411063736171 ] } },
{ "type": "Feature", "properties": { "elevation": 2.9803726673126221, "depth": 1.9815080165863037, "osmid": 1070196442, "name": [ "nan" ] }, "geometry": { "type": "Point", "coordinates": [ 72.869014455048969, 19.285911580107207 ] } },
{ "type": "Feature", "properties": { "elevation": 4.8720097541809082, "depth": 5.4961457252502441, "osmid": 1147489718, "name": [ "nan" ] }, "geometry": { "type": "Point", "coordinates": [ 72.784719470574871, 19.27707079030866 ] } },
{ "type": "Feature", "properties": { "elevation": 5.5875735282897949, "depth": 2.1377582550048828, "osmid": 1147490155, "name": [ "nan" ] }, "geometry": { "type": "Point", "coordinates": [ 72.781600614091744, 19.272040582024779 ] } },
{ "type": "Feature", "properties": { "elevation": 5.1992549896240234, "depth": 2.4851541519165039, "osmid": 1147490155, "name": [ "nan" ] }, "geometry": { "type": "Point", "coordinates": [ 72.781846594245664, 19.270203115219896 ] } },
{ "type": "Feature", "properties": { "elevation": 5.2849926948547363, "depth": 2.8996167182922363, "osmid": 1147490155, "name": [ "nan" ] }, "geometry": { "type": "Point", "coordinates": [ 72.782113591130894, 19.269887088364026 ] } },
{ "type": "Feature", "properties": { "elevation": 5.5875735282897949, "depth": 2.1377582550048828, "osmid": 1147490241, "name": [ "nan" ] }, "geometry": { "type": "Point", "coordinates": [ 72.781597934408808, 19.272046694529454 ] } },
{ "type": "Feature", "properties": { "elevation": 2.2697312831878662, "depth": 2.1498820781707764, "osmid": 1147514624, "name": [ "nan" ] }, "geometry": { "type": "Point", "coordinates": [ 72.860759776269703, 19.286408727961494 ] } },
{ "type": "Feature", "properties": { "elevation": 5.2378568649291992, "depth": 1.2123255729675293, "osmid": 1147514635, "name": [ "nan" ] }, "geometry": { "type": "Point", "coordinates": [ 72.858982326065387, 19.286131957117231 ] } },
{ "type": "Feature", "properties": { "elevation": 5.7945284843444824, "depth": 2.1396908760070801, "osmid": 1147531692, "name": [ "nan" ] }, "geometry": { "type": "Point", "coordinates": [ 72.867173535572547, 19.281861438788198 ] } },
{ "type": "Feature", "properties": { "elevation": 5.0311741828918457, "depth": 1.5058503150939941, "osmid": 1147531700, "name": [ "nan" ] }, "geometry": { "type": "Point", "coordinates": [ 72.866194932306442, 19.282704243079799 ] } },
{ "type": "Feature", "properties": { "elevation": 3.773674488067627, "depth": 2.0177631378173828, "osmid": 1147531791, "name": [ "Saint Xavier's High School Road" ] }, "geometry": { "type": "Point", "coordinates": [ 72.866241419309333, 19.279056286414068 ] } },
{ "type": "Feature", "properties": { "elevation": 4.1123480796813965, "depth": 1.4275126457214355, "osmid": 1147531847, "name": [ "MTNL Road" ] }, "geometry": { "type": "Point", "coordinates": [ 72.869989254187161, 19.280805524782025 ] } },
{ "type": "Feature", "properties": { "elevation": 2.8508899211883545, "depth": 3.0577437877655029, "osmid": 1147551511, "name": [ "nan" ] }, "geometry": { "type": "Point", "coordinates": [ 72.800736398461396, 19.292116808629775 ] } },
{ "type": "Feature", "properties": { "elevation": 5.0727138519287109, "depth": 2.2560677528381348, "osmid": 1147551511, "name": [ "nan" ] }, "geometry": { "type": "Point", "coordinates": [ 72.800393418586907, 19.292358744409409 ] } },
{ "type": "Feature", "properties": { "elevation": 4.681281566619873, "depth": 1.5410990715026855, "osmid": 1147551511, "name": [ "nan" ] }, "geometry": { "type": "Point", "coordinates": [ 72.80011814662079, 19.289648393148013 ] } },
{ "type": "Feature", "properties": { "elevation": 1.5, "depth": 2.4629907608032227, "osmid": 1185843200, "name": [ "nan" ] }, "geometry": { "type": "Point", "coordinates": [ 72.815255667561459, 19.358455916450026 ] } },
{ "type": "Feature", "properties": { "elevation": 1.5, "depth": 1.8260517120361328, "osmid": 1185843200, "name": [ "nan" ] }, "geometry": { "type": "Point", "coordinates": [ 72.814295316430687, 19.358204092398399 ] } },
{ "type": "Feature", "properties": { "elevation": 5.8003673553466797, "depth": 2.2504196166992188, "osmid": 1203410037, "name": [ "DG Nagar Road" ] }, "geometry": { "type": "Point", "coordinates": [ 72.824154655782095, 19.380571873290442 ] } },
{ "type": "Feature", "properties": { "elevation": 5.589907169342041, "depth": 2.2894802093505859, "osmid": 1342231574, "name": [ "nan" ] }, "geometry": { "type": "Point", "coordinates": [ 72.817111874792886, 19.3683016397224 ] } },
{ "type": "Feature", "properties": { "elevation": 4.3148183822631836, "depth": 2.4675006866455078, "osmid": 1345537842, "name": [ "Navapur-Umbergothan Rd" ] }, "geometry": { "type": "Point", "coordinates": [ 72.770997268598535, 19.447942926772594 ] } },
{ "type": "Feature", "properties": { "elevation": 3.7982387542724609, "depth": 2.9840803146362305, "osmid": 1345537842, "name": [ "Navapur-Umbergothan Rd" ] }, "geometry": { "type": "Point", "coordinates": [ 72.771263627817902, 19.447630576480755 ] } },
{ "type": "Feature", "properties": { "elevation": 4.6302518844604492, "depth": 2.9173941612243652, "osmid": 1345611712, "name": [ "Agashi Road" ] }, "geometry": { "type": "Point", "coordinates": [ 72.749095778557972, 19.455355603540887 ] } },
{ "type": "Feature", "properties": { "elevation": 4.0794777870178223, "depth": 2.0104413032531738, "osmid": 1375170610, "name": [ "nan" ] }, "geometry": { "type": "Point", "coordinates": [ 72.817326155560579, 19.182243553679921 ] } },
{ "type": "Feature", "properties": { "elevation": 4.0794777870178223, "depth": 2.0104413032531738, "osmid": 1375170622, "name": [ "nan" ] }, "geometry": { "type": "Point", "coordinates": [ 72.81733018254009, 19.182262505155162 ] } },
{ "type": "Feature", "properties": { "elevation": 5.6676144599914551, "depth": 1.3137493133544922, "osmid": 1375491053, "name": [ "Vasant Nagari Road" ] }, "geometry": { "type": "Point", "coordinates": [ 72.826526638895373, 19.412151999907451 ] } },
{ "type": "Feature", "properties": { "elevation": 4.3809380531311035, "depth": 3.6195063591003418, "osmid": 1375491056, "name": [ "Dr Samel Road" ] }, "geometry": { "type": "Point", "coordinates": [ 72.800882320509587, 19.412640889765022 ] } },
{ "type": "Feature", "properties": { "elevation": 5.6445426940917969, "depth": 2.3117542266845703, "osmid": 1375491191, "name": [ "nan" ] }, "geometry": { "type": "Point", "coordinates": [ 72.818313167727609, 19.449801859365955 ] } },
{ "type": "Feature", "properties": { "elevation": 2.0, "depth": 5.1672282218933105, "osmid": 1646690901, "name": [ "Madona Colony Road" ] }, "geometry": { "type": "Point", "coordinates": [ 72.856066356935628, 19.250908654493365 ] } },
{ "type": "Feature", "properties": { "elevation": 4.7865614891052246, "depth": 2.163393497467041, "osmid": 1646859018, "name": [ "nan" ] }, "geometry": { "type": "Point", "coordinates": [ 72.8252925737401, 19.181594288503522 ] } },
{ "type": "Feature", "properties": { "elevation": 2.9925916194915771, "depth": 1.2572576999664307, "osmid": 1646859161, "name": [ "nan" ] }, "geometry": { "type": "Point", "coordinates": [ 72.82522410203363, 19.188625871055368 ] } },
{ "type": "Feature", "properties": { "elevation": 3.0576457977294922, "depth": 3.1702156066894531, "osmid": 1651522099, "name": [ "nan" ] }, "geometry": { "type": "Point", "coordinates": [ 72.864481650333616, 19.309060731407843 ] } },
{ "type": "Feature", "properties": { "elevation": 4.9833316802978516, "depth": 2.9791297912597656, "osmid": 1651522132, "name": [ "nan" ] }, "geometry": { "type": "Point", "coordinates": [ 72.856321865018487, 19.313913505818597 ] } },
{ "type": "Feature", "properties": { "elevation": 3.8771684169769287, "depth": 2.2992050647735596, "osmid": 1651530826, "name": [ "Srishti Road" ] }, "geometry": { "type": "Point", "coordinates": [ 72.869508795627979, 19.273942882732136 ] } },
{ "type": "Feature", "properties": { "elevation": 3.9404902458190918, "depth": 3.7579636573791504, "osmid": 1651530827, "name": [ "Panchmukhi Road" ] }, "geometry": { "type": "Point", "coordinates": [ 72.872803109208149, 19.27271305202623 ] } },
{ "type": "Feature", "properties": { "elevation": 2.7681677341461182, "depth": 3.0469071865081787, "osmid": 1651530846, "name": [ "Srishti Road" ] }, "geometry": { "type": "Point", "coordinates": [ 72.868646520980349, 19.272596917081984 ] } },
{ "type": "Feature", "properties": { "elevation": 5.6382389068603516, "depth": 2.5340003967285156, "osmid": 1651530873, "name": [ "nan" ] }, "geometry": { "type": "Point", "coordinates": [ 72.866869272910051, 19.274628254398788 ] } },
{ "type": "Feature", "properties": { "elevation": 3.2234048843383789, "depth": 2.5169148445129395, "osmid": 1651530899, "name": [ "Jangid Complex Road" ] }, "geometry": { "type": "Point", "coordinates": [ 72.871975731677935, 19.277821114623574 ] } },
{ "type": "Feature", "properties": { "elevation": 2.909947395324707, "depth": 1.3986849784851074, "osmid": 1651530930, "name": [ "Shanti Vidya Nagri Road" ] }, "geometry": { "type": "Point", "coordinates": [ 72.88081797683779, 19.284688293044788 ] } },
{ "type": "Feature", "properties": { "elevation": 3.8560676574707031, "depth": 1.6410527229309082, "osmid": 1651530930, "name": [ "Shanti Vidya Nagri Road" ] }, "geometry": { "type": "Point", "coordinates": [ 72.882189989806676, 19.286247919542244 ] } },
{ "type": "Feature", "properties": { "elevation": 3.7880220413208008, "depth": 1.4262394905090332, "osmid": 1651530937, "name": [ "nan" ] }, "geometry": { "type": "Point", "coordinates": [ 72.871359933340187, 19.285855234450242 ] } },
{ "type": "Feature", "properties": { "elevation": 5.5628118515014648, "depth": 1.8116064071655273, "osmid": 1651530966, "name": [ "nan" ] }, "geometry": { "type": "Point", "coordinates": [ 72.879326337477167, 19.287423113387369 ] } },
{ "type": "Feature", "properties": { "elevation": 3.6312456130981445, "depth": 3.2904524803161621, "osmid": 1651530992, "name": [ "Sant Jalaram Bapa Marg" ] }, "geometry": { "type": "Point", "coordinates": [ 72.871509254968103, 19.293302074210214 ] } },
{ "type": "Feature", "properties": { "elevation": 5.205451488494873, "depth": 1.2072310447692871, "osmid": 1651537120, "name": [ "nan" ] }, "geometry": { "type": "Point", "coordinates": [ 72.842376147756667, 19.298066636256042 ] } },
{ "type": "Feature", "properties": { "elevation": 5.4207539558410645, "depth": 2.896975040435791, "osmid": 1651537128, "name": [ "nan" ] }, "geometry": { "type": "Point", "coordinates": [ 72.849792648478982, 19.298591507186266 ] } },
{ "type": "Feature", "properties": { "elevation": 4.6547069549560547, "depth": 1.7923183441162109, "osmid": 1651554257, "name": [ "Kashigaon Road" ] }, "geometry": { "type": "Point", "coordinates": [ 72.884267463959063, 19.277206042149245 ] } },
{ "type": "Feature", "properties": { "elevation": 5.2060174942016602, "depth": 2.5548615455627441, "osmid": 1651554277, "name": [ "Kashigaon Road" ] }, "geometry": { "type": "Point", "coordinates": [ 72.88363627173382, 19.278677520470318 ] } },
{ "type": "Feature", "properties": { "elevation": 3.0456275939941406, "depth": 1.5430240631103516, "osmid": 1939198102, "name": [ "nan" ] }, "geometry": { "type": "Point", "coordinates": [ 72.835614843985582, 19.2252534019443 ] } },
{ "type": "Feature", "properties": { "elevation": 3.1757380962371826, "depth": 1.2518484592437744, "osmid": 1960736165, "name": [ "nan" ] }, "geometry": { "type": "Point", "coordinates": [ 72.939986837019305, 19.287590867023837 ] } },
{ "type": "Feature", "properties": { "elevation": 2.8160693645477295, "depth": 1.8781454563140869, "osmid": 2216077904, "name": [ "nan" ] }, "geometry": { "type": "Point", "coordinates": [ 72.80031222815029, 19.447679232579883 ] } },
{ "type": "Feature", "properties": { "elevation": 4.6319622993469238, "depth": 1.2288708686828613, "osmid": 2216078248, "name": [ "nan" ] }, "geometry": { "type": "Point", "coordinates": [ 72.812113440466078, 19.466838650531624 ] } },
{ "type": "Feature", "properties": { "elevation": 3.7087669372558594, "depth": 1.4081273078918457, "osmid": 2216091725, "name": [ "Malad Marve Road" ] }, "geometry": { "type": "Point", "coordinates": [ 72.800059408194116, 19.195411776288196 ] } },
{ "type": "Feature", "properties": { "elevation": 3.6081151962280273, "depth": 2.0277891159057617, "osmid": 2216091972, "name": [ "nan" ] }, "geometry": { "type": "Point", "coordinates": [ 72.810995121017143, 19.202919140373673 ] } },
{ "type": "Feature", "properties": { "elevation": 3.6081151962280273, "depth": 2.0277891159057617, "osmid": 2216092036, "name": [ "nan" ] }, "geometry": { "type": "Point", "coordinates": [ 72.810994595446928, 19.202918766493493 ] } },
{ "type": "Feature", "properties": { "elevation": 3.15926194190979, "depth": 2.6088173389434814, "osmid": 2216231461, "name": [ "nan" ] }, "geometry": { "type": "Point", "coordinates": [ 72.817619936441957, 19.186472408031818 ] } },
{ "type": "Feature", "properties": { "elevation": 4.4853525161743164, "depth": 3.4475231170654297, "osmid": 2216231939, "name": [ "nan" ] }, "geometry": { "type": "Point", "coordinates": [ 72.819458124599535, 19.213454350103298 ] } },
{ "type": "Feature", "properties": { "elevation": 4.7000913619995117, "depth": 1.4688992500305176, "osmid": 2216339893, "name": [ "Naringi Rd" ] }, "geometry": { "type": "Point", "coordinates": [ 72.810550483118959, 19.474067715071978 ] } },
{ "type": "Feature", "properties": { "elevation": 3.5136730670928955, "depth": 1.3836009502410889, "osmid": 2216341919, "name": [ "nan" ] }, "geometry": { "type": "Point", "coordinates": [ 72.7927423422, 19.489797606287237 ] } },
{ "type": "Feature", "properties": { "elevation": 2.9422729015350342, "depth": 1.6543900966644287, "osmid": 2216345418, "name": [ "nan" ] }, "geometry": { "type": "Point", "coordinates": [ 72.801430656852517, 19.493971917601574 ] } },
{ "type": "Feature", "properties": { "elevation": 2.1250467300415039, "depth": 1.2793703079223633, "osmid": 2216345418, "name": [ "nan" ] }, "geometry": { "type": "Point", "coordinates": [ 72.8082353561433, 19.482175456231847 ] } },
{ "type": "Feature", "properties": { "elevation": 1.8188812732696533, "depth": 1.9836468696594238, "osmid": 2216345418, "name": [ "nan" ] }, "geometry": { "type": "Point", "coordinates": [ 72.806251084687133, 19.477050539979636 ] } },
{ "type": "Feature", "properties": { "elevation": 4.4656071662902832, "depth": 3.1678557395935059, "osmid": 2216360606, "name": [ "nan" ] }, "geometry": { "type": "Point", "coordinates": [ 72.780790623791987, 19.217928834569982 ] } },
{ "type": "Feature", "properties": { "elevation": 3.9017798900604248, "depth": 1.3691532611846924, "osmid": 2216360626, "name": [ "nan" ] }, "geometry": { "type": "Point", "coordinates": [ 72.820010014361415, 19.218526580341866 ] } },
{ "type": "Feature", "properties": { "elevation": 2.6547338962554932, "depth": 1.4389822483062744, "osmid": 2216360931, "name": [ "nan" ] }, "geometry": { "type": "Point", "coordinates": [ 72.779590456346639, 19.229398572819747 ] } },
{ "type": "Feature", "properties": { "elevation": 2.6547338962554932, "depth": 1.4389822483062744, "osmid": 2216360956, "name": [ "nan" ] }, "geometry": { "type": "Point", "coordinates": [ 72.779592281735617, 19.229401718630491 ] } },
{ "type": "Feature", "properties": { "elevation": 3.7720060348510742, "depth": 1.4278883934020996, "osmid": 2216470419, "name": [ "Madh Island Road" ] }, "geometry": { "type": "Point", "coordinates": [ 72.800286746706504, 19.197862516604932 ] } },
{ "type": "Feature", "properties": { "elevation": 5.4061946868896484, "depth": 1.9176607131958008, "osmid": 2216470419, "name": [ "Madh Island Road" ] }, "geometry": { "type": "Point", "coordinates": [ 72.799766269433817, 19.195656032252796 ] } },
{ "type": "Feature", "properties": { "elevation": 5.9796290397644043, "depth": 1.4910593032836914, "osmid": 2216470430, "name": [ "Dharmic Math Road" ] }, "geometry": { "type": "Point", "coordinates": [ 72.789434007650854, 19.19808831396216 ] } },
{ "type": "Feature", "properties": { "elevation": 2.8041074275970459, "depth": 2.256878137588501, "osmid": 2216470865, "name": [ "nan" ] }, "geometry": { "type": "Point", "coordinates": [ 72.781726949141927, 19.20709212251856 ] } },
{ "type": "Feature", "properties": { "elevation": 2.8041074275970459, "depth": 2.256878137588501, "osmid": 2216470868, "name": [ "nan" ] }, "geometry": { "type": "Point", "coordinates": [ 72.781678850052387, 19.207077913887765 ] } },
{ "type": "Feature", "properties": { "elevation": 2.6186995506286621, "depth": 5.0489063262939453, "osmid": 2216470868, "name": [ "nan" ] }, "geometry": { "type": "Point", "coordinates": [ 72.782098126329075, 19.207099484575508 ] } },
{ "type": "Feature", "properties": { "elevation": 5.3957705497741699, "depth": 1.6559700965881348, "osmid": 2216533876, "name": [ "Bolinj Nanbhat Road" ] }, "geometry": { "type": "Point", "coordinates": [ 72.793292181109479, 19.425614969326336 ] } },
{ "type": "Feature", "properties": { "elevation": 4.4347281455993652, "depth": 1.3733224868774414, "osmid": 2216533980, "name": [ "Bolinj Nanbhat Road" ] }, "geometry": { "type": "Point", "coordinates": [ 72.7945353240938, 19.426484426550385 ] } },
{ "type": "Feature", "properties": { "elevation": 5.7983202934265137, "depth": 4.7439188957214355, "osmid": 2216534438, "name": [ "Bolinj Sopara Rd" ] }, "geometry": { "type": "Point", "coordinates": [ 72.794768724093586, 19.442025703524411 ] } },
{ "type": "Feature", "properties": { "elevation": 5.0248112678527832, "depth": 2.051109790802002, "osmid": 2216534534, "name": [ "nan" ] }, "geometry": { "type": "Point", "coordinates": [ 72.789010879469245, 19.443340349942343 ] } },
{ "type": "Feature", "properties": { "elevation": 4.1723604202270508, "depth": 1.6738815307617188, "osmid": 2216534677, "name": [ "Chhatrapati Shivaji Road" ] }, "geometry": { "type": "Point", "coordinates": [ 72.800046716227058, 19.44664927305881 ] } },
{ "type": "Feature", "properties": { "elevation": 3.9867076873779297, "depth": 2.3620858192443848, "osmid": 2216534707, "name": [ "nan" ] }, "geometry": { "type": "Point", "coordinates": [ 72.797327557644508, 19.446318319179614 ] } },
{ "type": "Feature", "properties": { "elevation": 0.90384602546691895, "depth": 1.2975146770477295, "osmid": 2216534792, "name": [ "nan" ] }, "geometry": { "type": "Point", "coordinates": [ 72.79817993148113, 19.448478760824653 ] } },
{ "type": "Feature", "properties": { "elevation": 0.90384602546691895, "depth": 1.2975146770477295, "osmid": 2216534796, "name": [ "nan" ] }, "geometry": { "type": "Point", "coordinates": [ 72.798084602842764, 19.448504220533241 ] } },
{ "type": "Feature", "properties": { "elevation": 4.8328337669372559, "depth": 2.1382474899291992, "osmid": 2216534888, "name": [ "nan" ] }, "geometry": { "type": "Point", "coordinates": [ 72.796840479606018, 19.448674830443355 ] } },
{ "type": "Feature", "properties": { "elevation": 2.091874361038208, "depth": 1.2959506511688232, "osmid": 2216534932, "name": [ "nan" ] }, "geometry": { "type": "Point", "coordinates": [ 72.800654052115917, 19.451221673078411 ] } },
{ "type": "Feature", "properties": { "elevation": 4.6302518844604492, "depth": 2.9173941612243652, "osmid": 2216535126, "name": [ "Agashi Road" ] }, "geometry": { "type": "Point", "coordinates": [ 72.749057398957518, 19.455400316556513 ] } },
{ "type": "Feature", "properties": { "elevation": 4.1304502487182617, "depth": 1.6161866188049316, "osmid": 2216535336, "name": [ "Agashi Rd" ] }, "geometry": { "type": "Point", "coordinates": [ 72.78336743587856, 19.453625749886935 ] } },
{ "type": "Feature", "properties": { "elevation": 5.4944114685058594, "depth": 1.234283447265625, "osmid": 2216535622, "name": [ "nan" ] }, "geometry": { "type": "Point", "coordinates": [ 72.779684134814445, 19.456911803206999 ] } },
{ "type": "Feature", "properties": { "elevation": 5.5698490142822266, "depth": 3.3181304931640625, "osmid": 2216535685, "name": [ "Subhash Lane Rd" ] }, "geometry": { "type": "Point", "coordinates": [ 72.755944754793248, 19.455792575958498 ] } },
{ "type": "Feature", "properties": { "elevation": 3.6620051860809326, "depth": 1.7575733661651611, "osmid": 2216535695, "name": [ "nan" ] }, "geometry": { "type": "Point", "coordinates": [ 72.781724790542626, 19.457450777243519 ] } },
{ "type": "Feature", "properties": { "elevation": 3.6620051860809326, "depth": 1.7575733661651611, "osmid": 2216535897, "name": [ "nan" ] }, "geometry": { "type": "Point", "coordinates": [ 72.781664998857721, 19.457412329718167 ] } },
{ "type": "Feature", "properties": { "elevation": 5.3589415550231934, "depth": 2.9551024436950684, "osmid": 2216536833, "name": [ "nan" ] }, "geometry": { "type": "Point", "coordinates": [ 72.760179820967963, 19.462915331133164 ] } },
{ "type": "Feature", "properties": { "elevation": 3.5488326549530029, "depth": 1.4158284664154053, "osmid": 2216537854, "name": [ "nan" ] }, "geometry": { "type": "Point", "coordinates": [ 72.759837482295296, 19.46852836647458 ] } },
{ "type": "Feature", "properties": { "elevation": 2.8291463851928711, "depth": 1.6148371696472168, "osmid": 2216537947, "name": [ "nan" ] }, "geometry": { "type": "Point", "coordinates": [ 72.777557901305428, 19.466128811096244 ] } },
{ "type": "Feature", "properties": { "elevation": 4.5464324951171875, "depth": 1.5502429008483887, "osmid": 2216674785, "name": [ "nan" ] }, "geometry": { "type": "Point", "coordinates": [ 72.772019966091619, 19.436681874662526 ] } },
{ "type": "Feature", "properties": { "elevation": 4.5464324951171875, "depth": 1.5502429008483887, "osmid": 2216674808, "name": [ "nan" ] }, "geometry": { "type": "Point", "coordinates": [ 72.7720044445539, 19.436660634654459 ] } },
{ "type": "Feature", "properties": { "elevation": 4.1006174087524414, "depth": 2.4160575866699219, "osmid": 2216674934, "name": [ "nan" ] }, "geometry": { "type": "Point", "coordinates": [ 72.765050356190358, 19.44072000182393 ] } },
{ "type": "Feature", "properties": { "elevation": 3.126054048538208, "depth": 1.2996180057525635, "osmid": 2216675017, "name": [ "nan" ] }, "geometry": { "type": "Point", "coordinates": [ 72.805731078549201, 19.448486866246249 ] } },
{ "type": "Feature", "properties": { "elevation": 5.6910762786865234, "depth": 1.4308786392211914, "osmid": 2216675121, "name": [ "nan" ] }, "geometry": { "type": "Point", "coordinates": [ 72.762311296184606, 19.45322454809607 ] } },
{ "type": "Feature", "properties": { "elevation": 3.1132280826568604, "depth": 1.6785023212432861, "osmid": 2216843739, "name": [ "nan" ] }, "geometry": { "type": "Point", "coordinates": [ 72.816044763081493, 19.210788880046106 ] } },
{ "type": "Feature", "properties": { "elevation": 4.8259382247924805, "depth": 1.5374226570129395, "osmid": 2216843775, "name": [ "nan" ] }, "geometry": { "type": "Point", "coordinates": [ 72.817167279209443, 19.211398084558596 ] } },
{ "type": "Feature", "properties": { "elevation": 4.0453457832336426, "depth": 1.575162410736084, "osmid": 2216860550, "name": [ "Yashavant Nagar Rd" ] }, "geometry": { "type": "Point", "coordinates": [ 72.810526620754956, 19.441285922938533 ] } },
{ "type": "Feature", "properties": { "elevation": 5.9088568687438965, "depth": 2.6741471290588379, "osmid": 2216860829, "name": [ "nan" ] }, "geometry": { "type": "Point", "coordinates": [ 72.812040862318824, 19.44585574826543 ] } },
{ "type": "Feature", "properties": { "elevation": 5.0276312828063965, "depth": 4.0514388084411621, "osmid": 2216860841, "name": [ "nan" ] }, "geometry": { "type": "Point", "coordinates": [ 72.813374774427047, 19.435555694135104 ] } },
{ "type": "Feature", "properties": { "elevation": 5.9088568687438965, "depth": 2.6741471290588379, "osmid": 2216860847, "name": [ "nan" ] }, "geometry": { "type": "Point", "coordinates": [ 72.81205264787593, 19.445812151346434 ] } },
{ "type": "Feature", "properties": { "elevation": 3.126054048538208, "depth": 1.2996180057525635, "osmid": 2216861241, "name": [ "nan" ] }, "geometry": { "type": "Point", "coordinates": [ 72.805712874321273, 19.448502400153949 ] } },
{ "type": "Feature", "properties": { "elevation": 5.8329992294311523, "depth": 1.9321432113647461, "osmid": 2220727793, "name": [ "Nile More Road" ] }, "geometry": { "type": "Point", "coordinates": [ 72.812666667964393, 19.425914333748107 ] } },
{ "type": "Feature", "properties": { "elevation": 4.4812736511230469, "depth": 1.915165901184082, "osmid": 2220727854, "name": [ "nan" ] }, "geometry": { "type": "Point", "coordinates": [ 72.813542208853235, 19.427375381898322 ] } },
{ "type": "Feature", "properties": { "elevation": 5.6655783653259277, "depth": 2.7330269813537598, "osmid": 2220728305, "name": [ "nan" ] }, "geometry": { "type": "Point", "coordinates": [ 72.771897804865873, 19.437464918090885 ] } },
{ "type": "Feature", "properties": { "elevation": 5.1330294609069824, "depth": 1.8200521469116211, "osmid": 2220728317, "name": [ "Christian Ali Road" ] }, "geometry": { "type": "Point", "coordinates": [ 72.796661500643808, 19.440055086452201 ] } },
{ "type": "Feature", "properties": { "elevation": 5.5045738220214844, "depth": 2.983128547668457, "osmid": 2220728375, "name": [ "nan" ] }, "geometry": { "type": "Point", "coordinates": [ 72.764501351474564, 19.440461533827836 ] } },
{ "type": "Feature", "properties": { "elevation": 4.6319622993469238, "depth": 1.2288708686828613, "osmid": 2220730192, "name": [ "nan" ] }, "geometry": { "type": "Point", "coordinates": [ 72.812110194848927, 19.466853094258774 ] } },
{ "type": "Feature", "properties": { "elevation": 4.3281583786010742, "depth": 1.6033759117126465, "osmid": 2221493206, "name": [ "nan" ] }, "geometry": { "type": "Point", "coordinates": [ 72.876134468361059, 19.489245612274036 ] } },
{ "type": "Feature", "properties": { "elevation": 4.2769994735717773, "depth": 3.6112704277038574, "osmid": 2221887796, "name": [ "nan" ] }, "geometry": { "type": "Point", "coordinates": [ 72.835483328989127, 19.22699064026882 ] } },
{ "type": "Feature", "properties": { "elevation": 4.2769994735717773, "depth": 1.4501228332519531, "osmid": 2221887873, "name": [ "nan" ] }, "geometry": { "type": "Point", "coordinates": [ 72.835335786462238, 19.22688779851936 ] } },
{ "type": "Feature", "properties": { "elevation": 5.7632431983947754, "depth": 1.5571250915527344, "osmid": 2221887922, "name": [ "RSC Road Number 31" ] }, "geometry": { "type": "Point", "coordinates": [ 72.823333963053116, 19.229309201304076 ] } },
{ "type": "Feature", "properties": { "elevation": 3.4832098484039307, "depth": 4.6368474960327148, "osmid": 2221887926, "name": [ "Gorai Link Road" ] }, "geometry": { "type": "Point", "coordinates": [ 72.828655094918446, 19.229213312055247 ] } },
{ "type": "Feature", "properties": { "elevation": 4.3003702163696289, "depth": 1.5716490745544434, "osmid": 2221887926, "name": [ "RSC Road Number 16" ] }, "geometry": { "type": "Point", "coordinates": [ 72.829460113475321, 19.228786192558225 ] } },
{ "type": "Feature", "properties": { "elevation": 5.039970874786377, "depth": 2.4777765274047852, "osmid": 2222186280, "name": [ "nan" ] }, "geometry": { "type": "Point", "coordinates": [ 72.82682135340805, 19.20131616671048 ] } },
{ "type": "Feature", "properties": { "elevation": 4.7311296463012695, "depth": 1.3495850563049316, "osmid": 2222186312, "name": [ "nan" ] }, "geometry": { "type": "Point", "coordinates": [ 72.823640660832211, 19.202133045565393 ] } },
{ "type": "Feature", "properties": { "elevation": 5.6666731834411621, "depth": 1.3197731971740723, "osmid": 2222292083, "name": [ "nan" ] }, "geometry": { "type": "Point", "coordinates": [ 72.833341809301558, 19.223449927126744 ] } },
{ "type": "Feature", "properties": { "elevation": 5.3965959548950195, "depth": 2.4835009574890137, "osmid": 2222707517, "name": [ "nan" ] }, "geometry": { "type": "Point", "coordinates": [ 72.834488287425188, 19.190953137319642 ] } },
{ "type": "Feature", "properties": { "elevation": 5.3965959548950195, "depth": 2.4835009574890137, "osmid": 2222707552, "name": [ "nan" ] }, "geometry": { "type": "Point", "coordinates": [ 72.83452122617652, 19.190961751098762 ] } },
{ "type": "Feature", "properties": { "elevation": 4.8463101387023926, "depth": 1.2038307189941406, "osmid": 2222707556, "name": [ "nan" ] }, "geometry": { "type": "Point", "coordinates": [ 72.831039217944436, 19.195558330805099 ] } },
{ "type": "Feature", "properties": { "elevation": 2.7928469181060791, "depth": 3.6956427097320557, "osmid": 2222707641, "name": [ "nan" ] }, "geometry": { "type": "Point", "coordinates": [ 72.830280149910095, 19.193585299411254 ] } },
{ "type": "Feature", "properties": { "elevation": 5.5980606079101562, "depth": 5.0119800567626953, "osmid": 2222707641, "name": [ "nan" ] }, "geometry": { "type": "Point", "coordinates": [ 72.832598558958978, 19.193900210676148 ] } },
{ "type": "Feature", "properties": { "elevation": 5.4514679908752441, "depth": 1.511561393737793, "osmid": 2222707999, "name": [ "nan" ] }, "geometry": { "type": "Point", "coordinates": [ 72.829112219428652, 19.19817904493085 ] } },
{ "type": "Feature", "properties": { "elevation": 2.0, "depth": 1.9034709930419922, "osmid": 2222708094, "name": [ "nan" ] }, "geometry": { "type": "Point", "coordinates": [ 72.831675085839237, 19.198642976781748 ] } },
{ "type": "Feature", "properties": { "elevation": 2.0, "depth": 2.3090729713439941, "osmid": 2222708094, "name": [ "nan" ] }, "geometry": { "type": "Point", "coordinates": [ 72.832045514040416, 19.199029027886041 ] } },
{ "type": "Feature", "properties": { "elevation": 4.3527131080627441, "depth": 4.108705997467041, "osmid": 2224023754, "name": [ "nan" ] }, "geometry": { "type": "Point", "coordinates": [ 72.835643040196999, 19.204729839823216 ] } },
{ "type": "Feature", "properties": { "elevation": 4.9794044494628906, "depth": 3.4820146560668945, "osmid": 2224023754, "name": [ "nan" ] }, "geometry": { "type": "Point", "coordinates": [ 72.835935853531424, 19.205026144699179 ] } },
{ "type": "Feature", "properties": { "elevation": 5.8102355003356934, "depth": 2.5615229606628418, "osmid": 2224023754, "name": [ "nan" ] }, "geometry": { "type": "Point", "coordinates": [ 72.837537541531773, 19.206914457597456 ] } },
{ "type": "Feature", "properties": { "elevation": 5.9105510711669922, "depth": 4.5685234069824219, "osmid": 2224023778, "name": [ "nan" ] }, "geometry": { "type": "Point", "coordinates": [ 72.836204617527471, 19.205285715448255 ] } },
{ "type": "Feature", "properties": { "elevation": 4.9794044494628906, "depth": 3.4820146560668945, "osmid": 2224023778, "name": [ "nan" ] }, "geometry": { "type": "Point", "coordinates": [ 72.835905650682918, 19.20499516740173 ] } },
{ "type": "Feature", "properties": { "elevation": 4.3527131080627441, "depth": 4.108705997467041, "osmid": 2224023778, "name": [ "nan" ] }, "geometry": { "type": "Point", "coordinates": [ 72.835612560103371, 19.204699108651106 ] } },
{ "type": "Feature", "properties": { "elevation": 4.076779842376709, "depth": 2.4599180221557617, "osmid": 2224563999, "name": [ "Sai River Vatika Road" ] }, "geometry": { "type": "Point", "coordinates": [ 72.928993738751018, 19.478382744578454 ] } },
{ "type": "Feature", "properties": { "elevation": 1.5, "depth": 4.2047557830810547, "osmid": 2224563999, "name": [ "Sai River Vatika Road" ] }, "geometry": { "type": "Point", "coordinates": [ 72.929321283051095, 19.478121590988401 ] } },
{ "type": "Feature", "properties": { "elevation": 1.5, "depth": 3.4909491539001465, "osmid": 2224563999, "name": [ "Sai River Vatika Road" ] }, "geometry": { "type": "Point", "coordinates": [ 72.929632775852198, 19.477842643646738 ] } },
{ "type": "Feature", "properties": { "elevation": 4.3281583786010742, "depth": 1.6033759117126465, "osmid": 2224565514, "name": [ "nan" ] }, "geometry": { "type": "Point", "coordinates": [ 72.876113387701409, 19.489252235868239 ] } },
{ "type": "Feature", "properties": { "elevation": 2.5, "depth": 1.5020565986633301, "osmid": 2224566044, "name": [ "nan" ] }, "geometry": { "type": "Point", "coordinates": [ 72.922272463868197, 19.495389124514212 ] } },
{ "type": "Feature", "properties": { "elevation": 5.8429121971130371, "depth": 1.3017230033874512, "osmid": 2224566208, "name": [ "nan" ] }, "geometry": { "type": "Point", "coordinates": [ 72.907265850348949, 19.495759667431489 ] } },
{ "type": "Feature", "properties": { "elevation": 5.531745433807373, "depth": 2.2330460548400879, "osmid": 2224566518, "name": [ "nan" ] }, "geometry": { "type": "Point", "coordinates": [ 72.908019837194772, 19.496883587273146 ] } },
{ "type": "Feature", "properties": { "elevation": 5.8429121971130371, "depth": 1.3017230033874512, "osmid": 2224566518, "name": [ "nan" ] }, "geometry": { "type": "Point", "coordinates": [ 72.907254748649734, 19.495749194887932 ] } },
{ "type": "Feature", "properties": { "elevation": 3.6284780502319336, "depth": 2.2635788917541504, "osmid": 2224566518, "name": [ "nan" ] }, "geometry": { "type": "Point", "coordinates": [ 72.906883666753743, 19.495546660015794 ] } },
{ "type": "Feature", "properties": { "elevation": 4.7508654594421387, "depth": 1.7146258354187012, "osmid": 2224567023, "name": [ "nan" ] }, "geometry": { "type": "Point", "coordinates": [ 72.907056707107969, 19.499010805141452 ] } },
{ "type": "Feature", "properties": { "elevation": 2.5, "depth": 1.5020565986633301, "osmid": 2224567268, "name": [ "nan" ] }, "geometry": { "type": "Point", "coordinates": [ 72.92228345780839, 19.495372524195627 ] } },
{ "type": "Feature", "properties": { "elevation": 3.8496105670928955, "depth": 1.2797930240631104, "osmid": 2227774143, "name": [ "nan" ] }, "geometry": { "type": "Point", "coordinates": [ 72.784740522016591, 19.375677500347017 ] } },
{ "type": "Feature", "properties": { "elevation": 3.096254825592041, "depth": 1.6613645553588867, "osmid": 2227774143, "name": [ "nan" ] }, "geometry": { "type": "Point", "coordinates": [ 72.784777696377972, 19.375368503566566 ] } },
{ "type": "Feature", "properties": { "elevation": 2.4457106590270996, "depth": 1.3882653713226318, "osmid": 2227774699, "name": [ "nan" ] }, "geometry": { "type": "Point", "coordinates": [ 72.763557630914647, 19.386455156099359 ] } },
{ "type": "Feature", "properties": { "elevation": 4.7279300689697266, "depth": 1.6539607048034668, "osmid": 2227774699, "name": [ "nan" ] }, "geometry": { "type": "Point", "coordinates": [ 72.764129978117438, 19.380895296006969 ] } },
{ "type": "Feature", "properties": { "elevation": 4.9918422698974609, "depth": 1.5557613372802734, "osmid": 2227775544, "name": [ "nan" ] }, "geometry": { "type": "Point", "coordinates": [ 72.785928923798807, 19.396046584957869 ] } },
{ "type": "Feature", "properties": { "elevation": 3.5, "depth": 2.9881691932678223, "osmid": 2227775572, "name": [ "nan" ] }, "geometry": { "type": "Point", "coordinates": [ 72.777685524259567, 19.395189317595502 ] } },
{ "type": "Feature", "properties": { "elevation": 5.8300619125366211, "depth": 1.9287757873535156, "osmid": 2227776013, "name": [ "Gass Road" ] }, "geometry": { "type": "Point", "coordinates": [ 72.795497576561942, 19.403511630798882 ] } },
{ "type": "Feature", "properties": { "elevation": 5.0636167526245117, "depth": 1.2556791305541992, "osmid": 2227776348, "name": [ "Gass Road" ] }, "geometry": { "type": "Point", "coordinates": [ 72.800296875604644, 19.410077021959882 ] } },
{ "type": "Feature", "properties": { "elevation": 5.125819206237793, "depth": 2.1841697692871094, "osmid": 2227776595, "name": [ "nan" ] }, "geometry": { "type": "Point", "coordinates": [ 72.761082095051705, 19.415048672381801 ] } },
{ "type": "Feature", "properties": { "elevation": 5.0818848609924316, "depth": 4.6332154273986816, "osmid": 2227776855, "name": [ "nan" ] }, "geometry": { "type": "Point", "coordinates": [ 72.801405799113311, 19.414018900264313 ] } },
{ "type": "Feature", "properties": { "elevation": 5.203031063079834, "depth": 2.8151755332946777, "osmid": 2227776860, "name": [ "nan" ] }, "geometry": { "type": "Point", "coordinates": [ 72.796322020415943, 19.414064280071553 ] } },
{ "type": "Feature", "properties": { "elevation": 4.6307334899902344, "depth": 1.418818473815918, "osmid": 2227776911, "name": [ "nan" ] }, "geometry": { "type": "Point", "coordinates": [ 72.808514982129665, 19.415265801215678 ] } },
{ "type": "Feature", "properties": { "elevation": 5.0818848609924316, "depth": 4.6332154273986816, "osmid": 2227776920, "name": [ "nan" ] }, "geometry": { "type": "Point", "coordinates": [ 72.8014180281222, 19.41405379601736 ] } },
{ "type": "Feature", "properties": { "elevation": 5.6149239540100098, "depth": 3.5754809379577637, "osmid": 2227777007, "name": [ "nan" ] }, "geometry": { "type": "Point", "coordinates": [ 72.80200449499786, 19.415100127932902 ] } },
{ "type": "Feature", "properties": { "elevation": 3.8699314594268799, "depth": 1.7877576351165771, "osmid": 2227777085, "name": [ "Satpala - Wagholi Road" ] }, "geometry": { "type": "Point", "coordinates": [ 72.795898628962348, 19.417504865213672 ] } },
{ "type": "Feature", "properties": { "elevation": 4.3172817230224609, "depth": 1.893183708190918, "osmid": 2227777201, "name": [ "nan" ] }, "geometry": { "type": "Point", "coordinates": [ 72.788809660471046, 19.418538122720367 ] } },
{ "type": "Feature", "properties": { "elevation": 4.3172817230224609, "depth": 1.893183708190918, "osmid": 2227777305, "name": [ "nan" ] }, "geometry": { "type": "Point", "coordinates": [ 72.788810841435776, 19.418539679230008 ] } },
{ "type": "Feature", "properties": { "elevation": 0.0, "depth": 3.9789073467254639, "osmid": 2227777408, "name": [ "nan" ] }, "geometry": { "type": "Point", "coordinates": [ 72.758738182489139, 19.420538381479236 ] } },
{ "type": "Feature", "properties": { "elevation": 4.4942169189453125, "depth": 2.3263721466064453, "osmid": 2227777538, "name": [ "Satpala - Wagholi Road" ] }, "geometry": { "type": "Point", "coordinates": [ 72.789598266156887, 19.422170693274659 ] } },
{ "type": "Feature", "properties": { "elevation": 2.3915998935699463, "depth": 1.563530445098877, "osmid": 2227777668, "name": [ "nan" ] }, "geometry": { "type": "Point", "coordinates": [ 72.767601641594723, 19.421333966792648 ] } },
{ "type": "Feature", "properties": { "elevation": 5.3957705497741699, "depth": 1.6559700965881348, "osmid": 2227777948, "name": [ "Bolinj Nanbhat Road" ] }, "geometry": { "type": "Point", "coordinates": [ 72.793277862493099, 19.425609680987883 ] } },
{ "type": "Feature", "properties": { "elevation": 4.6627001762390137, "depth": 2.2819862365722656, "osmid": 2227817908, "name": [ "Maitri Road" ] }, "geometry": { "type": "Point", "coordinates": [ 72.812362571723199, 19.413683306914141 ] } },
{ "type": "Feature", "properties": { "elevation": 2.8664231300354004, "depth": 1.3234162330627441, "osmid": 2229879762, "name": [ "Mother Teresa Road" ] }, "geometry": { "type": "Point", "coordinates": [ 72.827593062083125, 19.377891102427235 ] } },
{ "type": "Feature", "properties": { "elevation": 4.5979099273681641, "depth": 1.6851072311401367, "osmid": 2229879952, "name": [ "nan" ] }, "geometry": { "type": "Point", "coordinates": [ 72.825914938962825, 19.37802047885922 ] } },
{ "type": "Feature", "properties": { "elevation": 3.7695143222808838, "depth": 1.9151980876922607, "osmid": 2229879968, "name": [ "nan" ] }, "geometry": { "type": "Point", "coordinates": [ 72.823803476059609, 19.378617673979534 ] } },
{ "type": "Feature", "properties": { "elevation": 5.9049711227416992, "depth": 1.8339285850524902, "osmid": 2229880515, "name": [ "nan" ] }, "geometry": { "type": "Point", "coordinates": [ 72.834763493310106, 19.380621037209256 ] } },
{ "type": "Feature", "properties": { "elevation": 4.8827710151672363, "depth": 1.8846220970153809, "osmid": 2229880607, "name": [ "nan" ] }, "geometry": { "type": "Point", "coordinates": [ 72.821659705473721, 19.381061222899458 ] } },
{ "type": "Feature", "properties": { "elevation": 5.5795278549194336, "depth": 1.4182147979736328, "osmid": 2229880641, "name": [ "nan" ] }, "geometry": { "type": "Point", "coordinates": [ 72.83349101930871, 19.380235259475239 ] } },
{ "type": "Feature", "properties": { "elevation": 5.0705280303955078, "depth": 1.6352849006652832, "osmid": 2229880648, "name": [ "nan" ] }, "geometry": { "type": "Point", "coordinates": [ 72.822333849247599, 19.381515783301939 ] } },
{ "type": "Feature", "properties": { "elevation": 5.0705280303955078, "depth": 1.6352849006652832, "osmid": 2229880864, "name": [ "nan" ] }, "geometry": { "type": "Point", "coordinates": [ 72.822330048357813, 19.381524779552883 ] } },
{ "type": "Feature", "properties": { "elevation": 5.9756312370300293, "depth": 2.1217408180236816, "osmid": 2229881234, "name": [ "nan" ] }, "geometry": { "type": "Point", "coordinates": [ 72.837273832099029, 19.384195407063913 ] } },
{ "type": "Feature", "properties": { "elevation": 5.8377580642700195, "depth": 2.3528556823730469, "osmid": 2229881320, "name": [ "nan" ] }, "geometry": { "type": "Point", "coordinates": [ 72.837431501481262, 19.385283066545217 ] } },
{ "type": "Feature", "properties": { "elevation": 5.9560260772705078, "depth": 1.5694432258605957, "osmid": 2229881742, "name": [ "nan" ] }, "geometry": { "type": "Point", "coordinates": [ 72.824554606820456, 19.388973568847028 ] } },
{ "type": "Feature", "properties": { "elevation": 1.5, "depth": 1.336735725402832, "osmid": 2229881984, "name": [ "nan" ] }, "geometry": { "type": "Point", "coordinates": [ 72.837790580321709, 19.391208583368002 ] } },
{ "type": "Feature", "properties": { "elevation": 4.2284226417541504, "depth": 1.4360380172729492, "osmid": 2229882174, "name": [ "nan" ] }, "geometry": { "type": "Point", "coordinates": [ 72.830251707589483, 19.391409459636762 ] } },
{ "type": "Feature", "properties": { "elevation": 4.9494404792785645, "depth": 3.4231791496276855, "osmid": 2229882637, "name": [ "nan" ] }, "geometry": { "type": "Point", "coordinates": [ 72.823776705256591, 19.404218574078921 ] } },
{ "type": "Feature", "properties": { "elevation": 3.5379397869110107, "depth": 1.4765927791595459, "osmid": 2229882778, "name": [ "nan" ] }, "geometry": { "type": "Point", "coordinates": [ 72.82529764811683, 19.404354322911182 ] } },
{ "type": "Feature", "properties": { "elevation": 4.0388298034667969, "depth": 2.5792617797851562, "osmid": 2229883125, "name": [ "nan" ] }, "geometry": { "type": "Point", "coordinates": [ 72.824067531572084, 19.40738851640323 ] } },
{ "type": "Feature", "properties": { "elevation": 4.0388298034667969, "depth": 2.5792617797851562, "osmid": 2229883125, "name": [ "nan" ] }, "geometry": { "type": "Point", "coordinates": [ 72.824140557191271, 19.407350197863376 ] } },
{ "type": "Feature", "properties": { "elevation": 5.5163764953613281, "depth": 2.0209980010986328, "osmid": 2229883356, "name": [ "nan" ] }, "geometry": { "type": "Point", "coordinates": [ 72.832909563448979, 19.410912087039812 ] } },
{ "type": "Feature", "properties": { "elevation": 5.468742847442627, "depth": 1.9195222854614258, "osmid": 2229883400, "name": [ "nan" ] }, "geometry": { "type": "Point", "coordinates": [ 72.834657454836218, 19.409960114767184 ] } },
{ "type": "Feature", "properties": { "elevation": 5.5977678298950195, "depth": 1.531404972076416, "osmid": 2229883410, "name": [ "Achole Talao Ring Road" ] }, "geometry": { "type": "Point", "coordinates": [ 72.828521873157442, 19.411215136248163 ] } },
{ "type": "Feature", "properties": { "elevation": 0.26859304308891296, "depth": 5.6473140716552734, "osmid": 2229883707, "name": [ "nan" ] }, "geometry": { "type": "Point", "coordinates": [ 72.830255379186795, 19.414706617190316 ] } },
{ "type": "Feature", "properties": { "elevation": 4.9506192207336426, "depth": 1.9901676177978516, "osmid": 2229884322, "name": [ "Nallasopara Station Road" ] }, "geometry": { "type": "Point", "coordinates": [ 72.819010049087211, 19.418745689820266 ] } },
{ "type": "Feature", "properties": { "elevation": 5.5044050216674805, "depth": 3.6303586959838867, "osmid": 2229884448, "name": [ "nan" ] }, "geometry": { "type": "Point", "coordinates": [ 72.822579807675808, 19.420621704236375 ] } },
{ "type": "Feature", "properties": { "elevation": 5.5044050216674805, "depth": 3.6303586959838867, "osmid": 2229884466, "name": [ "nan" ] }, "geometry": { "type": "Point", "coordinates": [ 72.822601748899274, 19.420622856766066 ] } },
{ "type": "Feature", "properties": { "elevation": 5.0, "depth": 2.9923696517944336, "osmid": 2230326034, "name": [ "nan" ] }, "geometry": { "type": "Point", "coordinates": [ 72.827370571802987, 19.375103058199759 ] } },
{ "type": "Feature", "properties": { "elevation": 5.1774277687072754, "depth": 1.609952449798584, "osmid": 2230327312, "name": [ "nan" ] }, "geometry": { "type": "Point", "coordinates": [ 72.827393535617503, 19.411911068534742 ] } },
{ "type": "Feature", "properties": { "elevation": 5.0336322784423828, "depth": 1.3153510093688965, "osmid": 2230689803, "name": [ "Naigaon East Vasai Link Road" ] }, "geometry": { "type": "Point", "coordinates": [ 72.85638863360569, 19.380402001892822 ] } },
{ "type": "Feature", "properties": { "elevation": 4.3577518463134766, "depth": 1.9047698974609375, "osmid": 2230772446, "name": [ "nan" ] }, "geometry": { "type": "Point", "coordinates": [ 72.817471351143766, 19.421313393307038 ] } },
{ "type": "Feature", "properties": { "elevation": 4.0294632911682129, "depth": 4.0107359886169434, "osmid": 2230772476, "name": [ "nan" ] }, "geometry": { "type": "Point", "coordinates": [ 72.812602532813216, 19.423946711547423 ] } },
{ "type": "Feature", "properties": { "elevation": 3.7916538715362549, "depth": 3.9667608737945557, "osmid": 2230772476, "name": [ "nan" ] }, "geometry": { "type": "Point", "coordinates": [ 72.812300693514501, 19.42422847875071 ] } },
{ "type": "Feature", "properties": { "elevation": 4.6594080924987793, "depth": 1.6394181251525879, "osmid": 2230772476, "name": [ "nan" ] }, "geometry": { "type": "Point", "coordinates": [ 72.812003057531498, 19.424517451475779 ] } },
{ "type": "Feature", "properties": { "elevation": 5.2411088943481445, "depth": 2.1921987533569336, "osmid": 2230772477, "name": [ "nan" ] }, "geometry": { "type": "Point", "coordinates": [ 72.814977429463241, 19.42320387667062 ] } },
{ "type": "Feature", "properties": { "elevation": 4.6870431900024414, "depth": 1.9749674797058105, "osmid": 2230772477, "name": [ "nan" ] }, "geometry": { "type": "Point", "coordinates": [ 72.814734400829337, 19.423538463907107 ] } },
{ "type": "Feature", "properties": { "elevation": 0.0, "depth": 4.1323046684265137, "osmid": 2233625082, "name": [ "Rajni Road" ] }, "geometry": { "type": "Point", "coordinates": [ 72.806761279247596, 19.326632139691551 ] } },
{ "type": "Feature", "properties": { "elevation": 0.0, "depth": 3.8172481060028076, "osmid": 2233625082, "name": [ "Rajni Road" ] }, "geometry": { "type": "Point", "coordinates": [ 72.807077715880936, 19.326360925714106 ] } },
{ "type": "Feature", "properties": { "elevation": 2.4577093124389648, "depth": 1.4356687068939209, "osmid": 2233625924, "name": [ "nan" ] }, "geometry": { "type": "Point", "coordinates": [ 72.808485729232572, 19.341524236522048 ] } },
{ "type": "Feature", "properties": { "elevation": 5.7736387252807617, "depth": 2.159430980682373, "osmid": 2233627193, "name": [ "nan" ] }, "geometry": { "type": "Point", "coordinates": [ 72.788460334943224, 19.356308907000365 ] } },
{ "type": "Feature", "properties": { "elevation": 5.8313884735107422, "depth": 2.4567785263061523, "osmid": 2233628061, "name": [ "nan" ] }, "geometry": { "type": "Point", "coordinates": [ 72.780925596181405, 19.363936149736055 ] } },
{ "type": "Feature", "properties": { "elevation": 5.8729977607727051, "depth": 1.2556662559509277, "osmid": 2233628061, "name": [ "nan" ] }, "geometry": { "type": "Point", "coordinates": [ 72.781508185334133, 19.362849931845471 ] } },
{ "type": "Feature", "properties": { "elevation": 4.2761545181274414, "depth": 3.2386379241943359, "osmid": 2233628389, "name": [ "nan" ] }, "geometry": { "type": "Point", "coordinates": [ 72.785432257794184, 19.36783269167778 ] } },
{ "type": "Feature", "properties": { "elevation": 4.2237844467163086, "depth": 1.4292783737182617, "osmid": 2233628514, "name": [ "nan" ] }, "geometry": { "type": "Point", "coordinates": [ 72.779148185142304, 19.367738329746437 ] } },
{ "type": "Feature", "properties": { "elevation": 4.4456839561462402, "depth": 1.4702324867248535, "osmid": 2233628670, "name": [ "Uttaleshwar Mahadev Mandir - Atodiwadi Road" ] }, "geometry": { "type": "Point", "coordinates": [ 72.797409310725044, 19.373953352623793 ] } },
{ "type": "Feature", "properties": { "elevation": 1.7843780517578125, "depth": 4.0326328277587891, "osmid": 2233628966, "name": [ "nan" ] }, "geometry": { "type": "Point", "coordinates": [ 72.796801488557108, 19.375039786830399 ] } },
{ "type": "Feature", "properties": { "elevation": 4.4456839561462402, "depth": 1.4702324867248535, "osmid": 2233628966, "name": [ "Uttaleshwar Mahadev Mandir - Atodiwadi Road" ] }, "geometry": { "type": "Point", "coordinates": [ 72.79737813068644, 19.373999766391346 ] } },
{ "type": "Feature", "properties": { "elevation": 4.0499067306518555, "depth": 1.2110862731933594, "osmid": 2233651090, "name": [ "nan" ] }, "geometry": { "type": "Point", "coordinates": [ 72.817949216989874, 19.177961450618092 ] } },
{ "type": "Feature", "properties": { "elevation": 3.9140377044677734, "depth": 1.2069540023803711, "osmid": 2233651195, "name": [ "nan" ] }, "geometry": { "type": "Point", "coordinates": [ 72.819301995822158, 19.179198478562299 ] } },
{ "type": "Feature", "properties": { "elevation": 4.0499067306518555, "depth": 1.2110862731933594, "osmid": 2233651195, "name": [ "nan" ] }, "geometry": { "type": "Point", "coordinates": [ 72.817949215067657, 19.177961439055515 ] } },
{ "type": "Feature", "properties": { "elevation": 5.1463608741760254, "depth": 1.4897379875183105, "osmid": 2233651207, "name": [ "nan" ] }, "geometry": { "type": "Point", "coordinates": [ 72.815617915866966, 19.178509092649538 ] } },
{ "type": "Feature", "properties": { "elevation": 4.2579102516174316, "depth": 1.450253963470459, "osmid": 2233651689, "name": [ "nan" ] }, "geometry": { "type": "Point", "coordinates": [ 72.813053416420061, 19.180713485355856 ] } },
{ "type": "Feature", "properties": { "elevation": 2.5498428344726562, "depth": 1.4241726398468018, "osmid": 2233651852, "name": [ "nan" ] }, "geometry": { "type": "Point", "coordinates": [ 72.813127334395702, 19.183629316838044 ] } },
{ "type": "Feature", "properties": { "elevation": 2.5498428344726562, "depth": 1.4241726398468018, "osmid": 2233652184, "name": [ "nan" ] }, "geometry": { "type": "Point", "coordinates": [ 72.813080727906666, 19.183602485402126 ] } },
{ "type": "Feature", "properties": { "elevation": 4.370574951171875, "depth": 1.2441635131835938, "osmid": 2233867089, "name": [ "nan" ] }, "geometry": { "type": "Point", "coordinates": [ 72.845681703165582, 19.346641711754771 ] } },
{ "type": "Feature", "properties": { "elevation": 2.2931563854217529, "depth": 1.4432055950164795, "osmid": 2233867656, "name": [ "Naigaon East Vasai Link Road" ] }, "geometry": { "type": "Point", "coordinates": [ 72.857774578775235, 19.360155640965115 ] } },
{ "type": "Feature", "properties": { "elevation": 4.5559186935424805, "depth": 2.4212498664855957, "osmid": 2236170170, "name": [ "nan" ] }, "geometry": { "type": "Point", "coordinates": [ 72.824066064746688, 19.338106842117995 ] } },
{ "type": "Feature", "properties": { "elevation": 3.3330576419830322, "depth": 1.2505867481231689, "osmid": 2236170312, "name": [ "nan" ] }, "geometry": { "type": "Point", "coordinates": [ 72.839181853635708, 19.342749219479387 ] } },
{ "type": "Feature", "properties": { "elevation": 3.7467694282531738, "depth": 3.0933055877685547, "osmid": 2236170370, "name": [ "1" ] }, "geometry": { "type": "Point", "coordinates": [ 72.829977103306348, 19.347471490603521 ] } },
{ "type": "Feature", "properties": { "elevation": 2.7778337001800537, "depth": 1.5799477100372314, "osmid": 2236170414, "name": [ "nan" ] }, "geometry": { "type": "Point", "coordinates": [ 72.842976927941365, 19.344653866685604 ] } },
{ "type": "Feature", "properties": { "elevation": 2.2497060298919678, "depth": 1.4016945362091064, "osmid": 2236171233, "name": [ "nan" ] }, "geometry": { "type": "Point", "coordinates": [ 72.876174367624643, 19.35587262531293 ] } },
{ "type": "Feature", "properties": { "elevation": 2.8721785545349121, "depth": 1.2121448516845703, "osmid": 2236171390, "name": [ "nan" ] }, "geometry": { "type": "Point", "coordinates": [ 72.840988000852008, 19.357363130398852 ] } },
{ "type": "Feature", "properties": { "elevation": 0.5, "depth": 2.5919861793518066, "osmid": 2236171566, "name": [ "nan" ] }, "geometry": { "type": "Point", "coordinates": [ 72.845805550600815, 19.358155846861465 ] } },
{ "type": "Feature", "properties": { "elevation": 4.6373467445373535, "depth": 1.4410924911499023, "osmid": 2236171604, "name": [ "nan" ] }, "geometry": { "type": "Point", "coordinates": [ 72.83957936712811, 19.359428347001987 ] } },
{ "type": "Feature", "properties": { "elevation": 4.6373467445373535, "depth": 1.4410924911499023, "osmid": 2236171734, "name": [ "nan" ] }, "geometry": { "type": "Point", "coordinates": [ 72.83959342400847, 19.359450729516375 ] } },
{ "type": "Feature", "properties": { "elevation": 3.3617298603057861, "depth": 1.8601596355438232, "osmid": 2236171747, "name": [ "nan" ] }, "geometry": { "type": "Point", "coordinates": [ 72.845225512745799, 19.36119411574672 ] } },
{ "type": "Feature", "properties": { "elevation": 5.589907169342041, "depth": 2.2894802093505859, "osmid": 2236172162, "name": [ "nan" ] }, "geometry": { "type": "Point", "coordinates": [ 72.817076099696777, 19.368256620108273 ] } },
{ "type": "Feature", "properties": { "elevation": 3.2135031223297119, "depth": 2.8821604251861572, "osmid": 2236172241, "name": [ "nan" ] }, "geometry": { "type": "Point", "coordinates": [ 72.831179420890265, 19.369196020351044 ] } },
{ "type": "Feature", "properties": { "elevation": 3.2135031223297119, "depth": 2.8821604251861572, "osmid": 2236172323, "name": [ "nan" ] }, "geometry": { "type": "Point", "coordinates": [ 72.831122156504264, 19.369168643354055 ] } },
{ "type": "Feature", "properties": { "elevation": 4.8256778717041016, "depth": 2.4273009300231934, "osmid": 2236172510, "name": [ "nan" ] }, "geometry": { "type": "Point", "coordinates": [ 72.829679221982445, 19.371665728954238 ] } },
{ "type": "Feature", "properties": { "elevation": 5.9906778335571289, "depth": 2.1478796005249023, "osmid": 2236172708, "name": [ "nan" ] }, "geometry": { "type": "Point", "coordinates": [ 72.865949435559884, 19.373632092272516 ] } },
{ "type": "Feature", "properties": { "elevation": 4.9178557395935059, "depth": 1.8154006004333496, "osmid": 2236172737, "name": [ "nan" ] }, "geometry": { "type": "Point", "coordinates": [ 72.81679107423416, 19.373713355495102 ] } },
{ "type": "Feature", "properties": { "elevation": 4.6733913421630859, "depth": 1.3092513084411621, "osmid": 2236172737, "name": [ "nan" ] }, "geometry": { "type": "Point", "coordinates": [ 72.817090142408688, 19.373351131068784 ] } },
{ "type": "Feature", "properties": { "elevation": 5.9469761848449707, "depth": 2.7140622138977051, "osmid": 2237035676, "name": [ "nan" ] }, "geometry": { "type": "Point", "coordinates": [ 72.892401249687111, 19.327268983108702 ] } },
{ "type": "Feature", "properties": { "elevation": 2.0457563400268555, "depth": 1.7255613803863525, "osmid": 2237039583, "name": [ "nan" ] }, "geometry": { "type": "Point", "coordinates": [ 72.883310967450626, 19.35490024756497 ] } },
{ "type": "Feature", "properties": { "elevation": 2.0457563400268555, "depth": 1.7255613803863525, "osmid": 2237039587, "name": [ "nan" ] }, "geometry": { "type": "Point", "coordinates": [ 72.883271684155417, 19.35487357383488 ] } },
{ "type": "Feature", "properties": { "elevation": 3.8722629547119141, "depth": 2.8031091690063477, "osmid": 2237039587, "name": [ "nan" ] }, "geometry": { "type": "Point", "coordinates": [ 72.884181597678733, 19.354593843934275 ] } },
{ "type": "Feature", "properties": { "elevation": 5.9083876609802246, "depth": 1.2775883674621582, "osmid": 2237039606, "name": [ "nan" ] }, "geometry": { "type": "Point", "coordinates": [ 72.885647341373442, 19.354964317227331 ] } },
{ "type": "Feature", "properties": { "elevation": 5.7783570289611816, "depth": 2.4701695442199707, "osmid": 2237116362, "name": [ "nan" ] }, "geometry": { "type": "Point", "coordinates": [ 72.963144499690685, 19.176747959523532 ] } },
{ "type": "Feature", "properties": { "elevation": 4.5183572769165039, "depth": 1.7552762031555176, "osmid": 2237116371, "name": [ "nan" ] }, "geometry": { "type": "Point", "coordinates": [ 72.96255596779659, 19.177281664133908 ] } },
{ "type": "Feature", "properties": { "elevation": 4.8140568733215332, "depth": 1.4595766067504883, "osmid": 2237116371, "name": [ "nan" ] }, "geometry": { "type": "Point", "coordinates": [ 72.962858458903384, 19.176994332753086 ] } },
{ "type": "Feature", "properties": { "elevation": 5.7783570289611816, "depth": 2.4701695442199707, "osmid": 2237116371, "name": [ "nan" ] }, "geometry": { "type": "Point", "coordinates": [ 72.963177842059466, 19.176724434585385 ] } },
{ "type": "Feature", "properties": { "elevation": 5.2682127952575684, "depth": 1.4042367935180664, "osmid": 2241477849, "name": [ "nan" ] }, "geometry": { "type": "Point", "coordinates": [ 72.9074360276677, 19.334812726221539 ] } },
{ "type": "Feature", "properties": { "elevation": 5.2682127952575684, "depth": 1.4042367935180664, "osmid": 2241478148, "name": [ "nan" ] }, "geometry": { "type": "Point", "coordinates": [ 72.907459774966398, 19.334780373108764 ] } },
{ "type": "Feature", "properties": { "elevation": 4.6654276847839355, "depth": 4.9749102592468262, "osmid": 2242075692, "name": [ "nan" ] }, "geometry": { "type": "Point", "coordinates": [ 72.962811612983984, 19.319993012307258 ] } },
{ "type": "Feature", "properties": { "elevation": 3.5827682018280029, "depth": 2.11057448387146, "osmid": 2242075692, "name": [ "nan" ] }, "geometry": { "type": "Point", "coordinates": [ 72.963080160140692, 19.320467936201958 ] } },
{ "type": "Feature", "properties": { "elevation": 4.5108475685119629, "depth": 1.3426251411437988, "osmid": 2242401273, "name": [ "nan" ] }, "geometry": { "type": "Point", "coordinates": [ 72.80225250920104, 19.261856539684725 ] } },
{ "type": "Feature", "properties": { "elevation": 1.5, "depth": 1.4916205406188965, "osmid": 2242402173, "name": [ "Uttan Road" ] }, "geometry": { "type": "Point", "coordinates": [ 72.806259843931173, 19.29038323540086 ] } },
{ "type": "Feature", "properties": { "elevation": 1.0, "depth": 1.2586209774017334, "osmid": 2242576313, "name": [ "nan" ] }, "geometry": { "type": "Point", "coordinates": [ 72.844359070087293, 19.278842238643147 ] } },
{ "type": "Feature", "properties": { "elevation": 1.0, "depth": 1.2586209774017334, "osmid": 2242576503, "name": [ "nan" ] }, "geometry": { "type": "Point", "coordinates": [ 72.844322384978312, 19.278791045727917 ] } },
{ "type": "Feature", "properties": { "elevation": 3.0765209197998047, "depth": 1.776789665222168, "osmid": 2242576772, "name": [ "Mira Bhayander Link Road" ] }, "geometry": { "type": "Point", "coordinates": [ 72.875312200321403, 19.288485482634027 ] } },
{ "type": "Feature", "properties": { "elevation": 4.9250707626342773, "depth": 1.8046503067016602, "osmid": 2242576772, "name": [ "Mira Bhayander Link Road" ] }, "geometry": { "type": "Point", "coordinates": [ 72.874104633297648, 19.289437373857243 ] } },
{ "type": "Feature", "properties": { "elevation": 2.902228832244873, "depth": 1.2821040153503418, "osmid": 2242576831, "name": [ "nan" ] }, "geometry": { "type": "Point", "coordinates": [ 72.812503269929323, 19.290144441034066 ] } },
{ "type": "Feature", "properties": { "elevation": 2.9666497707366943, "depth": 1.968860387802124, "osmid": 2242576831, "name": [ "nan" ] }, "geometry": { "type": "Point", "coordinates": [ 72.813295649067456, 19.289962156916225 ] } },
{ "type": "Feature", "properties": { "elevation": 2.9666497707366943, "depth": 3.20975661277771, "osmid": 2242576922, "name": [ "nan" ] }, "geometry": { "type": "Point", "coordinates": [ 72.813318956226524, 19.290006731760791 ] } },
{ "type": "Feature", "properties": { "elevation": 4.5192623138427734, "depth": 1.3853359222412109, "osmid": 2242576931, "name": [ "Beverly Park Road" ] }, "geometry": { "type": "Point", "coordinates": [ 72.871853558343105, 19.292407991036367 ] } },
{ "type": "Feature", "properties": { "elevation": 2.8772304058074951, "depth": 3.1554782390594482, "osmid": 2242576934, "name": [ "Uttan Road" ] }, "geometry": { "type": "Point", "coordinates": [ 72.81494672643538, 19.292372881137865 ] } },
{ "type": "Feature", "properties": { "elevation": 4.7250757217407227, "depth": 1.8896145820617676, "osmid": 2242576934, "name": [ "Uttan Road" ] }, "geometry": { "type": "Point", "coordinates": [ 72.815247437452427, 19.29266210273596 ] } },
{ "type": "Feature", "properties": { "elevation": 3.0567407608032227, "depth": 1.4573473930358887, "osmid": 2242577037, "name": [ "nan" ] }, "geometry": { "type": "Point", "coordinates": [ 72.822974744776786, 19.294886751181952 ] } },
{ "type": "Feature", "properties": { "elevation": 2.4132368564605713, "depth": 1.3560192584991455, "osmid": 2242577110, "name": [ "nan" ] }, "geometry": { "type": "Point", "coordinates": [ 72.820747775689398, 19.295484414173721 ] } },
{ "type": "Feature", "properties": { "elevation": 2.5754837989807129, "depth": 2.1086597442626953, "osmid": 2242577111, "name": [ "Ramdev Park Road" ] }, "geometry": { "type": "Point", "coordinates": [ 72.869473933616192, 19.295860836067572 ] } },
{ "type": "Feature", "properties": { "elevation": 4.3558869361877441, "depth": 2.7693696022033691, "osmid": 2242577123, "name": [ "Uttan Road" ] }, "geometry": { "type": "Point", "coordinates": [ 72.818158542946804, 19.295275258159407 ] } },
{ "type": "Feature", "properties": { "elevation": 2.0, "depth": 1.986058235168457, "osmid": 2242577184, "name": [ "nan" ] }, "geometry": { "type": "Point", "coordinates": [ 72.827423491100788, 19.29899911860285 ] } },
{ "type": "Feature", "properties": { "elevation": 2.0, "depth": 1.986058235168457, "osmid": 2242577253, "name": [ "nan" ] }, "geometry": { "type": "Point", "coordinates": [ 72.827420667998993, 19.298996335440904 ] } },
{ "type": "Feature", "properties": { "elevation": 5.9468121528625488, "depth": 1.8476552963256836, "osmid": 2242577318, "name": [ "Fatak Road" ] }, "geometry": { "type": "Point", "coordinates": [ 72.848773896460841, 19.29975380069024 ] } },
{ "type": "Feature", "properties": { "elevation": 4.3087997436523438, "depth": 1.4886646270751953, "osmid": 2242577691, "name": "['RG Patil Road' 'R.G.Park Road']" }, "geometry": { "type": "Point", "coordinates": [ 72.869913191885118, 19.303517386150595 ] } },
{ "type": "Feature", "properties": { "elevation": 4.2219152450561523, "depth": 2.1599035263061523, "osmid": 2242577997, "name": [ "nan" ] }, "geometry": { "type": "Point", "coordinates": [ 72.851783560947652, 19.312006945306141 ] } },
{ "type": "Feature", "properties": { "elevation": 5.253331184387207, "depth": 2.1518082618713379, "osmid": 2242577999, "name": [ "Balaji Nagar" ] }, "geometry": { "type": "Point", "coordinates": [ 72.851023837872944, 19.310110468279429 ] } },
{ "type": "Feature", "properties": { "elevation": 4.9945254325866699, "depth": 1.5022826194763184, "osmid": 2242577999, "name": [ "Munisuvratswami Marg" ] }, "geometry": { "type": "Point", "coordinates": [ 72.851522424371069, 19.310479493479328 ] } },
{ "type": "Feature", "properties": { "elevation": 5.3173079490661621, "depth": 1.2076230049133301, "osmid": 2244790487, "name": [ "Late Deepak Dharmaji Patil Marg" ] }, "geometry": { "type": "Point", "coordinates": [ 72.867839229775328, 19.264427677231534 ] } },
{ "type": "Feature", "properties": { "elevation": 5.5510921478271484, "depth": 1.550201416015625, "osmid": 2244790828, "name": "['100 Feet Rd' '100 Feet Road']" }, "geometry": { "type": "Point", "coordinates": [ 72.861761280536214, 19.271260647112477 ] } },
{ "type": "Feature", "properties": { "elevation": 5.5510921478271484, "depth": 1.550201416015625, "osmid": 2244790846, "name": "['100 Feet Rd' '100 Feet Road']" }, "geometry": { "type": "Point", "coordinates": [ 72.861777051490904, 19.271289497318595 ] } },
{ "type": "Feature", "properties": { "elevation": 5.747624397277832, "depth": 2.3157825469970703, "osmid": 2244790857, "name": [ "nan" ] }, "geometry": { "type": "Point", "coordinates": [ 72.863757399599635, 19.272678672550629 ] } },
{ "type": "Feature", "properties": { "elevation": 5.3406744003295898, "depth": 1.5204930305480957, "osmid": 2244790868, "name": [ "Railway station Rd" ] }, "geometry": { "type": "Point", "coordinates": [ 72.860891666296595, 19.272480343185773 ] } },
{ "type": "Feature", "properties": { "elevation": 5.8029131889343262, "depth": 1.3766307830810547, "osmid": 2244790868, "name": [ "Railway station Rd" ] }, "geometry": { "type": "Point", "coordinates": [ 72.859755352087419, 19.273289232426379 ] } },
{ "type": "Feature", "properties": { "elevation": 3.9404902458190918, "depth": 3.7579636573791504, "osmid": 2244790877, "name": [ "Panchmukhi Road" ] }, "geometry": { "type": "Point", "coordinates": [ 72.872830426756352, 19.27274003560996 ] } },
{ "type": "Feature", "properties": { "elevation": 2.5569419860839844, "depth": 1.7433643341064453, "osmid": 2244790936, "name": [ "nan" ] }, "geometry": { "type": "Point", "coordinates": [ 72.871443220202835, 19.275132124438915 ] } },
{ "type": "Feature", "properties": { "elevation": 5.8029131889343262, "depth": 1.3766307830810547, "osmid": 2244790938, "name": [ "Railway station Rd" ] }, "geometry": { "type": "Point", "coordinates": [ 72.859692002521811, 19.273335687943465 ] } },
{ "type": "Feature", "properties": { "elevation": 5.2779946327209473, "depth": 2.8369336128234863, "osmid": 2244791121, "name": [ "nan" ] }, "geometry": { "type": "Point", "coordinates": [ 72.872873138679594, 19.278356250269031 ] } },
{ "type": "Feature", "properties": { "elevation": 3.773674488067627, "depth": 2.0177631378173828, "osmid": 2244791218, "name": [ "Saint Xavier's High School Road" ] }, "geometry": { "type": "Point", "coordinates": [ 72.866180466762046, 19.279107070336181 ] } },
{ "type": "Feature", "properties": { "elevation": 2.5264689922332764, "depth": 3.6067545413970947, "osmid": 2244791357, "name": [ "nan" ] }, "geometry": { "type": "Point", "coordinates": [ 72.868487632736503, 19.282117936899365 ] } },
{ "type": "Feature", "properties": { "elevation": 5.7945284843444824, "depth": 2.1396908760070801, "osmid": 2244791371, "name": [ "nan" ] }, "geometry": { "type": "Point", "coordinates": [ 72.86713676317892, 19.281888204594242 ] } },
{ "type": "Feature", "properties": { "elevation": 5.906090259552002, "depth": 1.8045830726623535, "osmid": 2244791475, "name": [ "nan" ] }, "geometry": { "type": "Point", "coordinates": [ 72.86303518293019, 19.284756063427604 ] } },
{ "type": "Feature", "properties": { "elevation": 5.9123373031616211, "depth": 2.9889135360717773, "osmid": 2244791586, "name": [ "Topaz Road" ] }, "geometry": { "type": "Point", "coordinates": [ 72.864972705096861, 19.287020127088322 ] } },
{ "type": "Feature", "properties": { "elevation": 3.7880220413208008, "depth": 1.4262394905090332, "osmid": 2244791596, "name": [ "nan" ] }, "geometry": { "type": "Point", "coordinates": [ 72.871365961506484, 19.285861308879568 ] } },
{ "type": "Feature", "properties": { "elevation": 2.8923203945159912, "depth": 5.2714700698852539, "osmid": 2244791596, "name": [ "nan" ] }, "geometry": { "type": "Point", "coordinates": [ 72.871827290221262, 19.285333205713201 ] } },
{ "type": "Feature", "properties": { "elevation": 5.2378568649291992, "depth": 1.2123255729675293, "osmid": 2244791604, "name": [ "nan" ] }, "geometry": { "type": "Point", "coordinates": [ 72.858958493364042, 19.286114875305412 ] } },
{ "type": "Feature", "properties": { "elevation": 5.9123373031616211, "depth": 2.9889135360717773, "osmid": 2244791632, "name": [ "Topaz Road" ] }, "geometry": { "type": "Point", "coordinates": [ 72.864931961390198, 19.286977784279276 ] } },
{ "type": "Feature", "properties": { "elevation": 4.8134727478027344, "depth": 1.5624642372131348, "osmid": 2244791920, "name": [ "nan" ] }, "geometry": { "type": "Point", "coordinates": [ 72.857178045676932, 19.290129571792534 ] } },
{ "type": "Feature", "properties": { "elevation": 4.4741702079772949, "depth": 2.3666315078735352, "osmid": 2244791924, "name": [ "Mira Bhayander Link Road" ] }, "geometry": { "type": "Point", "coordinates": [ 72.8715927654615, 19.291387175648545 ] } },
{ "type": "Feature", "properties": { "elevation": 3.2303335666656494, "depth": 2.0898368358612061, "osmid": 2244791924, "name": [ "Mira Bhayander Link Road" ] }, "geometry": { "type": "Point", "coordinates": [ 72.873582928348441, 19.289845845505937 ] } },
{ "type": "Feature", "properties": { "elevation": 3.0765209197998047, "depth": 1.776789665222168, "osmid": 2244791924, "name": [ "Mira Bhayander Link Road" ] }, "geometry": { "type": "Point", "coordinates": [ 72.875340790772185, 19.288462880640207 ] } },
{ "type": "Feature", "properties": { "elevation": 3.7963790893554688, "depth": 1.565147876739502, "osmid": 2244792111, "name": [ "Ramdev Park Road" ] }, "geometry": { "type": "Point", "coordinates": [ 72.867441676293808, 19.293562119966516 ] } },
{ "type": "Feature", "properties": { "elevation": 4.3218469619750977, "depth": 3.4232950210571289, "osmid": 2244792146, "name": [ "nan" ] }, "geometry": { "type": "Point", "coordinates": [ 72.855799777415299, 19.293495264146596 ] } },
{ "type": "Feature", "properties": { "elevation": 4.2304377555847168, "depth": 1.881721019744873, "osmid": 2244792146, "name": [ "nan" ] }, "geometry": { "type": "Point", "coordinates": [ 72.856964566879071, 19.294350034470696 ] } },
{ "type": "Feature", "properties": { "elevation": 2.5754837989807129, "depth": 2.1086597442626953, "osmid": 2244792243, "name": [ "Ramdev Park Road" ] }, "geometry": { "type": "Point", "coordinates": [ 72.86949758940635, 19.295885399805556 ] } },
{ "type": "Feature", "properties": { "elevation": 3.2787926197052002, "depth": 2.2173869609832764, "osmid": 2244792259, "name": [ "nan" ] }, "geometry": { "type": "Point", "coordinates": [ 72.873990610810324, 19.296190339510694 ] } },
{ "type": "Feature", "properties": { "elevation": 4.3060445785522461, "depth": 1.3358287811279297, "osmid": 2244792812, "name": [ "Fatak Road" ] }, "geometry": { "type": "Point", "coordinates": [ 72.855195186098683, 19.299565180624302 ] } },
{ "type": "Feature", "properties": { "elevation": 5.9468121528625488, "depth": 1.8476552963256836, "osmid": 2244792869, "name": [ "Fatak Road" ] }, "geometry": { "type": "Point", "coordinates": [ 72.848786502723271, 19.299752250502813 ] } },
{ "type": "Feature", "properties": { "elevation": 4.6855649948120117, "depth": 1.4515700340270996, "osmid": 2244792917, "name": [ "nan" ] }, "geometry": { "type": "Point", "coordinates": [ 72.872016976881298, 19.300522981922075 ] } },
{ "type": "Feature", "properties": { "elevation": 4.9962062835693359, "depth": 1.8712725639343262, "osmid": 2244793028, "name": [ "nan" ] }, "geometry": { "type": "Point", "coordinates": [ 72.870234396212496, 19.301563087901094 ] } },
{ "type": "Feature", "properties": { "elevation": 4.3159379959106445, "depth": 1.417564868927002, "osmid": 2244793028, "name": [ "nan" ] }, "geometry": { "type": "Point", "coordinates": [ 72.870348846914155, 19.301296097663307 ] } },
{ "type": "Feature", "properties": { "elevation": 5.5303459167480469, "depth": 1.7165079116821289, "osmid": 2244793118, "name": [ "nan" ] }, "geometry": { "type": "Point", "coordinates": [ 72.865867317341653, 19.302091360928952 ] } },
{ "type": "Feature", "properties": { "elevation": 4.9962062835693359, "depth": 1.8712725639343262, "osmid": 2244793130, "name": [ "nan" ] }, "geometry": { "type": "Point", "coordinates": [ 72.870165508976626, 19.301618035146781 ] } },
{ "type": "Feature", "properties": { "elevation": 4.9819698333740234, "depth": 1.959498405456543, "osmid": 2244793147, "name": [ "nan" ] }, "geometry": { "type": "Point", "coordinates": [ 72.873991945002771, 19.301889141327848 ] } },
{ "type": "Feature", "properties": { "elevation": 5.5303459167480469, "depth": 1.7165079116821289, "osmid": 2244793183, "name": [ "nan" ] }, "geometry": { "type": "Point", "coordinates": [ 72.865849072955342, 19.302105039956604 ] } },
{ "type": "Feature", "properties": { "elevation": 3.6992413997650146, "depth": 2.0439078807830811, "osmid": 2244793189, "name": [ "nan" ] }, "geometry": { "type": "Point", "coordinates": [ 72.859649435556648, 19.302259184837489 ] } },
{ "type": "Feature", "properties": { "elevation": 4.8292269706726074, "depth": 1.5309181213378906, "osmid": 2244793196, "name": [ "New Golden Nest Road" ] }, "geometry": { "type": "Point", "coordinates": [ 72.8650000715743, 19.303016594065792 ] } },
{ "type": "Feature", "properties": { "elevation": 3.9636955261230469, "depth": 3.7547430992126465, "osmid": 2244892524, "name": [ "Miragaon Road" ] }, "geometry": { "type": "Point", "coordinates": [ 72.878654675655994, 19.270439838036115 ] } },
{ "type": "Feature", "properties": { "elevation": 5.1716251373291016, "depth": 2.0523881912231445, "osmid": 2244893271, "name": [ "Sai Complex Road" ] }, "geometry": { "type": "Point", "coordinates": [ 72.88633749898024, 19.27209703617465 ] } },
{ "type": "Feature", "properties": { "elevation": 5.1716251373291016, "depth": 2.0523881912231445, "osmid": 2244893409, "name": [ "Sai Complex Road" ] }, "geometry": { "type": "Point", "coordinates": [ 72.886321466247708, 19.272120352406205 ] } },
{ "type": "Feature", "properties": { "elevation": 5.1781773567199707, "depth": 1.9598889350891113, "osmid": 2244893518, "name": [ "nan" ] }, "geometry": { "type": "Point", "coordinates": [ 72.880891256353507, 19.273041072504519 ] } },
{ "type": "Feature", "properties": { "elevation": 5.5566105842590332, "depth": 2.6994318962097168, "osmid": 2244893584, "name": [ "nan" ] }, "geometry": { "type": "Point", "coordinates": [ 72.916587663740387, 19.271934920264474 ] } },
{ "type": "Feature", "properties": { "elevation": 4.7115945816040039, "depth": 2.5969138145446777, "osmid": 2244893920, "name": [ "Miragaon Road" ] }, "geometry": { "type": "Point", "coordinates": [ 72.877972808718241, 19.276629474130335 ] } },
{ "type": "Feature", "properties": { "elevation": 5.3904337882995605, "depth": 2.002739429473877, "osmid": 2244894463, "name": [ "nan" ] }, "geometry": { "type": "Point", "coordinates": [ 72.883268070338673, 19.283108122303847 ] } },
{ "type": "Feature", "properties": { "elevation": 1.5979726314544678, "depth": 3.0946428775787354, "osmid": 2244894463, "name": [ "nan" ] }, "geometry": { "type": "Point", "coordinates": [ 72.883541917678841, 19.283420485034416 ] } },
{ "type": "Feature", "properties": { "elevation": 3.7190146446228027, "depth": 1.250767707824707, "osmid": 2244894479, "name": [ "nan" ] }, "geometry": { "type": "Point", "coordinates": [ 72.878430408503206, 19.283568830921979 ] } },
{ "type": "Feature", "properties": { "elevation": 4.7127218246459961, "depth": 1.5412912368774414, "osmid": 2244894576, "name": [ "nan" ] }, "geometry": { "type": "Point", "coordinates": [ 72.875886260828608, 19.28444795601656 ] } },
{ "type": "Feature", "properties": { "elevation": 1.2526615858078003, "depth": 2.2588362693786621, "osmid": 2244895027, "name": [ "nan" ] }, "geometry": { "type": "Point", "coordinates": [ 72.875466195110974, 19.295126548162653 ] } },
{ "type": "Feature", "properties": { "elevation": 3.8325130939483643, "depth": 1.5711185932159424, "osmid": 2244895036, "name": [ "nan" ] }, "geometry": { "type": "Point", "coordinates": [ 72.877260697036746, 19.294438717636694 ] } },
{ "type": "Feature", "properties": { "elevation": 5.378626823425293, "depth": 2.2819175720214844, "osmid": 2245095244, "name": [ "nan" ] }, "geometry": { "type": "Point", "coordinates": [ 72.966159229378732, 19.273752417721152 ] } },
{ "type": "Feature", "properties": { "elevation": 5.3454461097717285, "depth": 2.0506777763366699, "osmid": 2245095493, "name": [ "nan" ] }, "geometry": { "type": "Point", "coordinates": [ 72.966987874674729, 19.278906452991329 ] } },
{ "type": "Feature", "properties": { "elevation": 4.7612423896789551, "depth": 1.2588801383972168, "osmid": 2245096297, "name": [ "nan" ] }, "geometry": { "type": "Point", "coordinates": [ 72.968340814752736, 19.281451857914771 ] } },
{ "type": "Feature", "properties": { "elevation": 3.1953785419464111, "depth": 2.4367606639862061, "osmid": 2245097452, "name": [ "nan" ] }, "geometry": { "type": "Point", "coordinates": [ 72.947235387662587, 19.307698981902011 ] } },
{ "type": "Feature", "properties": { "elevation": 5.0, "depth": 2.4976749420166016, "osmid": 2246138748, "name": [ "nan" ] }, "geometry": { "type": "Point", "coordinates": [ 72.781036177823523, 19.398984949801964 ] } },
{ "type": "Feature", "properties": { "elevation": 5.0, "depth": 3.5723466873168945, "osmid": 2246138748, "name": [ "nan" ] }, "geometry": { "type": "Point", "coordinates": [ 72.782284257843827, 19.39872408477369 ] } },
{ "type": "Feature", "properties": { "elevation": 4.8211731910705566, "depth": 1.5202131271362305, "osmid": 2246516337, "name": [ "nan" ] }, "geometry": { "type": "Point", "coordinates": [ 72.765850476791655, 19.41284232611946 ] } },
{ "type": "Feature", "properties": { "elevation": 5.7982082366943359, "depth": 1.225740909576416, "osmid": 2247883725, "name": [ "Mumbai Delhi Highway" ] }, "geometry": { "type": "Point", "coordinates": [ 72.902641176157715, 19.487163801561202 ] } },
{ "type": "Feature", "properties": { "elevation": 5.5535087585449219, "depth": 1.7493062019348145, "osmid": 2247883725, "name": [ "Mumbai Delhi Highway" ] }, "geometry": { "type": "Point", "coordinates": [ 72.902962892702931, 19.487432311631348 ] } },
{ "type": "Feature", "properties": { "elevation": 4.5418410301208496, "depth": 3.394075870513916, "osmid": 2248089320, "name": [ "Mumbai Delhi Highway" ] }, "geometry": { "type": "Point", "coordinates": [ 72.895827690230931, 19.33325173810378 ] } },
{ "type": "Feature", "properties": { "elevation": 3.1551468372344971, "depth": 1.4568092823028564, "osmid": 2629773265, "name": [ "nan" ] }, "geometry": { "type": "Point", "coordinates": [ 72.830868358956991, 19.235061484993121 ] } },
{ "type": "Feature", "properties": { "elevation": 4.6523170471191406, "depth": 2.7730088233947754, "osmid": 2629773265, "name": [ "nan" ] }, "geometry": { "type": "Point", "coordinates": [ 72.829437081226743, 19.233738300739674 ] } },
{ "type": "Feature", "properties": { "elevation": 0.0, "depth": 3.8172481060028076, "osmid": 2630159671, "name": [ "Rajni Road" ] }, "geometry": { "type": "Point", "coordinates": [ 72.807069395156049, 19.326366470467001 ] } },
{ "type": "Feature", "properties": { "elevation": 5.8094897270202637, "depth": 1.5417914390563965, "osmid": 2630159704, "name": [ "nan" ] }, "geometry": { "type": "Point", "coordinates": [ 72.813471367002919, 19.327260538117581 ] } },
{ "type": "Feature", "properties": { "elevation": 5.5110940933227539, "depth": 2.9098386764526367, "osmid": 2744937729, "name": [ "nan" ] }, "geometry": { "type": "Point", "coordinates": [ 72.836974106321492, 19.202788742996884 ] } },
{ "type": "Feature", "properties": { "elevation": 3.0370252132415771, "depth": 4.2673263549804688, "osmid": 2974468253, "name": [ "nan" ] }, "geometry": { "type": "Point", "coordinates": [ 72.82443969013633, 19.201915184685966 ] } },
{ "type": "Feature", "properties": { "elevation": 3.5, "depth": 2.9881691932678223, "osmid": 3101778837, "name": [ "nan" ] }, "geometry": { "type": "Point", "coordinates": [ 72.77767081890201, 19.395202254690993 ] } },
{ "type": "Feature", "properties": { "elevation": 2.6455309391021729, "depth": 3.108903169631958, "osmid": 3101778897, "name": [ "nan" ] }, "geometry": { "type": "Point", "coordinates": [ 72.876838813699052, 19.496846966334175 ] } },
{ "type": "Feature", "properties": { "elevation": 4.9178557395935059, "depth": 1.8154006004333496, "osmid": 3101823177, "name": [ "nan" ] }, "geometry": { "type": "Point", "coordinates": [ 72.816886072729204, 19.373649314479806 ] } },
{ "type": "Feature", "properties": { "elevation": 3.7497985363006592, "depth": 3.5556552410125732, "osmid": 3273736683, "name": [ "Beverly Park Road" ] }, "geometry": { "type": "Point", "coordinates": [ 72.870398141489915, 19.290769171908259 ] } },
{ "type": "Feature", "properties": { "elevation": 5.3225317001342773, "depth": 5.4288063049316406, "osmid": 3591530188, "name": [ "Talao Road" ] }, "geometry": { "type": "Point", "coordinates": [ 72.856192586454341, 19.307686949667595 ] } },
{ "type": "Feature", "properties": { "elevation": 5.5163764953613281, "depth": 2.0209980010986328, "osmid": 3738643842, "name": [ "nan" ] }, "geometry": { "type": "Point", "coordinates": [ 72.832869815084194, 19.410884033282457 ] } },
{ "type": "Feature", "properties": { "elevation": 5.772824764251709, "depth": 2.1267476081848145, "osmid": 3792568159, "name": "['Manori Marve Road' 'Manori Gorai Road']" }, "geometry": { "type": "Point", "coordinates": [ 72.784111241179119, 19.208742338647966 ] } },
{ "type": "Feature", "properties": { "elevation": 4.2554125785827637, "depth": 6.3278040885925293, "osmid": 3794269279, "name": [ "Link Road" ] }, "geometry": { "type": "Point", "coordinates": [ 72.833721771481763, 19.194845696673447 ] } },
{ "type": "Feature", "properties": { "elevation": 4.9232230186462402, "depth": 2.0494942665100098, "osmid": 3794378365, "name": [ "nan" ] }, "geometry": { "type": "Point", "coordinates": [ 72.880402541830549, 19.269264453424579 ] } },
{ "type": "Feature", "properties": { "elevation": 4.9232230186462402, "depth": 2.0494942665100098, "osmid": 3794378368, "name": [ "nan" ] }, "geometry": { "type": "Point", "coordinates": [ 72.88038630775398, 19.269298561872496 ] } },
{ "type": "Feature", "properties": { "elevation": 4.9833316802978516, "depth": 2.9791297912597656, "osmid": 3797738390, "name": [ "nan" ] }, "geometry": { "type": "Point", "coordinates": [ 72.856370983355475, 19.313889514609702 ] } },
{ "type": "Feature", "properties": { "elevation": 5.0872988700866699, "depth": 1.6671614646911621, "osmid": 3797856253, "name": [ "nan" ] }, "geometry": { "type": "Point", "coordinates": [ 72.813886189671479, 19.355248528618112 ] } },
{ "type": "Feature", "properties": { "elevation": 3.9115285873413086, "depth": 1.3063435554504395, "osmid": 3921756703, "name": [ "nan" ] }, "geometry": { "type": "Point", "coordinates": [ 72.875240877300641, 19.291068282738845 ] } },
{ "type": "Feature", "properties": { "elevation": 3.9115285873413086, "depth": 1.3063435554504395, "osmid": 3921756714, "name": [ "nan" ] }, "geometry": { "type": "Point", "coordinates": [ 72.875256370585191, 19.291100337357793 ] } },
{ "type": "Feature", "properties": { "elevation": 3.0418703556060791, "depth": 1.5832145214080811, "osmid": 4233126888, "name": [ "Bapu Bagve Road" ] }, "geometry": { "type": "Point", "coordinates": [ 72.856011700778424, 19.255707616578949 ] } },
{ "type": "Feature", "properties": { "elevation": 5.6503052711486816, "depth": 2.0576000213623047, "osmid": 4233305204, "name": [ "nan" ] }, "geometry": { "type": "Point", "coordinates": [ 72.812452254879005, 19.426992448628855 ] } },
{ "type": "Feature", "properties": { "elevation": 5.6503052711486816, "depth": 2.0576000213623047, "osmid": 4233305206, "name": [ "nan" ] }, "geometry": { "type": "Point", "coordinates": [ 72.812462997260823, 19.426985401335443 ] } },
{ "type": "Feature", "properties": { "elevation": 0.37985661625862122, "depth": 1.6503183841705322, "osmid": 4233305219, "name": [ "nan" ] }, "geometry": { "type": "Point", "coordinates": [ 72.814699299143243, 19.42940989026463 ] } },
{ "type": "Feature", "properties": { "elevation": 5.9810543060302734, "depth": 2.3581399917602539, "osmid": 4233312100, "name": [ "Bhuigaon Road" ] }, "geometry": { "type": "Point", "coordinates": [ 72.776601901406067, 19.387515093803138 ] } },
{ "type": "Feature", "properties": { "elevation": 2.8070359230041504, "depth": 1.4894900321960449, "osmid": 4233649103, "name": [ "nan" ] }, "geometry": { "type": "Point", "coordinates": [ 72.871771722917543, 19.356246487099607 ] } },
{ "type": "Feature", "properties": { "elevation": 2.8070359230041504, "depth": 2.2555670738220215, "osmid": 4233649107, "name": [ "nan" ] }, "geometry": { "type": "Point", "coordinates": [ 72.87178185222578, 19.356401474569324 ] } },
{ "type": "Feature", "properties": { "elevation": 2.6157050132751465, "depth": 2.0121126174926758, "osmid": 4233649129, "name": [ "nan" ] }, "geometry": { "type": "Point", "coordinates": [ 72.865494202196771, 19.360444528202521 ] } },
{ "type": "Feature", "properties": { "elevation": 2.6157050132751465, "depth": 2.0121126174926758, "osmid": 4233649139, "name": [ "nan" ] }, "geometry": { "type": "Point", "coordinates": [ 72.865583485989703, 19.36039650775491 ] } },
{ "type": "Feature", "properties": { "elevation": 0.0, "depth": 3.9789073467254639, "osmid": 4233692954, "name": [ "nan" ] }, "geometry": { "type": "Point", "coordinates": [ 72.7587180161634, 19.420617082591892 ] } },
{ "type": "Feature", "properties": { "elevation": 5.713566780090332, "depth": 1.7041568756103516, "osmid": 4233708777, "name": [ "nan" ] }, "geometry": { "type": "Point", "coordinates": [ 72.814263841013116, 19.369804812567697 ] } },
{ "type": "Feature", "properties": { "elevation": 0.5, "depth": 2.5919861793518066, "osmid": 4233708994, "name": [ "nan" ] }, "geometry": { "type": "Point", "coordinates": [ 72.845811032630024, 19.358143426371853 ] } },
{ "type": "Feature", "properties": { "elevation": 4.3376321792602539, "depth": 1.3671455383300781, "osmid": 4233853391, "name": [ "nan" ] }, "geometry": { "type": "Point", "coordinates": [ 72.839600550512017, 19.354622604754066 ] } },
{ "type": "Feature", "properties": { "elevation": 5.1538181304931641, "depth": 2.5944828987121582, "osmid": 4233853391, "name": [ "nan" ] }, "geometry": { "type": "Point", "coordinates": [ 72.839262414587566, 19.355193470601879 ] } },
{ "type": "Feature", "properties": { "elevation": 5.1538181304931641, "depth": 2.5944828987121582, "osmid": 4233853396, "name": [ "nan" ] }, "geometry": { "type": "Point", "coordinates": [ 72.839285415471977, 19.355145548384122 ] } },
{ "type": "Feature", "properties": { "elevation": 2.4258100986480713, "depth": 1.5815837383270264, "osmid": 4233853422, "name": [ "nan" ] }, "geometry": { "type": "Point", "coordinates": [ 72.864613607469707, 19.360324718042975 ] } },
{ "type": "Feature", "properties": { "elevation": 5.467531681060791, "depth": 1.5656108856201172, "osmid": 4233853483, "name": [ "nan" ] }, "geometry": { "type": "Point", "coordinates": [ 72.823395702266367, 19.385169971020851 ] } },
{ "type": "Feature", "properties": { "elevation": 4.2044000625610352, "depth": 2.0513319969177246, "osmid": 4234992749, "name": [ "nan" ] }, "geometry": { "type": "Point", "coordinates": [ 72.822043103894984, 19.368475546628872 ] } },
{ "type": "Feature", "properties": { "elevation": 5.4839591979980469, "depth": 2.3920860290527344, "osmid": 4234992756, "name": [ "nan" ] }, "geometry": { "type": "Point", "coordinates": [ 72.832701147906334, 19.379681793039037 ] } },
{ "type": "Feature", "properties": { "elevation": 5.0232596397399902, "depth": 2.7492623329162598, "osmid": 4235276066, "name": [ "nan" ] }, "geometry": { "type": "Point", "coordinates": [ 72.819889260752305, 19.435208191069744 ] } },
{ "type": "Feature", "properties": { "elevation": 4.7865614891052246, "depth": 2.163393497467041, "osmid": 4278338506, "name": [ "nan" ] }, "geometry": { "type": "Point", "coordinates": [ 72.825305205605304, 19.181571870253709 ] } },
{ "type": "Feature", "properties": { "elevation": 5.6382389068603516, "depth": 2.5340003967285156, "osmid": 4319718676, "name": [ "nan" ] }, "geometry": { "type": "Point", "coordinates": [ 72.866864810350151, 19.274620237119741 ] } },
{ "type": "Feature", "properties": { "elevation": 2.3955285549163818, "depth": 1.3915426731109619, "osmid": 4319718676, "name": [ "Poonam Sagar Road" ] }, "geometry": { "type": "Point", "coordinates": [ 72.866616669831828, 19.272042182688462 ] } },
{ "type": "Feature", "properties": { "elevation": 4.7311296463012695, "depth": 1.3495850563049316, "osmid": 4347139401, "name": [ "nan" ] }, "geometry": { "type": "Point", "coordinates": [ 72.823633106036795, 19.202120605054688 ] } },
{ "type": "Feature", "properties": { "elevation": 4.9354662895202637, "depth": 2.6125402450561523, "osmid": 4361035025, "name": [ "nan" ] }, "geometry": { "type": "Point", "coordinates": [ 72.752808815294628, 19.440705709335983 ] } },
{ "type": "Feature", "properties": { "elevation": 4.3510169982910156, "depth": 6.4766359329223633, "osmid": 4364646374, "name": [ "nan" ] }, "geometry": { "type": "Point", "coordinates": [ 72.842766711392017, 19.220031267579511 ] } },
{ "type": "Feature", "properties": { "elevation": 5.1901826858520508, "depth": 2.1606144905090332, "osmid": 4372014604, "name": [ "Sagarshet Petrol Pump Road" ] }, "geometry": { "type": "Point", "coordinates": [ 72.808241198281337, 19.346679869168486 ] } },
{ "type": "Feature", "properties": { "elevation": 5.4730687141418457, "depth": 3.4632916450500488, "osmid": 4568324251, "name": [ "Ghodbunder Jhopadpatti" ] }, "geometry": { "type": "Point", "coordinates": [ 72.89587999899166, 19.287244009594481 ] } },
{ "type": "Feature", "properties": { "elevation": -1.8866605758666992, "depth": 4.5486564636230469, "osmid": 4877107508, "name": [ "nan" ] }, "geometry": { "type": "Point", "coordinates": [ 72.815587737406702, 19.440999843736932 ] } },
{ "type": "Feature", "properties": { "elevation": 1.2066361904144287, "depth": 2.5722250938415527, "osmid": 4877107513, "name": [ "nan" ] }, "geometry": { "type": "Point", "coordinates": [ 72.816369611731488, 19.447219357093466 ] } },
{ "type": "Feature", "properties": { "elevation": 5.2965068817138672, "depth": 2.6341567039489746, "osmid": 4877223014, "name": [ "nan" ] }, "geometry": { "type": "Point", "coordinates": [ 72.814060080358146, 19.448857186329175 ] } },
{ "type": "Feature", "properties": { "elevation": 5.2965068817138672, "depth": 2.6341567039489746, "osmid": 4877226542, "name": [ "nan" ] }, "geometry": { "type": "Point", "coordinates": [ 72.814066831431717, 19.448903496345594 ] } },
{ "type": "Feature", "properties": { "elevation": 1.8188812732696533, "depth": 1.9836468696594238, "osmid": 4878125898, "name": [ "nan" ] }, "geometry": { "type": "Point", "coordinates": [ 72.806250506316061, 19.4770794296936 ] } },
{ "type": "Feature", "properties": { "elevation": 2.9422729015350342, "depth": 1.6543900966644287, "osmid": 4878125898, "name": [ "nan" ] }, "geometry": { "type": "Point", "coordinates": [ 72.801405505984377, 19.493988228103742 ] } },
{ "type": "Feature", "properties": { "elevation": 0.0, "depth": 3.5995676517486572, "osmid": 4878180215, "name": [ "nan" ] }, "geometry": { "type": "Point", "coordinates": [ 72.756042909634502, 19.429191481124306 ] } },
{ "type": "Feature", "properties": { "elevation": 4.0290112495422363, "depth": 1.9437851905822754, "osmid": 4878180215, "name": [ "Rajodi Beach Road" ] }, "geometry": { "type": "Point", "coordinates": [ 72.755148086318897, 19.432375930897688 ] } },
{ "type": "Feature", "properties": { "elevation": 3.5622406005859375, "depth": 1.8845562934875488, "osmid": 4878180215, "name": [ "Rajodi Beach Road" ] }, "geometry": { "type": "Point", "coordinates": [ 72.754810938172483, 19.433268589741594 ] } },
{ "type": "Feature", "properties": { "elevation": 3.9613752365112305, "depth": 3.1224699020385742, "osmid": 4878180215, "name": [ "Rajodi Beach Road" ] }, "geometry": { "type": "Point", "coordinates": [ 72.754545073623376, 19.434040506651709 ] } },
{ "type": "Feature", "properties": { "elevation": 4.4577622413635254, "depth": 1.5269989967346191, "osmid": 4878180215, "name": [ "Rajodi Beach Road" ] }, "geometry": { "type": "Point", "coordinates": [ 72.75424447836474, 19.435084718663486 ] } },
{ "type": "Feature", "properties": { "elevation": 5.5045738220214844, "depth": 2.983128547668457, "osmid": 4878181184, "name": [ "nan" ] }, "geometry": { "type": "Point", "coordinates": [ 72.764471062500604, 19.44044776302071 ] } },
{ "type": "Feature", "properties": { "elevation": 4.8010139465332031, "depth": 1.7499141693115234, "osmid": 4878358681, "name": [ "nan" ] }, "geometry": { "type": "Point", "coordinates": [ 72.770881835374752, 19.443760702029866 ] } },
{ "type": "Feature", "properties": { "elevation": 5.4582638740539551, "depth": 6.3431534767150879, "osmid": 4878358681, "name": [ "nan" ] }, "geometry": { "type": "Point", "coordinates": [ 72.769581598148449, 19.44496886520221 ] } },
{ "type": "Feature", "properties": { "elevation": 5.9415392875671387, "depth": 3.073972225189209, "osmid": 4878358681, "name": [ "nan" ] }, "geometry": { "type": "Point", "coordinates": [ 72.772081006014957, 19.444133056973843 ] } },
{ "type": "Feature", "properties": { "elevation": 2.0992491245269775, "depth": 1.4048035144805908, "osmid": 4878379574, "name": [ "nan" ] }, "geometry": { "type": "Point", "coordinates": [ 72.788385065203286, 19.435896519325983 ] } },
{ "type": "Feature", "properties": { "elevation": 5.7983202934265137, "depth": 4.7439188957214355, "osmid": 4878387237, "name": [ "Bolinj Sopara Rd" ] }, "geometry": { "type": "Point", "coordinates": [ 72.794766422704939, 19.442028593543547 ] } },
{ "type": "Feature", "properties": { "elevation": 3.9369187355041504, "depth": 2.3031253814697266, "osmid": 4882865846, "name": [ "nan" ] }, "geometry": { "type": "Point", "coordinates": [ 72.804496280081125, 19.458427884607293 ] } },
{ "type": "Feature", "properties": { "elevation": 3.3629167079925537, "depth": 1.4374372959136963, "osmid": 4882879738, "name": [ "nan" ] }, "geometry": { "type": "Point", "coordinates": [ 72.804102984488594, 19.47399557058603 ] } },
{ "type": "Feature", "properties": { "elevation": 2.8276612758636475, "depth": 2.0559260845184326, "osmid": 4882905759, "name": [ "nan" ] }, "geometry": { "type": "Point", "coordinates": [ 72.808270952792526, 19.471873609117445 ] } },
{ "type": "Feature", "properties": { "elevation": -1.4949322938919067, "depth": 3.1345582008361816, "osmid": 4882905794, "name": [ "nan" ] }, "geometry": { "type": "Point", "coordinates": [ 72.804124526760774, 19.470462578445556 ] } },
{ "type": "Feature", "properties": { "elevation": 2.5398876667022705, "depth": 1.2261571884155273, "osmid": 4882966772, "name": [ "nan" ] }, "geometry": { "type": "Point", "coordinates": [ 72.796021532655914, 19.469339798898442 ] } },
{ "type": "Feature", "properties": { "elevation": 2.7472720146179199, "depth": 1.2186872959136963, "osmid": 4882966772, "name": [ "nan" ] }, "geometry": { "type": "Point", "coordinates": [ 72.796874019053035, 19.470418393381291 ] } },
{ "type": "Feature", "properties": { "elevation": 1.6396257877349854, "depth": 2.0186431407928467, "osmid": 4882973120, "name": [ "nan" ] }, "geometry": { "type": "Point", "coordinates": [ 72.803849092363023, 19.470443720617119 ] } },
{ "type": "Feature", "properties": { "elevation": 4.6855649948120117, "depth": 1.4515700340270996, "osmid": 5003329679, "name": [ "nan" ] }, "geometry": { "type": "Point", "coordinates": [ 72.871982341046618, 19.300481114486903 ] } },
{ "type": "Feature", "properties": { "elevation": 2.2555208206176758, "depth": 1.3877253532409668, "osmid": 6016234029, "name": [ "nan" ] }, "geometry": { "type": "Point", "coordinates": [ 72.956660662839411, 19.285126500159691 ] } },
{ "type": "Feature", "properties": { "elevation": 5.0168967247009277, "depth": 1.3969149589538574, "osmid": 6030054776, "name": [ "nan" ] }, "geometry": { "type": "Point", "coordinates": [ 72.903869000591129, 19.487868485042124 ] } },
{ "type": "Feature", "properties": { "elevation": 5.2932610511779785, "depth": 3.4018130302429199, "osmid": 6030054899, "name": [ "nan" ] }, "geometry": { "type": "Point", "coordinates": [ 72.909459263044496, 19.494490708967586 ] } },
{ "type": "Feature", "properties": { "elevation": 5.3408212661743164, "depth": 1.4273133277893066, "osmid": 6030054902, "name": [ "nan" ] }, "geometry": { "type": "Point", "coordinates": [ 72.912795225752333, 19.496188976585213 ] } },
{ "type": "Feature", "properties": { "elevation": 4.2511563301086426, "depth": 2.1799154281616211, "osmid": 6030054907, "name": [ "nan" ] }, "geometry": { "type": "Point", "coordinates": [ 72.908867883287584, 19.494769043441735 ] } },
{ "type": "Feature", "properties": { "elevation": 5.1076750755310059, "depth": 4.404477596282959, "osmid": 6030054907, "name": [ "nan" ] }, "geometry": { "type": "Point", "coordinates": [ 72.909324720331483, 19.495094222370923 ] } },
{ "type": "Feature", "properties": { "elevation": 5.8371982574462891, "depth": 2.5379867553710938, "osmid": 6030054927, "name": [ "nan" ] }, "geometry": { "type": "Point", "coordinates": [ 72.912325128343994, 19.495610877686623 ] } },
{ "type": "Feature", "properties": { "elevation": 4.7127218246459961, "depth": 1.5412912368774414, "osmid": 6085000642, "name": [ "nan" ] }, "geometry": { "type": "Point", "coordinates": [ 72.875884932631521, 19.284446491892627 ] } },
{ "type": "Feature", "properties": { "elevation": 4.7244448661804199, "depth": 3.7216639518737793, "osmid": 6581277093, "name": [ "Boraspada Road" ] }, "geometry": { "type": "Point", "coordinates": [ 72.847084034702377, 19.212244360749231 ] } },
{ "type": "Feature", "properties": { "elevation": 5.2779946327209473, "depth": 1.7839255332946777, "osmid": 6615848614, "name": [ "nan" ] }, "geometry": { "type": "Point", "coordinates": [ 72.873101918317047, 19.278353936917281 ] } },
{ "type": "Feature", "properties": { "elevation": 5.2779946327209473, "depth": 1.7839255332946777, "osmid": 6615848614, "name": [ "nan" ] }, "geometry": { "type": "Point", "coordinates": [ 72.873101143344201, 19.278356869593221 ] } },
{ "type": "Feature", "properties": { "elevation": 0.68021941184997559, "depth": 1.9470186233520508, "osmid": 7241509625, "name": [ "Club One Road" ] }, "geometry": { "type": "Point", "coordinates": [ 72.807962720587767, 19.470504090705823 ] } },
{ "type": "Feature", "properties": { "elevation": 3.2866487503051758, "depth": 1.2823939323425293, "osmid": 7241682812, "name": [ "nan" ] }, "geometry": { "type": "Point", "coordinates": [ 72.829259436676267, 19.182986799373825 ] } },
{ "type": "Feature", "properties": { "elevation": 5.1983366012573242, "depth": 1.2926607131958008, "osmid": 7244329308, "name": [ "Bassein Road" ] }, "geometry": { "type": "Point", "coordinates": [ 72.808100718111106, 19.340517586525401 ] } },
{ "type": "Feature", "properties": { "elevation": 5.1901826858520508, "depth": 2.1606144905090332, "osmid": 7244335151, "name": [ "Sagarshet Petrol Pump Road" ] }, "geometry": { "type": "Point", "coordinates": [ 72.808280172089539, 19.346594650701789 ] } },
{ "type": "Feature", "properties": { "elevation": 4.6109356880187988, "depth": 2.2525639533996582, "osmid": 7244433022, "name": [ "nan" ] }, "geometry": { "type": "Point", "coordinates": [ 72.785405825719636, 19.220210241423789 ] } },
{ "type": "Feature", "properties": { "elevation": 4.8524570465087891, "depth": 2.3200201988220215, "osmid": 7244433075, "name": [ "nan" ] }, "geometry": { "type": "Point", "coordinates": [ 72.785921720107709, 19.204120526837531 ] } },
{ "type": "Feature", "properties": { "elevation": 4.5108475685119629, "depth": 1.3426251411437988, "osmid": 7246745534, "name": [ "nan" ] }, "geometry": { "type": "Point", "coordinates": [ 72.80225167682228, 19.261861996389641 ] } },
{ "type": "Feature", "properties": { "elevation": 2.9293782711029053, "depth": 1.2052977085113525, "osmid": 7246913183, "name": [ "nan" ] }, "geometry": { "type": "Point", "coordinates": [ 72.790272167989997, 19.243295624722876 ] } },
{ "type": "Feature", "properties": { "elevation": 4.6917600631713867, "depth": 2.5007739067077637, "osmid": 7246913207, "name": [ "Gorai Jetty Road" ] }, "geometry": { "type": "Point", "coordinates": [ 72.7879351904635, 19.241614051111771 ] } },
{ "type": "Feature", "properties": { "elevation": 3.5714311599731445, "depth": 1.2297868728637695, "osmid": 7246913208, "name": [ "nan" ] }, "geometry": { "type": "Point", "coordinates": [ 72.788870129479207, 19.240858973106995 ] } },
{ "type": "Feature", "properties": { "elevation": 4.6917600631713867, "depth": 2.5007739067077637, "osmid": 7246913217, "name": [ "Gorai Jetty Road" ] }, "geometry": { "type": "Point", "coordinates": [ 72.787967000422185, 19.241620054206102 ] } },
{ "type": "Feature", "properties": { "elevation": 3.5714311599731445, "depth": 1.2297868728637695, "osmid": 7246913217, "name": [ "nan" ] }, "geometry": { "type": "Point", "coordinates": [ 72.788907768202051, 19.24080187761346 ] } },
{ "type": "Feature", "properties": { "elevation": 5.0564942359924316, "depth": 1.4746818542480469, "osmid": 7257156279, "name": [ "nan" ] }, "geometry": { "type": "Point", "coordinates": [ 72.761695725204149, 19.40976543046251 ] } },
{ "type": "Feature", "properties": { "elevation": 4.4577622413635254, "depth": 1.5269989967346191, "osmid": 7257189055, "name": [ "Rajodi Beach Road" ] }, "geometry": { "type": "Point", "coordinates": [ 72.754250199643977, 19.435067107341574 ] } },
{ "type": "Feature", "properties": { "elevation": 3.9613752365112305, "depth": 3.1224699020385742, "osmid": 7257189055, "name": [ "Rajodi Beach Road" ] }, "geometry": { "type": "Point", "coordinates": [ 72.754551514896491, 19.434023120527677 ] } },
{ "type": "Feature", "properties": { "elevation": 3.5622406005859375, "depth": 1.8845562934875488, "osmid": 7257189055, "name": [ "Rajodi Beach Road" ] }, "geometry": { "type": "Point", "coordinates": [ 72.754817715194761, 19.433251318873104 ] } },
{ "type": "Feature", "properties": { "elevation": 0.0, "depth": 3.5995676517486572, "osmid": 7257189057, "name": [ "nan" ] }, "geometry": { "type": "Point", "coordinates": [ 72.756047243856173, 19.429178327151103 ] } },
{ "type": "Feature", "properties": { "elevation": 5.4246668815612793, "depth": 1.3549857139587402, "osmid": 7257390954, "name": [ "nan" ] }, "geometry": { "type": "Point", "coordinates": [ 72.755662559662653, 19.43900069490887 ] } },
{ "type": "Feature", "properties": { "elevation": 5.0564942359924316, "depth": 1.4746818542480469, "osmid": 7257429565, "name": [ "nan" ] }, "geometry": { "type": "Point", "coordinates": [ 72.761698852787731, 19.409762798460527 ] } },
{ "type": "Feature", "properties": { "elevation": 4.6170196533203125, "depth": 2.2278637886047363, "osmid": 7257513687, "name": [ "nan" ] }, "geometry": { "type": "Point", "coordinates": [ 72.816609906467193, 19.340606839109892 ] } },
{ "type": "Feature", "properties": { "elevation": 5.7230463027954102, "depth": 1.3184804916381836, "osmid": 7259913485, "name": [ "nan" ] }, "geometry": { "type": "Point", "coordinates": [ 72.791786385126485, 19.277933252600683 ] } },
{ "type": "Feature", "properties": { "elevation": 4.6109356880187988, "depth": 2.2525639533996582, "osmid": 7260187710, "name": [ "nan" ] }, "geometry": { "type": "Point", "coordinates": [ 72.785406859387166, 19.220210802098148 ] } },
{ "type": "Feature", "properties": { "elevation": 5.9180831909179688, "depth": 1.5965166091918945, "osmid": 7271364524, "name": [ "nan" ] }, "geometry": { "type": "Point", "coordinates": [ 72.793871372111013, 19.402130708352146 ] } },
{ "type": "Feature", "properties": { "elevation": 5.9180831909179688, "depth": 1.5965166091918945, "osmid": 7271364536, "name": [ "nan" ] }, "geometry": { "type": "Point", "coordinates": [ 72.793891714059555, 19.402089545859688 ] } },
{ "type": "Feature", "properties": { "elevation": 5.8300619125366211, "depth": 1.9287757873535156, "osmid": 7271364604, "name": [ "Gass Road" ] }, "geometry": { "type": "Point", "coordinates": [ 72.795448330620047, 19.403479267436769 ] } },
{ "type": "Feature", "properties": { "elevation": 3.6216106414794922, "depth": 1.4343013763427734, "osmid": 7279137114, "name": [ "nan" ] }, "geometry": { "type": "Point", "coordinates": [ 72.856062507958981, 19.313433189247988 ] } },
{ "type": "Feature", "properties": { "elevation": 4.3809380531311035, "depth": 3.6195063591003418, "osmid": 7287414665, "name": [ "Dr Samel Road" ] }, "geometry": { "type": "Point", "coordinates": [ 72.800888026105625, 19.412654875789983 ] } },
{ "type": "Feature", "properties": { "elevation": 4.3031678199768066, "depth": 2.2802186012268066, "osmid": 7294995686, "name": [ "nan" ] }, "geometry": { "type": "Point", "coordinates": [ 72.774647799201688, 19.46660392713969 ] } },
{ "type": "Feature", "properties": { "elevation": 5.7574195861816406, "depth": 1.5802855491638184, "osmid": 7298374681, "name": [ "nan" ] }, "geometry": { "type": "Point", "coordinates": [ 72.785894813638464, 19.393854027821337 ] } },
{ "type": "Feature", "properties": { "elevation": 3.3649411201477051, "depth": 1.3784270286560059, "osmid": 7298374716, "name": [ "nan" ] }, "geometry": { "type": "Point", "coordinates": [ 72.786683250598514, 19.373848879797368 ] } },
{ "type": "Feature", "properties": { "elevation": 4.812258243560791, "depth": 2.8347258567810059, "osmid": 7301138402, "name": [ "nan" ] }, "geometry": { "type": "Point", "coordinates": [ 72.785038761599125, 19.368064115827011 ] } },
{ "type": "Feature", "properties": { "elevation": 4.7279300689697266, "depth": 1.6539607048034668, "osmid": 7301340472, "name": [ "nan" ] }, "geometry": { "type": "Point", "coordinates": [ 72.764120364051465, 19.380876689907154 ] } },
{ "type": "Feature", "properties": { "elevation": 5.8729977607727051, "depth": 1.2556662559509277, "osmid": 7304841974, "name": [ "nan" ] }, "geometry": { "type": "Point", "coordinates": [ 72.781497258491839, 19.362868201670864 ] } },
{ "type": "Feature", "properties": { "elevation": 5.8313884735107422, "depth": 2.4567785263061523, "osmid": 7304841974, "name": [ "nan" ] }, "geometry": { "type": "Point", "coordinates": [ 72.780914160422014, 19.36395413684594 ] } },
{ "type": "Feature", "properties": { "elevation": 3.9632141590118408, "depth": 1.5551679134368896, "osmid": 7305445749, "name": [ "nan" ] }, "geometry": { "type": "Point", "coordinates": [ 72.770203267615813, 19.387657928616093 ] } },
{ "type": "Feature", "properties": { "elevation": 2.9729382991790771, "depth": 1.2170302867889404, "osmid": 7305645953, "name": [ "nan" ] }, "geometry": { "type": "Point", "coordinates": [ 72.878701088935287, 19.294158290173812 ] } },
{ "type": "Feature", "properties": { "elevation": 3.8325130939483643, "depth": 1.5711185932159424, "osmid": 7305645953, "name": [ "nan" ] }, "geometry": { "type": "Point", "coordinates": [ 72.877246439576595, 19.294450226075792 ] } },
{ "type": "Feature", "properties": { "elevation": 1.2526615858078003, "depth": 2.2588362693786621, "osmid": 7305880341, "name": [ "nan" ] }, "geometry": { "type": "Point", "coordinates": [ 72.875438091520465, 19.295147610690535 ] } },
{ "type": "Feature", "properties": { "elevation": 4.4741702079772949, "depth": 2.3666315078735352, "osmid": 7305880354, "name": [ "Mira Bhayander Link Road" ] }, "geometry": { "type": "Point", "coordinates": [ 72.871545506832547, 19.29142366195174 ] } },
{ "type": "Feature", "properties": { "elevation": 5.501551628112793, "depth": 4.091670036315918, "osmid": 7305880354, "name": [ "Mira Bhayander Link Road" ] }, "geometry": { "type": "Point", "coordinates": [ 72.871877616236532, 19.291167254287423 ] } },
{ "type": "Feature", "properties": { "elevation": 5.9906778335571289, "depth": 2.1478796005249023, "osmid": 7306133722, "name": [ "nan" ] }, "geometry": { "type": "Point", "coordinates": [ 72.865925284833423, 19.37360363532899 ] } },
{ "type": "Feature", "properties": { "elevation": 0.0038722229655832052, "depth": 1.3561346530914307, "osmid": 7306251277, "name": [ "nan" ] }, "geometry": { "type": "Point", "coordinates": [ 72.869988820027146, 19.367607084920259 ] } },
{ "type": "Feature", "properties": { "elevation": 4.5518155097961426, "depth": 1.2082452774047852, "osmid": 7308272993, "name": [ "nan" ] }, "geometry": { "type": "Point", "coordinates": [ 72.875306228080007, 19.364819261565252 ] } },
{ "type": "Feature", "properties": { "elevation": 4.1733283996582031, "depth": 1.287992000579834, "osmid": 7308605183, "name": [ "Uttan Road" ] }, "geometry": { "type": "Point", "coordinates": [ 72.815844527656708, 19.293193465031734 ] } },
{ "type": "Feature", "properties": { "elevation": 4.7250757217407227, "depth": 1.8896145820617676, "osmid": 7308605183, "name": [ "Uttan Road" ] }, "geometry": { "type": "Point", "coordinates": [ 72.815220961125405, 19.292636638060298 ] } },
{ "type": "Feature", "properties": { "elevation": 2.8772304058074951, "depth": 3.1554782390594482, "osmid": 7308605183, "name": [ "Uttan Road" ] }, "geometry": { "type": "Point", "coordinates": [ 72.814920250201368, 19.292347416426946 ] } },
{ "type": "Feature", "properties": { "elevation": 4.5594439506530762, "depth": 2.5930390357971191, "osmid": 7308611403, "name": [ "nan" ] }, "geometry": { "type": "Point", "coordinates": [ 72.820918233530193, 19.293115113449172 ] } },
{ "type": "Feature", "properties": { "elevation": 2.2920567989349365, "depth": 1.5627307891845703, "osmid": 7308682134, "name": [ "nan" ] }, "geometry": { "type": "Point", "coordinates": [ 72.869778606273982, 19.366995516789359 ] } },
{ "type": "Feature", "properties": { "elevation": 5.9756312370300293, "depth": 2.1217408180236816, "osmid": 7308904290, "name": [ "nan" ] }, "geometry": { "type": "Point", "coordinates": [ 72.837268445052601, 19.384202149005304 ] } },
{ "type": "Feature", "properties": { "elevation": 5.9461536407470703, "depth": 1.8733415603637695, "osmid": 7308904292, "name": [ "nan" ] }, "geometry": { "type": "Point", "coordinates": [ 72.83225783430818, 19.384134461703599 ] } },
{ "type": "Feature", "properties": { "elevation": 4.8256778717041016, "depth": 2.4273009300231934, "osmid": 7310854039, "name": [ "nan" ] }, "geometry": { "type": "Point", "coordinates": [ 72.829758511662504, 19.371624845986009 ] } },
{ "type": "Feature", "properties": { "elevation": 3.7477123737335205, "depth": 3.3094069957733154, "osmid": 7310989304, "name": [ "nan" ] }, "geometry": { "type": "Point", "coordinates": [ 72.856230746320691, 19.394434575189049 ] } },
{ "type": "Feature", "properties": { "elevation": 5.4888782501220703, "depth": 1.561957836151123, "osmid": 7311338096, "name": [ "Nirmal - Gass Road" ] }, "geometry": { "type": "Point", "coordinates": [ 72.785090205348453, 19.399364939066562 ] } },
{ "type": "Feature", "properties": { "elevation": 5.0, "depth": 2.4976749420166016, "osmid": 7311338177, "name": [ "nan" ] }, "geometry": { "type": "Point", "coordinates": [ 72.781063432453408, 19.398974532310429 ] } },
{ "type": "Feature", "properties": { "elevation": 4.7612423896789551, "depth": 1.2588801383972168, "osmid": 7312897467, "name": [ "nan" ] }, "geometry": { "type": "Point", "coordinates": [ 72.9683447825049, 19.281456749666702 ] } },
{ "type": "Feature", "properties": { "elevation": 5.378626823425293, "depth": 2.2819175720214844, "osmid": 7312915578, "name": [ "nan" ] }, "geometry": { "type": "Point", "coordinates": [ 72.966167778478194, 19.273762393826079 ] } },
{ "type": "Feature", "properties": { "elevation": 4.6307334899902344, "depth": 1.418818473815918, "osmid": 7314345134, "name": [ "nan" ] }, "geometry": { "type": "Point", "coordinates": [ 72.808509236068701, 19.415308614715883 ] } },
{ "type": "Feature", "properties": { "elevation": 5.6925778388977051, "depth": 2.1107473373413086, "osmid": 7314509802, "name": [ "nan" ] }, "geometry": { "type": "Point", "coordinates": [ 72.801582089087134, 19.440383798565964 ] } },
{ "type": "Feature", "properties": { "elevation": 4.9677958488464355, "depth": 2.5174627304077148, "osmid": 7320971844, "name": [ "nan" ] }, "geometry": { "type": "Point", "coordinates": [ 72.781306896289948, 19.422263522405771 ] } },
{ "type": "Feature", "properties": { "elevation": 2.3915998935699463, "depth": 1.563530445098877, "osmid": 7321245417, "name": [ "nan" ] }, "geometry": { "type": "Point", "coordinates": [ 72.767612186491633, 19.421293084869237 ] } },
{ "type": "Feature", "properties": { "elevation": 5.3148584365844727, "depth": 2.6116456985473633, "osmid": 7321662246, "name": [ "nan" ] }, "geometry": { "type": "Point", "coordinates": [ 72.763118995911327, 19.459750671471333 ] } },
{ "type": "Feature", "properties": { "elevation": 5.5566105842590332, "depth": 2.6994318962097168, "osmid": 7324574620, "name": [ "nan" ] }, "geometry": { "type": "Point", "coordinates": [ 72.9165815864378, 19.27195562638342 ] } },
{ "type": "Feature", "properties": { "elevation": 2.8721785545349121, "depth": 1.2121448516845703, "osmid": 7325015411, "name": [ "nan" ] }, "geometry": { "type": "Point", "coordinates": [ 72.841023324195731, 19.357388191506892 ] } },
{ "type": "Feature", "properties": { "elevation": 2.9483702182769775, "depth": 3.0017235279083252, "osmid": 7325015411, "name": [ "nan" ] }, "geometry": { "type": "Point", "coordinates": [ 72.84070495332594, 19.357022249754721 ] } },
{ "type": "Feature", "properties": { "elevation": 3.6719169616699219, "depth": 1.2382411956787109, "osmid": 7325017694, "name": [ "Gorai Road" ] }, "geometry": { "type": "Point", "coordinates": [ 72.834068723605256, 19.231598347773755 ] } },
{ "type": "Feature", "properties": { "elevation": 5.8187060356140137, "depth": 2.212893009185791, "osmid": 7325017697, "name": [ "nan" ] }, "geometry": { "type": "Point", "coordinates": [ 72.837198950155482, 19.232432285619378 ] } },
{ "type": "Feature", "properties": { "elevation": 4.4834461212158203, "depth": 1.9735074043273926, "osmid": 7325148357, "name": [ "nan" ] }, "geometry": { "type": "Point", "coordinates": [ 72.845433899749992, 19.362621524171033 ] } },
{ "type": "Feature", "properties": { "elevation": 3.3617298603057861, "depth": 1.8601596355438232, "osmid": 7325148367, "name": [ "nan" ] }, "geometry": { "type": "Point", "coordinates": [ 72.845230030041009, 19.361219826416097 ] } },
{ "type": "Feature", "properties": { "elevation": 4.8086557388305664, "depth": 2.791466236114502, "osmid": 7330749131, "name": [ "nan" ] }, "geometry": { "type": "Point", "coordinates": [ 72.912988618151161, 19.350123855158014 ] } },
{ "type": "Feature", "properties": { "elevation": 2.9709262847900391, "depth": 1.2179336547851562, "osmid": 7330836483, "name": [ "nan" ] }, "geometry": { "type": "Point", "coordinates": [ 72.911784900977423, 19.350865408796214 ] } },
{ "type": "Feature", "properties": { "elevation": 4.5053672790527344, "depth": 1.6821475028991699, "osmid": 7330998927, "name": [ "nan" ] }, "geometry": { "type": "Point", "coordinates": [ 72.838661939825769, 19.356284960940311 ] } },
{ "type": "Feature", "properties": { "elevation": 3.1530318260192871, "depth": 2.9889039993286133, "osmid": 7331061781, "name": [ "nan" ] }, "geometry": { "type": "Point", "coordinates": [ 72.823506202347161, 19.404929607388265 ] } },
{ "type": "Feature", "properties": { "elevation": 4.9494404792785645, "depth": 3.4231791496276855, "osmid": 7331061781, "name": [ "nan" ] }, "geometry": { "type": "Point", "coordinates": [ 72.823747394048937, 19.40429246008781 ] } },
{ "type": "Feature", "properties": { "elevation": 3.7982387542724609, "depth": 2.9840803146362305, "osmid": 7331388477, "name": [ "Navapur-Umbergothan Rd" ] }, "geometry": { "type": "Point", "coordinates": [ 72.771321364675302, 19.447601408958093 ] } },
{ "type": "Feature", "properties": { "elevation": 5.3050765991210938, "depth": 1.8470211029052734, "osmid": 7331396303, "name": [ "nan" ] }, "geometry": { "type": "Point", "coordinates": [ 72.806056146860129, 19.195939806926418 ] } },
{ "type": "Feature", "properties": { "elevation": 4.790198802947998, "depth": 2.3698492050170898, "osmid": 7331396306, "name": [ "Shreeram Gali" ] }, "geometry": { "type": "Point", "coordinates": [ 72.806568296982419, 19.195876423762108 ] } },
{ "type": "Feature", "properties": { "elevation": 5.8434271812438965, "depth": 1.2645754814147949, "osmid": 7331439079, "name": [ "Bapu Bagve Road" ] }, "geometry": { "type": "Point", "coordinates": [ 72.853668829335845, 19.258119931500058 ] } },
{ "type": "Feature", "properties": { "elevation": 5.8704738616943359, "depth": 1.5694189071655273, "osmid": 7331471068, "name": [ "nan" ] }, "geometry": { "type": "Point", "coordinates": [ 72.825359851138543, 19.413271735382551 ] } },
{ "type": "Feature", "properties": { "elevation": 5.8704738616943359, "depth": 1.5694189071655273, "osmid": 7331471069, "name": [ "nan" ] }, "geometry": { "type": "Point", "coordinates": [ 72.825379083151347, 19.413243388284066 ] } },
{ "type": "Feature", "properties": { "elevation": 5.4582638740539551, "depth": 6.3431534767150879, "osmid": 7331490676, "name": [ "nan" ] }, "geometry": { "type": "Point", "coordinates": [ 72.769594471320616, 19.444944620031066 ] } },
{ "type": "Feature", "properties": { "elevation": 4.8010139465332031, "depth": 1.7499141693115234, "osmid": 7331490676, "name": [ "nan" ] }, "geometry": { "type": "Point", "coordinates": [ 72.770905104580038, 19.443744899840585 ] } },
{ "type": "Feature", "properties": { "elevation": 4.7903323173522949, "depth": 2.1573090553283691, "osmid": 7331490676, "name": [ "nan" ] }, "geometry": { "type": "Point", "coordinates": [ 72.77126356877082, 19.443522412960608 ] } },
{ "type": "Feature", "properties": { "elevation": 5.9415392875671387, "depth": 3.073972225189209, "osmid": 7333909263, "name": [ "nan" ] }, "geometry": { "type": "Point", "coordinates": [ 72.772116868910445, 19.444201121720834 ] } },
{ "type": "Feature", "properties": { "elevation": 3.3996176719665527, "depth": 1.5200181007385254, "osmid": 7333973080, "name": [ "nan" ] }, "geometry": { "type": "Point", "coordinates": [ 72.823495113106588, 19.403831660954015 ] } },
{ "type": "Feature", "properties": { "elevation": 4.8524570465087891, "depth": 2.3200201988220215, "osmid": 7333980348, "name": [ "nan" ] }, "geometry": { "type": "Point", "coordinates": [ 72.785918811187187, 19.204128602753041 ] } },
{ "type": "Feature", "properties": { "elevation": 2.5987143516540527, "depth": 1.743316650390625, "osmid": 7334016185, "name": [ "nan" ] }, "geometry": { "type": "Point", "coordinates": [ 72.822790462325798, 19.406517076763212 ] } },
{ "type": "Feature", "properties": { "elevation": 5.0988020896911621, "depth": 2.2040128707885742, "osmid": 7334104603, "name": [ "Mumbai Delhi Highway" ] }, "geometry": { "type": "Point", "coordinates": [ 72.902977876253871, 19.48729622345386 ] } },
{ "type": "Feature", "properties": { "elevation": 5.5431241989135742, "depth": 2.0361185073852539, "osmid": 7334104603, "name": [ "Mumbai Delhi Highway" ] }, "geometry": { "type": "Point", "coordinates": [ 72.901055673975947, 19.485676587409618 ] } },
{ "type": "Feature", "properties": { "elevation": 5.2979025840759277, "depth": 2.2238364219665527, "osmid": 7334104603, "name": [ "Mumbai Delhi Highway" ] }, "geometry": { "type": "Point", "coordinates": [ 72.900748322220082, 19.485393351172011 ] } },
{ "type": "Feature", "properties": { "elevation": 5.03399658203125, "depth": 1.9679837226867676, "osmid": 7334104603, "name": [ "Mumbai Delhi Highway" ] }, "geometry": { "type": "Point", "coordinates": [ 72.900149403920068, 19.484812294851913 ] } },
{ "type": "Feature", "properties": { "elevation": 5.4081535339355469, "depth": 2.0666384696960449, "osmid": 7334104603, "name": [ "Mumbai Delhi Highway" ] }, "geometry": { "type": "Point", "coordinates": [ 72.898813498991771, 19.48322466648786 ] } },
{ "type": "Feature", "properties": { "elevation": 3.7170014381408691, "depth": 2.0237598419189453, "osmid": 7334376713, "name": [ "nan" ] }, "geometry": { "type": "Point", "coordinates": [ 72.906718485250465, 19.492601868309105 ] } },
{ "type": "Feature", "properties": { "elevation": 5.4674830436706543, "depth": 1.6389636993408203, "osmid": 7334512777, "name": [ "nan" ] }, "geometry": { "type": "Point", "coordinates": [ 72.755336580465212, 19.443378699416002 ] } },
{ "type": "Feature", "properties": { "elevation": 5.4674830436706543, "depth": 1.6389636993408203, "osmid": 7334512780, "name": [ "nan" ] }, "geometry": { "type": "Point", "coordinates": [ 72.755316621548062, 19.443405135984488 ] } },
{ "type": "Feature", "properties": { "elevation": 5.6910762786865234, "depth": 1.4308786392211914, "osmid": 7334545761, "name": [ "nan" ] }, "geometry": { "type": "Point", "coordinates": [ 72.762326352835402, 19.453201766139347 ] } },
{ "type": "Feature", "properties": { "elevation": 0.26859304308891296, "depth": 5.6473140716552734, "osmid": 7334548324, "name": [ "nan" ] }, "geometry": { "type": "Point", "coordinates": [ 72.830222106415832, 19.414701428491142 ] } },
{ "type": "Feature", "properties": { "elevation": 4.719663143157959, "depth": 2.5145936012268066, "osmid": 7334634661, "name": [ "nan" ] }, "geometry": { "type": "Point", "coordinates": [ 72.816456902692678, 19.47827048005059 ] } },
{ "type": "Feature", "properties": { "elevation": 5.9083876609802246, "depth": 1.2775883674621582, "osmid": 7334996850, "name": [ "nan" ] }, "geometry": { "type": "Point", "coordinates": [ 72.885611239043328, 19.354982998332442 ] } },
{ "type": "Feature", "properties": { "elevation": 3.5054097175598145, "depth": 2.9917340278625488, "osmid": 7334996888, "name": [ "nan" ] }, "geometry": { "type": "Point", "coordinates": [ 72.877696573568187, 19.363157142740771 ] } },
{ "type": "Feature", "properties": { "elevation": 5.0338826179504395, "depth": 2.272040843963623, "osmid": 7334996888, "name": [ "nan" ] }, "geometry": { "type": "Point", "coordinates": [ 72.877399422914138, 19.363449794166957 ] } },
{ "type": "Feature", "properties": { "elevation": 5.0276312828063965, "depth": 4.0514388084411621, "osmid": 7335258231, "name": [ "nan" ] }, "geometry": { "type": "Point", "coordinates": [ 72.813359684684499, 19.435638200161446 ] } },
{ "type": "Feature", "properties": { "elevation": 4.8445854187011719, "depth": 3.7464494705200195, "osmid": 7339661770, "name": [ "nan" ] }, "geometry": { "type": "Point", "coordinates": [ 72.825193585891242, 19.479162576374168 ] } },
{ "type": "Feature", "properties": { "elevation": 4.8445854187011719, "depth": 3.7464494705200195, "osmid": 7339661778, "name": [ "nan" ] }, "geometry": { "type": "Point", "coordinates": [ 72.825160394354896, 19.479176147678501 ] } },
{ "type": "Feature", "properties": { "elevation": 3.8722629547119141, "depth": 2.8031091690063477, "osmid": 7339905622, "name": [ "nan" ] }, "geometry": { "type": "Point", "coordinates": [ 72.884200147721501, 19.354608721172816 ] } },
{ "type": "Feature", "properties": { "elevation": 2.2497060298919678, "depth": 1.4016945362091064, "osmid": 7339905658, "name": [ "nan" ] }, "geometry": { "type": "Point", "coordinates": [ 72.876196434896059, 19.355882565406244 ] } },
{ "type": "Feature", "properties": { "elevation": 4.0331792831420898, "depth": 3.8483371734619141, "osmid": 7340150749, "name": [ "nan" ] }, "geometry": { "type": "Point", "coordinates": [ 72.881464521292841, 19.36419555490583 ] } },
{ "type": "Feature", "properties": { "elevation": 4.5183587074279785, "depth": 1.3959145545959473, "osmid": 7340150755, "name": [ "nan" ] }, "geometry": { "type": "Point", "coordinates": [ 72.880042736601837, 19.363666798696794 ] } },
{ "type": "Feature", "properties": { "elevation": 4.0331792831420898, "depth": 3.8483371734619141, "osmid": 7340150769, "name": [ "nan" ] }, "geometry": { "type": "Point", "coordinates": [ 72.881462162881959, 19.364202659399474 ] } },
{ "type": "Feature", "properties": { "elevation": 5.2842411994934082, "depth": 1.4215817451477051, "osmid": 7340346466, "name": [ "nan" ] }, "geometry": { "type": "Point", "coordinates": [ 72.875907103949842, 19.364502755450296 ] } },
{ "type": "Feature", "properties": { "elevation": 5.0338826179504395, "depth": 2.272040843963623, "osmid": 7340346466, "name": [ "nan" ] }, "geometry": { "type": "Point", "coordinates": [ 72.877430672808273, 19.363418822612331 ] } },
{ "type": "Feature", "properties": { "elevation": 3.5054097175598145, "depth": 2.9917340278625488, "osmid": 7340346466, "name": [ "nan" ] }, "geometry": { "type": "Point", "coordinates": [ 72.877628485670357, 19.363223457988823 ] } },
{ "type": "Feature", "properties": { "elevation": 3.9765558242797852, "depth": 1.4535670280456543, "osmid": 7340346466, "name": [ "nan" ] }, "geometry": { "type": "Point", "coordinates": [ 72.877933093886426, 19.362938103276615 ] } },
{ "type": "Feature", "properties": { "elevation": 5.1725344657897949, "depth": 1.2662134170532227, "osmid": 7345066917, "name": [ "Bassein Road" ] }, "geometry": { "type": "Point", "coordinates": [ 72.813555598930435, 19.36163969107993 ] } },
{ "type": "Feature", "properties": { "elevation": 2.7577548027038574, "depth": 1.8685369491577148, "osmid": 7345066923, "name": [ "Bassein Road" ] }, "geometry": { "type": "Point", "coordinates": [ 72.814353438895267, 19.363296455243685 ] } },
{ "type": "Feature", "properties": { "elevation": 4.4347281455993652, "depth": 1.3733224868774414, "osmid": 7345330808, "name": [ "Bolinj Nanbhat Road" ] }, "geometry": { "type": "Point", "coordinates": [ 72.79457313187045, 19.426506116253346 ] } },
{ "type": "Feature", "properties": { "elevation": 1.5, "depth": 1.2905750274658203, "osmid": 7345345120, "name": [ "nan" ] }, "geometry": { "type": "Point", "coordinates": [ 72.844295379603579, 19.306488644446759 ] } },
{ "type": "Feature", "properties": { "elevation": 1.5, "depth": 1.2905750274658203, "osmid": 7345345143, "name": [ "nan" ] }, "geometry": { "type": "Point", "coordinates": [ 72.844232887904141, 19.306437702985011 ] } },
{ "type": "Feature", "properties": { "elevation": 3.4099531173706055, "depth": 1.8704919815063477, "osmid": 7345345143, "name": [ "nan" ] }, "geometry": { "type": "Point", "coordinates": [ 72.846774420470226, 19.304669271004869 ] } },
{ "type": "Feature", "properties": { "elevation": 4.9611759185791016, "depth": 1.2376275062561035, "osmid": 7345377657, "name": [ "nan" ] }, "geometry": { "type": "Point", "coordinates": [ 72.828414585715194, 19.205264263278721 ] } },
{ "type": "Feature", "properties": { "elevation": 3.8933579921722412, "depth": 3.3776266574859619, "osmid": 7345412420, "name": [ "Bassein Road" ] }, "geometry": { "type": "Point", "coordinates": [ 72.814091664485076, 19.363011075452391 ] } },
{ "type": "Feature", "properties": { "elevation": 5.4552803039550781, "depth": 1.5127091407775879, "osmid": 7345412420, "name": [ "Bassein Road" ] }, "geometry": { "type": "Point", "coordinates": [ 72.814338805958485, 19.363646524340499 ] } },
{ "type": "Feature", "properties": { "elevation": 4.6523170471191406, "depth": 2.7730088233947754, "osmid": 7345415539, "name": [ "nan" ] }, "geometry": { "type": "Point", "coordinates": [ 72.829446223105705, 19.233761753682497 ] } },
{ "type": "Feature", "properties": { "elevation": 3.1551468372344971, "depth": 1.4568092823028564, "osmid": 7345415539, "name": [ "nan" ] }, "geometry": { "type": "Point", "coordinates": [ 72.83084136729255, 19.235063649223619 ] } },
{ "type": "Feature", "properties": { "elevation": 4.2669391632080078, "depth": 1.4825458526611328, "osmid": 7345557199, "name": [ "nan" ] }, "geometry": { "type": "Point", "coordinates": [ 72.813081377335848, 19.356023733442232 ] } },
{ "type": "Feature", "properties": { "elevation": 4.778902530670166, "depth": 1.2422404289245605, "osmid": 7345557199, "name": [ "nan" ] }, "geometry": { "type": "Point", "coordinates": [ 72.812769353771188, 19.356298478225 ] } },
{ "type": "Feature", "properties": { "elevation": 5.0872988700866699, "depth": 1.6671614646911621, "osmid": 7345557199, "name": [ "nan" ] }, "geometry": { "type": "Point", "coordinates": [ 72.81391319257979, 19.355206015614993 ] } },
{ "type": "Feature", "properties": { "elevation": 1.5, "depth": 2.4629907608032227, "osmid": 7345755419, "name": [ "nan" ] }, "geometry": { "type": "Point", "coordinates": [ 72.815219761316328, 19.358447819133531 ] } },
{ "type": "Feature", "properties": { "elevation": 3.6604645252227783, "depth": 3.9215171337127686, "osmid": 7345808033, "name": [ "nan" ] }, "geometry": { "type": "Point", "coordinates": [ 72.820903283744585, 19.367707176149779 ] } },
{ "type": "Feature", "properties": { "elevation": 4.4261903762817383, "depth": 1.3149104118347168, "osmid": 7346083273, "name": [ "nan" ] }, "geometry": { "type": "Point", "coordinates": [ 72.956433498067142, 19.283643285622205 ] } },
{ "type": "Feature", "properties": { "elevation": 4.3784613609313965, "depth": 1.2812881469726562, "osmid": 7346092861, "name": [ "nan" ] }, "geometry": { "type": "Point", "coordinates": [ 72.963850947160111, 19.277199454376017 ] } },
{ "type": "Feature", "properties": { "elevation": 3.5101854801177979, "depth": 1.4735825061798096, "osmid": 7346840744, "name": [ "nan" ] }, "geometry": { "type": "Point", "coordinates": [ 72.841761347842677, 19.471274427122555 ] } },
{ "type": "Feature", "properties": { "elevation": 2.8664231300354004, "depth": 1.3234162330627441, "osmid": 7349693719, "name": [ "Mother Teresa Road" ] }, "geometry": { "type": "Point", "coordinates": [ 72.82761304282171, 19.377854369192175 ] } },
{ "type": "Feature", "properties": { "elevation": 5.8003673553466797, "depth": 2.2504196166992188, "osmid": 7349947340, "name": [ "DG Nagar Road" ] }, "geometry": { "type": "Point", "coordinates": [ 72.824157345015578, 19.380569450375805 ] } },
{ "type": "Feature", "properties": { "elevation": 5.7737636566162109, "depth": 1.7113113403320312, "osmid": 7350005392, "name": [ "nan" ] }, "geometry": { "type": "Point", "coordinates": [ 72.821140463743745, 19.383517513004911 ] } },
{ "type": "Feature", "properties": { "elevation": 4.9372076988220215, "depth": 1.3458094596862793, "osmid": 7350544326, "name": [ "nan" ] }, "geometry": { "type": "Point", "coordinates": [ 72.82551679116682, 19.377777028987378 ] } },
{ "type": "Feature", "properties": { "elevation": 5.5187344551086426, "depth": 1.6630840301513672, "osmid": 7350623705, "name": [ "nan" ] }, "geometry": { "type": "Point", "coordinates": [ 72.823926000742659, 19.385416731719239 ] } },
{ "type": "Feature", "properties": { "elevation": 4.6303415298461914, "depth": 1.9178147315979004, "osmid": 7350623716, "name": [ "nan" ] }, "geometry": { "type": "Point", "coordinates": [ 72.822251889930527, 19.384334523482217 ] } },
{ "type": "Feature", "properties": { "elevation": 5.1781773567199707, "depth": 1.9598889350891113, "osmid": 7353424566, "name": [ "nan" ] }, "geometry": { "type": "Point", "coordinates": [ 72.880946605675845, 19.273046126070597 ] } },
{ "type": "Feature", "properties": { "elevation": 4.6547069549560547, "depth": 1.7923183441162109, "osmid": 7353479080, "name": [ "Kashigaon Road" ] }, "geometry": { "type": "Point", "coordinates": [ 72.88436438914583, 19.277177753579981 ] } },
{ "type": "Feature", "properties": { "elevation": 5.2060174942016602, "depth": 2.5548615455627441, "osmid": 7353479080, "name": [ "Kashigaon Road" ] }, "geometry": { "type": "Point", "coordinates": [ 72.883635730481615, 19.278678741056172 ] } },
{ "type": "Feature", "properties": { "elevation": 5.9687457084655762, "depth": 1.6437540054321289, "osmid": 7353660913, "name": [ "nan" ] }, "geometry": { "type": "Point", "coordinates": [ 72.891264487204964, 19.273947049462365 ] } },
{ "type": "Feature", "properties": { "elevation": 3.8560676574707031, "depth": 1.7385640144348145, "osmid": 7353844853, "name": [ "Shanti Vidya Nagri Road" ] }, "geometry": { "type": "Point", "coordinates": [ 72.882359578742751, 19.286170763423033 ] } },
{ "type": "Feature", "properties": { "elevation": 3.3901021480560303, "depth": 1.731032133102417, "osmid": 7353935272, "name": [ "nan" ] }, "geometry": { "type": "Point", "coordinates": [ 72.830056954421565, 19.187641182569955 ] } },
{ "type": "Feature", "properties": { "elevation": 4.3458352088928223, "depth": 1.2376642227172852, "osmid": 7353935272, "name": [ "nan" ] }, "geometry": { "type": "Point", "coordinates": [ 72.830346039171332, 19.18798923381566 ] } },
{ "type": "Feature", "properties": { "elevation": 5.1583952903747559, "depth": 1.3456716537475586, "osmid": 7353935272, "name": [ "nan" ] }, "geometry": { "type": "Point", "coordinates": [ 72.829188030210958, 19.186631345024661 ] } },
{ "type": "Feature", "properties": { "elevation": 5.3845162391662598, "depth": 1.4537324905395508, "osmid": 7357543741, "name": [ "Syama Prasad Mukherjee Road - Evershine City Road" ] }, "geometry": { "type": "Point", "coordinates": [ 72.836370505168489, 19.404817823676396 ] } },
{ "type": "Feature", "properties": { "elevation": 4.3175058364868164, "depth": 1.2319927215576172, "osmid": 7357543741, "name": [ "Syama Prasad Mukherjee Road - Evershine City Road" ] }, "geometry": { "type": "Point", "coordinates": [ 72.836671174350073, 19.404528376087843 ] } },
{ "type": "Feature", "properties": { "elevation": 1.6446150541305542, "depth": 3.8275585174560547, "osmid": 7357634696, "name": [ "Miragaon Road" ] }, "geometry": { "type": "Point", "coordinates": [ 72.87631014516829, 19.273787839353901 ] } },
{ "type": "Feature", "properties": { "elevation": 5.1186270713806152, "depth": 2.1898813247680664, "osmid": 7357634700, "name": [ "Miragaon Road" ] }, "geometry": { "type": "Point", "coordinates": [ 72.878017912153283, 19.276454386114242 ] } },
{ "type": "Feature", "properties": { "elevation": 5.6487088203430176, "depth": 2.8996691703796387, "osmid": 7357634710, "name": [ "Western Express Highway" ] }, "geometry": { "type": "Point", "coordinates": [ 72.880851890671323, 19.270939387948395 ] } },
{ "type": "Feature", "properties": { "elevation": 5.9044475555419922, "depth": 2.458918571472168, "osmid": 7357634710, "name": [ "Western Express Highway" ] }, "geometry": { "type": "Point", "coordinates": [ 72.881654369702062, 19.271503855312375 ] } },
{ "type": "Feature", "properties": { "elevation": 3.0456275939941406, "depth": 1.5430240631103516, "osmid": 7362009856, "name": [ "nan" ] }, "geometry": { "type": "Point", "coordinates": [ 72.835641167624857, 19.225297494474113 ] } },
{ "type": "Feature", "properties": { "elevation": 3.4132776260375977, "depth": 2.0970573425292969, "osmid": 7362009856, "name": [ "nan" ] }, "geometry": { "type": "Point", "coordinates": [ 72.83614847583884, 19.226113107837705 ] } },
{ "type": "Feature", "properties": { "elevation": 1.5392806529998779, "depth": 3.2226192951202393, "osmid": 7371109511, "name": [ "nan" ] }, "geometry": { "type": "Point", "coordinates": [ 72.814300039802674, 19.429899627524524 ] } },
{ "type": "Feature", "properties": { "elevation": 5.2692708969116211, "depth": 1.6216073036193848, "osmid": 7371109533, "name": [ "nan" ] }, "geometry": { "type": "Point", "coordinates": [ 72.81407380399655, 19.426455074381465 ] } },
{ "type": "Feature", "properties": { "elevation": 4.6594080924987793, "depth": 1.6394181251525879, "osmid": 7371109586, "name": [ "nan" ] }, "geometry": { "type": "Point", "coordinates": [ 72.812016859674088, 19.424505561011447 ] } },
{ "type": "Feature", "properties": { "elevation": 3.7916538715362549, "depth": 3.9667608737945557, "osmid": 7371109586, "name": [ "nan" ] }, "geometry": { "type": "Point", "coordinates": [ 72.812317464789999, 19.424220753800899 ] } },
{ "type": "Feature", "properties": { "elevation": 4.0294632911682129, "depth": 4.0107359886169434, "osmid": 7371109586, "name": [ "nan" ] }, "geometry": { "type": "Point", "coordinates": [ 72.812614836346953, 19.423933422599777 ] } },
{ "type": "Feature", "properties": { "elevation": 4.6602921485900879, "depth": 2.9848809242248535, "osmid": 7371109599, "name": [ "nan" ] }, "geometry": { "type": "Point", "coordinates": [ 72.816678986160227, 19.426003066335642 ] } },
{ "type": "Feature", "properties": { "elevation": 5.5203084945678711, "depth": 1.5085911750793457, "osmid": 7371284758, "name": [ "B Patil Road" ] }, "geometry": { "type": "Point", "coordinates": [ 72.858244854922603, 19.305048179513129 ] } },
{ "type": "Feature", "properties": { "elevation": 3.8873929977416992, "depth": 1.3537931442260742, "osmid": 7374011299, "name": [ "nan" ] }, "geometry": { "type": "Point", "coordinates": [ 72.855202503158395, 19.295504546058851 ] } },
{ "type": "Feature", "properties": { "elevation": 5.7530422210693359, "depth": 1.2074346542358398, "osmid": 7374011329, "name": [ "Ramdev Park Road" ] }, "geometry": { "type": "Point", "coordinates": [ 72.864431397326058, 19.290171511400374 ] } },
{ "type": "Feature", "properties": { "elevation": 5.167353630065918, "depth": 1.8368625640869141, "osmid": 7374085946, "name": [ "nan" ] }, "geometry": { "type": "Point", "coordinates": [ 72.85735014379469, 19.304572116663092 ] } },
{ "type": "Feature", "properties": { "elevation": 5.167353630065918, "depth": 1.8368625640869141, "osmid": 7374085964, "name": [ "nan" ] }, "geometry": { "type": "Point", "coordinates": [ 72.857353404497516, 19.304581486496446 ] } },
{ "type": "Feature", "properties": { "elevation": 2.1450088024139404, "depth": 2.8422391414642334, "osmid": 7374252453, "name": [ "nan" ] }, "geometry": { "type": "Point", "coordinates": [ 72.831578938203265, 19.404090550108254 ] } },
{ "type": "Feature", "properties": { "elevation": 5.747624397277832, "depth": 2.3157825469970703, "osmid": 7374437619, "name": [ "nan" ] }, "geometry": { "type": "Point", "coordinates": [ 72.863763950748265, 19.272692331457034 ] } },
{ "type": "Feature", "properties": { "elevation": 4.6667776107788086, "depth": 1.7929835319519043, "osmid": 7374437621, "name": [ "Poonam Sagar Road" ] }, "geometry": { "type": "Point", "coordinates": [ 72.86167592288291, 19.274169342649525 ] } },
{ "type": "Feature", "properties": { "elevation": 5.6209096908569336, "depth": 1.819674015045166, "osmid": 7374443602, "name": [ "Mira Road" ] }, "geometry": { "type": "Point", "coordinates": [ 72.862737467624768, 19.282917481723832 ] } },
{ "type": "Feature", "properties": { "elevation": 5.4522461891174316, "depth": 2.3447055816650391, "osmid": 7374443610, "name": [ "nan" ] }, "geometry": { "type": "Point", "coordinates": [ 72.866342687449162, 19.286171771785035 ] } },
{ "type": "Feature", "properties": { "elevation": 2.2697312831878662, "depth": 2.1498820781707764, "osmid": 7374443626, "name": [ "nan" ] }, "geometry": { "type": "Point", "coordinates": [ 72.860788273550824, 19.286375201941439 ] } },
{ "type": "Feature", "properties": { "elevation": 4.5705828666687012, "depth": 2.0319151878356934, "osmid": 7384211717, "name": [ "nan" ] }, "geometry": { "type": "Point", "coordinates": [ 72.810959251935415, 19.431335728467623 ] } },
{ "type": "Feature", "properties": { "elevation": 5.6100435256958008, "depth": 2.6029987335205078, "osmid": 7384211718, "name": [ "nan" ] }, "geometry": { "type": "Point", "coordinates": [ 72.810266984702849, 19.430245337999381 ] } },
{ "type": "Feature", "properties": { "elevation": 5.6100435256958008, "depth": 2.6029987335205078, "osmid": 7384211719, "name": [ "nan" ] }, "geometry": { "type": "Point", "coordinates": [ 72.810278528543904, 19.430256915601564 ] } },
{ "type": "Feature", "properties": { "elevation": 4.8463101387023926, "depth": 1.2038307189941406, "osmid": 7388110212, "name": [ "nan" ] }, "geometry": { "type": "Point", "coordinates": [ 72.831061917702797, 19.195588855155737 ] } },
{ "type": "Feature", "properties": { "elevation": 3.6177811622619629, "depth": 3.1574444770812988, "osmid": 7388110212, "name": [ "nan" ] }, "geometry": { "type": "Point", "coordinates": [ 72.830810352463658, 19.195260495285709 ] } },
{ "type": "Feature", "properties": { "elevation": 2.4462900161743164, "depth": 1.3286077976226807, "osmid": 7388110212, "name": [ "nan" ] }, "geometry": { "type": "Point", "coordinates": [ 72.829682647239736, 19.193867234449332 ] } },
{ "type": "Feature", "properties": { "elevation": 3.494631290435791, "depth": 1.7181525230407715, "osmid": 7397413848, "name": [ "Chinchoti Anjur Phata Road" ] }, "geometry": { "type": "Point", "coordinates": [ 72.946940413799453, 19.316328730235895 ] } },
{ "type": "Feature", "properties": { "elevation": 2.1450088024139404, "depth": 2.8422391414642334, "osmid": 7424284246, "name": [ "nan" ] }, "geometry": { "type": "Point", "coordinates": [ 72.831565107928355, 19.404077892319798 ] } },
{ "type": "Feature", "properties": { "elevation": 5.5429272651672363, "depth": 2.3362913131713867, "osmid": 7424284255, "name": [ "Vasant Nagari Road" ] }, "geometry": { "type": "Point", "coordinates": [ 72.828014328040524, 19.406233908160168 ] } },
{ "type": "Feature", "properties": { "elevation": 0.5, "depth": 2.7168266773223877, "osmid": 7504440536, "name": [ "nan" ] }, "geometry": { "type": "Point", "coordinates": [ 72.847266583709683, 19.353404722085923 ] } },
{ "type": "Feature", "properties": { "elevation": 5.8434271812438965, "depth": 1.2645754814147949, "osmid": 8695912820, "name": [ "Bapu Bagve Road" ] }, "geometry": { "type": "Point", "coordinates": [ 72.853662073655713, 19.258118660238207 ] } },
{ "type": "Feature", "properties": { "elevation": 5.203275203704834, "depth": 1.4155640602111816, "osmid": 9130240868, "name": [ "Kashmira Road" ] }, "geometry": { "type": "Point", "coordinates": [ 72.858135098473539, 19.295907703715841 ] } },
{ "type": "Feature", "properties": { "elevation": 3.3473210334777832, "depth": 2.3906092643737793, "osmid": 9130272930, "name": [ "New Golden Nest Road" ] }, "geometry": { "type": "Point", "coordinates": [ 72.860916053730151, 19.298217982896901 ] } },
{ "type": "Feature", "properties": { "elevation": 4.0798130035400391, "depth": 2.1641025543212891, "osmid": 9130272953, "name": [ "Deepak Hospital Road" ] }, "geometry": { "type": "Point", "coordinates": [ 72.868250434833485, 19.300589526508272 ] } },
{ "type": "Feature", "properties": { "elevation": 3.64284348487854, "depth": 1.4191787242889404, "osmid": 9130272987, "name": [ "nan" ] }, "geometry": { "type": "Point", "coordinates": [ 72.878918943111074, 19.294386075306956 ] } },
{ "type": "Feature", "properties": { "elevation": 2.9729382991790771, "depth": 1.2170302867889404, "osmid": 9130272987, "name": [ "nan" ] }, "geometry": { "type": "Point", "coordinates": [ 72.87863117726657, 19.294085191381143 ] } },
{ "type": "Feature", "properties": { "elevation": 5.5444302558898926, "depth": 1.4398093223571777, "osmid": 9339686163, "name": [ "nan" ] }, "geometry": { "type": "Point", "coordinates": [ 72.853019073951344, 19.313075563923725 ] } },
{ "type": "Feature", "properties": { "elevation": 5.203031063079834, "depth": 2.8151755332946777, "osmid": 9742826789, "name": [ "nan" ] }, "geometry": { "type": "Point", "coordinates": [ 72.796367126352948, 19.414047755392048 ] } },
{ "type": "Feature", "properties": { "elevation": 0.95746570825576782, "depth": 2.1701359748840332, "osmid": 9763885948, "name": [ "Deepak Hospital Road" ] }, "geometry": { "type": "Point", "coordinates": [ 72.865726657847915, 19.297556321265183 ] } },
{ "type": "Feature", "properties": { "elevation": 3.7765822410583496, "depth": 1.3399624824523926, "osmid": 9785013359, "name": [ "Deepak Hospital Road" ] }, "geometry": { "type": "Point", "coordinates": [ 72.866363277540586, 19.298305112969764 ] } },
{ "type": "Feature", "properties": { "elevation": 3.6646404266357422, "depth": 1.451904296875, "osmid": 9785013359, "name": [ "Deepak Hospital Road" ] }, "geometry": { "type": "Point", "coordinates": [ 72.866094106630101, 19.297989094219972 ] } },
{ "type": "Feature", "properties": { "elevation": 3.7765822410583496, "depth": 1.4200682640075684, "osmid": 9785013359, "name": [ "nan" ] }, "geometry": { "type": "Point", "coordinates": [ 72.866539910078075, 19.298302818700506 ] } },
{ "type": "Feature", "properties": { "elevation": 3.7765822410583496, "depth": 1.4200682640075684, "osmid": 9785013376, "name": [ "nan" ] }, "geometry": { "type": "Point", "coordinates": [ 72.866564979511821, 19.298280623370307 ] } },
{ "type": "Feature", "properties": { "elevation": 3.2229917049407959, "depth": 2.3533403873443604, "osmid": 9789476079, "name": [ "nan" ] }, "geometry": { "type": "Point", "coordinates": [ 72.801560795886033, 19.447912590335982 ] } },
{ "type": "Feature", "properties": { "elevation": 1.5581307411193848, "depth": 1.5487756729125977, "osmid": 9789476083, "name": [ "nan" ] }, "geometry": { "type": "Point", "coordinates": [ 72.799426259991861, 19.446049929776009 ] } },
{ "type": "Feature", "properties": { "elevation": 4.4116520881652832, "depth": 3.2351446151733398, "osmid": 9789476097, "name": [ "Premium Park Road" ] }, "geometry": { "type": "Point", "coordinates": [ 72.802428882711382, 19.44748677769616 ] } },
{ "type": "Feature", "properties": { "elevation": 5.4720067977905273, "depth": 1.4591760635375977, "osmid": 9791793166, "name": [ "nan" ] }, "geometry": { "type": "Point", "coordinates": [ 72.828160340129472, 19.373872528236948 ] } },
{ "type": "Feature", "properties": { "elevation": 3.6604042053222656, "depth": 1.2134418487548828, "osmid": 9835322657, "name": [ "nan" ] }, "geometry": { "type": "Point", "coordinates": [ 72.818196651706899, 19.478802759187076 ] } },
{ "type": "Feature", "properties": { "elevation": 5.0239219665527344, "depth": 1.4773368835449219, "osmid": 9835322659, "name": [ "nan" ] }, "geometry": { "type": "Point", "coordinates": [ 72.818772351728228, 19.479073484718516 ] } },
{ "type": "Feature", "properties": { "elevation": 4.6204957962036133, "depth": 1.8413810729980469, "osmid": 9849907546, "name": [ "nan" ] }, "geometry": { "type": "Point", "coordinates": [ 72.820544827706357, 19.431396884580931 ] } },
{ "type": "Feature", "properties": { "elevation": 4.9238181114196777, "depth": 1.76715087890625, "osmid": 9859727558, "name": [ "nan" ] }, "geometry": { "type": "Point", "coordinates": [ 72.838006150982764, 19.187510143275215 ] } },
{ "type": "Feature", "properties": { "elevation": 5.6777472496032715, "depth": 1.4587445259094238, "osmid": 9873566456, "name": [ "nan" ] }, "geometry": { "type": "Point", "coordinates": [ 72.868537779943381, 19.276460396489945 ] } },
{ "type": "Feature", "properties": { "elevation": 5.6838531494140625, "depth": 1.7719454765319824, "osmid": 9873566456, "name": [ "nan" ] }, "geometry": { "type": "Point", "coordinates": [ 72.867936119524344, 19.275703541972376 ] } },
{ "type": "Feature", "properties": { "elevation": 5.0, "depth": 2.9923696517944336, "osmid": 9909309170, "name": [ "nan" ] }, "geometry": { "type": "Point", "coordinates": [ 72.827351341583579, 19.375100292178832 ] } },
{ "type": "Feature", "properties": { "elevation": 4.8328337669372559, "depth": 2.1382474899291992, "osmid": 9910883642, "name": [ "nan" ] }, "geometry": { "type": "Point", "coordinates": [ 72.796866544329802, 19.448658325700197 ] } },
{ "type": "Feature", "properties": { "elevation": 3.2229917049407959, "depth": 2.3533403873443604, "osmid": 9910883722, "name": [ "nan" ] }, "geometry": { "type": "Point", "coordinates": [ 72.801564918810897, 19.447915349304562 ] } },
{ "type": "Feature", "properties": { "elevation": 4.4116520881652832, "depth": 3.2351446151733398, "osmid": 9910883723, "name": [ "Premium Park Road" ] }, "geometry": { "type": "Point", "coordinates": [ 72.802404390941433, 19.447513078515097 ] } },
{ "type": "Feature", "properties": { "elevation": 2.0712404251098633, "depth": 1.6798241138458252, "osmid": 9910954254, "name": [ "nan" ] }, "geometry": { "type": "Point", "coordinates": [ 72.809981234074201, 19.440182940827196 ] } },
{ "type": "Feature", "properties": { "elevation": 3.6295664310455322, "depth": 1.3011071681976318, "osmid": 9911124847, "name": [ "nan" ] }, "geometry": { "type": "Point", "coordinates": [ 72.827812188237971, 19.401074978600601 ] } },
{ "type": "Feature", "properties": { "elevation": 3.6295664310455322, "depth": 1.3011071681976318, "osmid": 9911124848, "name": [ "nan" ] }, "geometry": { "type": "Point", "coordinates": [ 72.827800647659359, 19.401115685729508 ] } },
{ "type": "Feature", "properties": { "elevation": 5.1477870941162109, "depth": 1.3312892913818359, "osmid": 9911248801, "name": [ "nan" ] }, "geometry": { "type": "Point", "coordinates": [ 72.825534153013209, 19.408410254172704 ] } },
{ "type": "Feature", "properties": { "elevation": 3.692974328994751, "depth": 1.5037305355072021, "osmid": 9911248804, "name": [ "nan" ] }, "geometry": { "type": "Point", "coordinates": [ 72.825130430998072, 19.408581959223525 ] } },
{ "type": "Feature", "properties": { "elevation": 5.1477870941162109, "depth": 1.3312892913818359, "osmid": 9911248807, "name": [ "nan" ] }, "geometry": { "type": "Point", "coordinates": [ 72.825515746631098, 19.408404146225287 ] } },
{ "type": "Feature", "properties": { "elevation": 3.692974328994751, "depth": 1.5037305355072021, "osmid": 9911248807, "name": [ "nan" ] }, "geometry": { "type": "Point", "coordinates": [ 72.825136468916156, 19.408564840728033 ] } },
{ "type": "Feature", "properties": { "elevation": 4.0627803802490234, "depth": 1.3635287284851074, "osmid": 9911267134, "name": [ "nan" ] }, "geometry": { "type": "Point", "coordinates": [ 72.840105338045575, 19.398017903431054 ] } },
{ "type": "Feature", "properties": { "elevation": 3.6162145137786865, "depth": 1.9506266117095947, "osmid": 9911267147, "name": [ "nan" ] }, "geometry": { "type": "Point", "coordinates": [ 72.843319942003276, 19.395486100506456 ] } },
{ "type": "Feature", "properties": { "elevation": 3.6162145137786865, "depth": 1.9506266117095947, "osmid": 9911267152, "name": [ "nan" ] }, "geometry": { "type": "Point", "coordinates": [ 72.843323701630609, 19.395487776162497 ] } },
{ "type": "Feature", "properties": { "elevation": 5.5860328674316406, "depth": 1.2144451141357422, "osmid": 9926757723, "name": [ "nan" ] }, "geometry": { "type": "Point", "coordinates": [ 72.853492845339758, 19.382148712675143 ] } },
{ "type": "Feature", "properties": { "elevation": 5.7381978034973145, "depth": 2.0150322914123535, "osmid": 9969985740, "name": [ "nan" ] }, "geometry": { "type": "Point", "coordinates": [ 72.831454589852896, 19.40216141860515 ] } },
{ "type": "Feature", "properties": { "elevation": 3.6921062469482422, "depth": 3.9192037582397461, "osmid": 9976597251, "name": [ "nan" ] }, "geometry": { "type": "Point", "coordinates": [ 72.8030110936092, 19.41739459844765 ] } },
{ "type": "Feature", "properties": { "elevation": 4.4013829231262207, "depth": 1.2800116539001465, "osmid": 9990300280, "name": [ "nan" ] }, "geometry": { "type": "Point", "coordinates": [ 72.81839750757301, 19.444236030079146 ] } },
{ "type": "Feature", "properties": { "elevation": 5.4522461891174316, "depth": 2.3447055816650391, "osmid": 10098169115, "name": [ "nan" ] }, "geometry": { "type": "Point", "coordinates": [ 72.866384287676567, 19.286191070368186 ] } },
{ "type": "Feature", "properties": { "elevation": 0.5, "depth": 2.7168266773223877, "osmid": 10130282919, "name": [ "nan" ] }, "geometry": { "type": "Point", "coordinates": [ 72.847302473197871, 19.35340221256223 ] } },
{ "type": "Feature", "properties": { "elevation": 5.7736387252807617, "depth": 2.159430980682373, "osmid": 10196336351, "name": [ "nan" ] }, "geometry": { "type": "Point", "coordinates": [ 72.788491638720444, 19.35628253503436 ] } },
{ "type": "Feature", "properties": { "elevation": 5.8902583122253418, "depth": 1.2262630462646484, "osmid": 10207387797, "name": [ "nan" ] }, "geometry": { "type": "Point", "coordinates": [ 72.868590504688967, 19.296591516123222 ] } },
{ "type": "Feature", "properties": { "elevation": 2.4533414840698242, "depth": 1.354825496673584, "osmid": 10222921149, "name": [ "Param Pujya Shri Mataji Nirmala Devi Marg" ] }, "geometry": { "type": "Point", "coordinates": [ 72.868405729458274, 19.291618558121325 ] } },
{ "type": "Feature", "properties": { "elevation": 2.0, "depth": 1.9034709930419922, "osmid": 10242247027, "name": [ "nan" ] }, "geometry": { "type": "Point", "coordinates": [ 72.83168031463687, 19.198657653129814 ] } },
{ "type": "Feature", "properties": { "elevation": 4.3577518463134766, "depth": 1.9047698974609375, "osmid": 10244276738, "name": [ "nan" ] }, "geometry": { "type": "Point", "coordinates": [ 72.817464554952423, 19.421317863619084 ] } },
{ "type": "Feature", "properties": { "elevation": 5.3372063636779785, "depth": 1.8156757354736328, "osmid": 10248977467, "name": [ "Damu Anna Date Marg" ] }, "geometry": { "type": "Point", "coordinates": [ 72.839556212865588, 19.207296118795668 ] } },
{ "type": "Feature", "properties": { "elevation": 1.5979726314544678, "depth": 3.0946428775787354, "osmid": 10255079145, "name": [ "nan" ] }, "geometry": { "type": "Point", "coordinates": [ 72.883529860092509, 19.283406730918877 ] } },
{ "type": "Feature", "properties": { "elevation": 4.6489148139953613, "depth": 1.6673197746276855, "osmid": 10275282355, "name": [ "nan" ] }, "geometry": { "type": "Point", "coordinates": [ 72.814586575434433, 19.373302040158951 ] } },
{ "type": "Feature", "properties": { "elevation": 4.3198471069335938, "depth": 2.6621284484863281, "osmid": 10275287380, "name": [ "nan" ] }, "geometry": { "type": "Point", "coordinates": [ 72.863989443642424, 19.297472824592948 ] } },
{ "type": "Feature", "properties": { "elevation": 2.4626197814941406, "depth": 1.3996593952178955, "osmid": 10275299596, "name": [ "nan" ] }, "geometry": { "type": "Point", "coordinates": [ 72.892190428402543, 19.346938600897946 ] } },
{ "type": "Feature", "properties": { "elevation": 4.7508511543273926, "depth": 1.5865445137023926, "osmid": 10275299596, "name": [ "nan" ] }, "geometry": { "type": "Point", "coordinates": [ 72.892483557222704, 19.34770234594054 ] } },
{ "type": "Feature", "properties": { "elevation": 3.112053394317627, "depth": 1.3154182434082031, "osmid": 10275299601, "name": [ "Mumbai Delhi Highway" ] }, "geometry": { "type": "Point", "coordinates": [ 72.892735120801248, 19.34860565302742 ] } },
{ "type": "Feature", "properties": { "elevation": 4.839296817779541, "depth": 1.2843375205993652, "osmid": 10275299601, "name": [ "Mumbai Delhi Highway" ] }, "geometry": { "type": "Point", "coordinates": [ 72.893224262639663, 19.355009638182779 ] } },
{ "type": "Feature", "properties": { "elevation": 3.8795363903045654, "depth": 1.6303045749664307, "osmid": 10275328915, "name": [ "Mumbai Delhi Highway" ] }, "geometry": { "type": "Point", "coordinates": [ 72.894205135027534, 19.329279165967193 ] } },
{ "type": "Feature", "properties": { "elevation": 3.9742324352264404, "depth": 1.392956018447876, "osmid": 10277239770, "name": [ "nan" ] }, "geometry": { "type": "Point", "coordinates": [ 72.880266319862713, 19.28410542911675 ] } },
{ "type": "Feature", "properties": { "elevation": 2.9929893016815186, "depth": 1.7171494960784912, "osmid": 10277239772, "name": [ "nan" ] }, "geometry": { "type": "Point", "coordinates": [ 72.879988942342436, 19.283856206372263 ] } },
{ "type": "Feature", "properties": { "elevation": 5.7530422210693359, "depth": 1.2074346542358398, "osmid": 10277252194, "name": [ "Ramdev Park Road" ] }, "geometry": { "type": "Point", "coordinates": [ 72.864405376526179, 19.290163955001852 ] } },
{ "type": "Feature", "properties": { "elevation": 1.118293285369873, "depth": 3.6153912544250488, "osmid": 10277252199, "name": [ "Om Sai Dham Mandir Marg" ] }, "geometry": { "type": "Point", "coordinates": [ 72.864060081588363, 19.292340823801776 ] } },
{ "type": "Feature", "properties": { "elevation": 4.9238181114196777, "depth": 1.76715087890625, "osmid": 10277511278, "name": [ "nan" ] }, "geometry": { "type": "Point", "coordinates": [ 72.838030009558125, 19.187523692884451 ] } },
{ "type": "Feature", "properties": { "elevation": 5.3481936454772949, "depth": 1.6828093528747559, "osmid": 10277547712, "name": [ "nan" ] }, "geometry": { "type": "Point", "coordinates": [ 72.834128692407972, 19.181479908564 ] } },
{ "type": "Feature", "properties": { "elevation": 5.8727569580078125, "depth": 2.0362949371337891, "osmid": 10277547720, "name": [ "Goregaon Mulund Link Road" ] }, "geometry": { "type": "Point", "coordinates": [ 72.837903910114903, 19.1739201218526 ] } },
{ "type": "Feature", "properties": { "elevation": 5.4139752388000488, "depth": 1.8770046234130859, "osmid": 10280095018, "name": [ "nan" ] }, "geometry": { "type": "Point", "coordinates": [ 72.825809555534377, 19.380767837814574 ] } },
{ "type": "Feature", "properties": { "elevation": 5.9775552749633789, "depth": 3.409724235534668, "osmid": 10291088915, "name": [ "nan" ] }, "geometry": { "type": "Point", "coordinates": [ 72.872009728183087, 19.28114498399334 ] } },
{ "type": "Feature", "properties": { "elevation": 3.5568337440490723, "depth": 3.8863935470581055, "osmid": 10564266718, "name": [ "nan" ] }, "geometry": { "type": "Point", "coordinates": [ 72.83806016367565, 19.188067775608623 ] } },
{ "type": "Feature", "properties": { "elevation": 5.7740607261657715, "depth": 1.8189091682434082, "osmid": 10565249373, "name": [ "nan" ] }, "geometry": { "type": "Point", "coordinates": [ 72.882731494642272, 19.285755997528302 ] } },
{ "type": "Feature", "properties": { "elevation": 5.7740607261657715, "depth": 1.8189091682434082, "osmid": 10565249375, "name": [ "nan" ] }, "geometry": { "type": "Point", "coordinates": [ 72.882746948949602, 19.285771181762751 ] } },
{ "type": "Feature", "properties": { "elevation": 5.1574292182922363, "depth": 3.7837491035461426, "osmid": 10574302009, "name": [ "Uttan Road" ] }, "geometry": { "type": "Point", "coordinates": [ 72.799095901054187, 19.28461513635731 ] } },
{ "type": "Feature", "properties": { "elevation": 4.3417067527770996, "depth": 3.2221708297729492, "osmid": 10574302009, "name": [ "Uttan Road" ] }, "geometry": { "type": "Point", "coordinates": [ 72.799633957490201, 19.285718875728961 ] } },
{ "type": "Feature", "properties": { "elevation": 1.118293285369873, "depth": 3.6153912544250488, "osmid": 10581425677, "name": [ "Om Sai Dham Mandir Marg" ] }, "geometry": { "type": "Point", "coordinates": [ 72.8640167415262, 19.292297295157891 ] } },
{ "type": "Feature", "properties": { "elevation": 3.2875902652740479, "depth": 3.3031980991363525, "osmid": 10603711844, "name": [ "Mira Road" ] }, "geometry": { "type": "Point", "coordinates": [ 72.867368831948028, 19.284775446240513 ] } },
{ "type": "Feature", "properties": { "elevation": 5.1303572654724121, "depth": 2.0502963066101074, "osmid": 10654020923, "name": [ "nan" ] }, "geometry": { "type": "Point", "coordinates": [ 72.864965487339489, 19.292924926880602 ] } },
{ "type": "Feature", "properties": { "elevation": 5.1303572654724121, "depth": 2.0502963066101074, "osmid": 10654020923, "name": [ "nan" ] }, "geometry": { "type": "Point", "coordinates": [ 72.864973579295381, 19.292926992795646 ] } },
{ "type": "Feature", "properties": { "elevation": 5.6254124641418457, "depth": 2.1514725685119629, "osmid": 10725743694, "name": [ "Mumbai Delhi Highway" ] }, "geometry": { "type": "Point", "coordinates": [ 72.905589221984258, 19.300415819365366 ] } },
{ "type": "Feature", "properties": { "elevation": 4.7375445365905762, "depth": 1.4195852279663086, "osmid": 10867265815, "name": [ "nan" ] }, "geometry": { "type": "Point", "coordinates": [ 72.808737664100448, 19.335337803639362 ] } },
{ "type": "Feature", "properties": { "elevation": 4.778902530670166, "depth": 1.2422404289245605, "osmid": 10867265843, "name": [ "nan" ] }, "geometry": { "type": "Point", "coordinates": [ 72.812765302559356, 19.356299375533641 ] } },
{ "type": "Feature", "properties": { "elevation": 4.2669391632080078, "depth": 1.4825458526611328, "osmid": 10867265843, "name": [ "nan" ] }, "geometry": { "type": "Point", "coordinates": [ 72.813078486400698, 19.356026572701079 ] } },
{ "type": "Feature", "properties": { "elevation": 4.1304502487182617, "depth": 1.6161866188049316, "osmid": 10880204179, "name": [ "Agashi Rd" ] }, "geometry": { "type": "Point", "coordinates": [ 72.783366195224119, 19.453627542692161 ] } },
{ "type": "Feature", "properties": { "elevation": 2.0738537311553955, "depth": 1.2634198665618896, "osmid": 10880204179, "name": [ "nan" ] }, "geometry": { "type": "Point", "coordinates": [ 72.785413674850574, 19.450697950317444 ] } },
{ "type": "Feature", "properties": { "elevation": 2.3947887420654297, "depth": 1.2954483032226562, "osmid": 10880265749, "name": [ "nan" ] }, "geometry": { "type": "Point", "coordinates": [ 72.834844674190037, 19.301517738524453 ] } },
{ "type": "Feature", "properties": { "elevation": 3.7087669372558594, "depth": 1.4081273078918457, "osmid": 10880576113, "name": [ "Malad Marve Road" ] }, "geometry": { "type": "Point", "coordinates": [ 72.80009820021705, 19.195446665405626 ] } },
{ "type": "Feature", "properties": { "elevation": 1.7419295310974121, "depth": 2.5637311935424805, "osmid": 10926000064, "name": [ "nan" ] }, "geometry": { "type": "Point", "coordinates": [ 72.860464892960422, 19.295836103228797 ] } },
{ "type": "Feature", "properties": { "elevation": 4.2087879180908203, "depth": 2.0513701438903809, "osmid": 10926000064, "name": [ "nan" ] }, "geometry": { "type": "Point", "coordinates": [ 72.859719727715756, 19.295293405239992 ] } },
{ "type": "Feature", "properties": { "elevation": 1.7419295310974121, "depth": 2.5637311935424805, "osmid": 10926000075, "name": [ "nan" ] }, "geometry": { "type": "Point", "coordinates": [ 72.860403181127239, 19.295813075239188 ] } },
{ "type": "Feature", "properties": { "elevation": 4.8442678451538086, "depth": 1.5195345878601074, "osmid": 10928628547, "name": [ "Mira Bhayandar Road" ] }, "geometry": { "type": "Point", "coordinates": [ 72.868344228395699, 19.286449230425429 ] } },
{ "type": "Feature", "properties": { "elevation": 3.3625490665435791, "depth": 1.7664129734039307, "osmid": 10936769480, "name": [ "nan" ] }, "geometry": { "type": "Point", "coordinates": [ 72.867891395240704, 19.30268220520691 ] } },
{ "type": "Feature", "properties": { "elevation": 3.3625490665435791, "depth": 1.7664129734039307, "osmid": 10936769482, "name": [ "nan" ] }, "geometry": { "type": "Point", "coordinates": [ 72.867929973318084, 19.302643627131346 ] } },
{ "type": "Feature", "properties": { "elevation": 5.5628118515014648, "depth": 1.8116064071655273, "osmid": 10939478901, "name": [ "nan" ] }, "geometry": { "type": "Point", "coordinates": [ 72.879345401814604, 19.287409191422697 ] } },
{ "type": "Feature", "properties": { "elevation": 5.678797721862793, "depth": 1.6978473663330078, "osmid": 10942166733, "name": [ "Late Deepak Dharmaji Patil Marg" ] }, "geometry": { "type": "Point", "coordinates": [ 72.871134924358657, 19.262426075201535 ] } },
{ "type": "Feature", "properties": { "elevation": 5.125819206237793, "depth": 2.1841697692871094, "osmid": 11024883907, "name": [ "nan" ] }, "geometry": { "type": "Point", "coordinates": [ 72.761059111548661, 19.415005004698155 ] } },
{ "type": "Feature", "properties": { "elevation": 5.7296404838562012, "depth": 1.3629364967346191, "osmid": 11029503119, "name": [ "Mira Bhayandar Road" ] }, "geometry": { "type": "Point", "coordinates": [ 72.876449934483162, 19.280553149515601 ] } },
{ "type": "Feature", "properties": { "elevation": 1.5, "depth": 3.4909491539001465, "osmid": 11030001384, "name": [ "Sai River Vatika Road" ] }, "geometry": { "type": "Point", "coordinates": [ 72.929946393418007, 19.477612364795412 ] } },
{ "type": "Feature", "properties": { "elevation": 1.5, "depth": 3.4909491539001465, "osmid": 11030001384, "name": [ "Sai River Vatika Road" ] }, "geometry": { "type": "Point", "coordinates": [ 72.929608845254236, 19.477861520382572 ] } },
{ "type": "Feature", "properties": { "elevation": 1.5, "depth": 4.2047557830810547, "osmid": 11030001384, "name": [ "Sai River Vatika Road" ] }, "geometry": { "type": "Point", "coordinates": [ 72.929298865738403, 19.478142070756565 ] } },
{ "type": "Feature", "properties": { "elevation": 2.4789659976959229, "depth": 2.047713041305542, "osmid": 11031927668, "name": [ "nan" ] }, "geometry": { "type": "Point", "coordinates": [ 72.761047362565137, 19.372052830289253 ] } },
{ "type": "Feature", "properties": { "elevation": 3.5538740158081055, "depth": 1.444084644317627, "osmid": 11032029269, "name": [ "nan" ] }, "geometry": { "type": "Point", "coordinates": [ 72.793040496196511, 19.427616233893424 ] } },
{ "type": "Feature", "properties": { "elevation": 5.8902583122253418, "depth": 1.2262630462646484, "osmid": 11038782056, "name": [ "nan" ] }, "geometry": { "type": "Point", "coordinates": [ 72.86854739870337, 19.296490545985343 ] } },
{ "type": "Feature", "properties": { "elevation": 3.8681542873382568, "depth": 2.7860057353973389, "osmid": 11042130192, "name": [ "nan" ] }, "geometry": { "type": "Point", "coordinates": [ 72.827730509402912, 19.238016687772419 ] } },
{ "type": "Feature", "properties": { "elevation": 5.6001238822937012, "depth": 5.3057618141174316, "osmid": 11042130192, "name": [ "nan" ] }, "geometry": { "type": "Point", "coordinates": [ 72.827468506683729, 19.238332479315144 ] } },
{ "type": "Feature", "properties": { "elevation": 4.4938631057739258, "depth": 5.706451416015625, "osmid": 11042130192, "name": [ "nan" ] }, "geometry": { "type": "Point", "coordinates": [ 72.826017600354078, 19.238811614446238 ] } },
{ "type": "Feature", "properties": { "elevation": 5.737971305847168, "depth": 2.0485143661499023, "osmid": 11042130192, "name": [ "nan" ] }, "geometry": { "type": "Point", "coordinates": [ 72.824849869247785, 19.238089482416797 ] } },
{ "type": "Feature", "properties": { "elevation": 5.737971305847168, "depth": 2.0485143661499023, "osmid": 11042182221, "name": [ "nan" ] }, "geometry": { "type": "Point", "coordinates": [ 72.824798192437896, 19.237987978521623 ] } },
{ "type": "Feature", "properties": { "elevation": 4.4938631057739258, "depth": 5.706451416015625, "osmid": 11042182221, "name": [ "nan" ] }, "geometry": { "type": "Point", "coordinates": [ 72.826041367423514, 19.238809000746258 ] } },
{ "type": "Feature", "properties": { "elevation": 3.8557252883911133, "depth": 2.7024364471435547, "osmid": 11042182221, "name": [ "nan" ] }, "geometry": { "type": "Point", "coordinates": [ 72.827147367072627, 19.238556064007618 ] } },
{ "type": "Feature", "properties": { "elevation": 5.6001238822937012, "depth": 5.3057618141174316, "osmid": 11042182221, "name": [ "nan" ] }, "geometry": { "type": "Point", "coordinates": [ 72.827486501999758, 19.2383175029555 ] } },
{ "type": "Feature", "properties": { "elevation": 5.4207539558410645, "depth": 2.896975040435791, "osmid": 11052703199, "name": [ "nan" ] }, "geometry": { "type": "Point", "coordinates": [ 72.84981435783277, 19.298620250439345 ] } },
{ "type": "Feature", "properties": { "elevation": 4.3003702163696289, "depth": 1.5716490745544434, "osmid": 11057967773, "name": [ "RSC Road Number 16" ] }, "geometry": { "type": "Point", "coordinates": [ 72.829492557810369, 19.228751033017009 ] } },
{ "type": "Feature", "properties": { "elevation": 3.9927718639373779, "depth": 2.1301047801971436, "osmid": 11061026077, "name": [ "nan" ] }, "geometry": { "type": "Point", "coordinates": [ 72.86647165826524, 19.286742805572935 ] } },
{ "type": "Feature", "properties": { "elevation": 4.8259382247924805, "depth": 1.5374226570129395, "osmid": 11066318949, "name": [ "nan" ] }, "geometry": { "type": "Point", "coordinates": [ 72.817150238345548, 19.21138022074426 ] } },
{ "type": "Feature", "properties": { "elevation": 5.205451488494873, "depth": 1.2072310447692871, "osmid": 11068212980, "name": [ "nan" ] }, "geometry": { "type": "Point", "coordinates": [ 72.842338515595728, 19.297996999183624 ] } },
{ "type": "Feature", "properties": { "elevation": 5.1463608741760254, "depth": 1.4897379875183105, "osmid": 11068787714, "name": [ "nan" ] }, "geometry": { "type": "Point", "coordinates": [ 72.815574384156719, 19.178517507426925 ] } },
{ "type": "Feature", "properties": { "elevation": -1.3493409156799316, "depth": 3.9480552673339844, "osmid": 11121441469, "name": [ "nan" ] }, "geometry": { "type": "Point", "coordinates": [ 72.822511301811986, 19.406520091058812 ] } },
{ "type": "Feature", "properties": { "elevation": 5.6478071212768555, "depth": 1.4321537017822266, "osmid": 11138951350, "name": [ "nan" ] }, "geometry": { "type": "Point", "coordinates": [ 72.832664673733063, 19.383598636040855 ] } },
{ "type": "Feature", "properties": { "elevation": 5.6478071212768555, "depth": 1.4321537017822266, "osmid": 11138951354, "name": [ "nan" ] }, "geometry": { "type": "Point", "coordinates": [ 72.832663738262767, 19.383601500335217 ] } },
{ "type": "Feature", "properties": { "elevation": 4.0716495513916016, "depth": 1.5366368293762207, "osmid": 11330612460, "name": [ "nan" ] }, "geometry": { "type": "Point", "coordinates": [ 72.844286042716988, 19.294589283236025 ] } },
{ "type": "Feature", "properties": { "elevation": 4.0716495513916016, "depth": 1.5366368293762207, "osmid": 11330612462, "name": [ "nan" ] }, "geometry": { "type": "Point", "coordinates": [ 72.844347344230016, 19.294633428016336 ] } },
{ "type": "Feature", "properties": { "elevation": 5.358180046081543, "depth": 1.9481081962585449, "osmid": 11375644640, "name": [ "nan" ] }, "geometry": { "type": "Point", "coordinates": [ 72.782385028551815, 19.26967164522711 ] } },
{ "type": "Feature", "properties": { "elevation": 5.1992549896240234, "depth": 2.4851541519165039, "osmid": 11375644640, "name": [ "nan" ] }, "geometry": { "type": "Point", "coordinates": [ 72.781887462329252, 19.270149763396578 ] } },
{ "type": "Feature", "properties": { "elevation": 4.2219152450561523, "depth": 2.1599035263061523, "osmid": 11780012876, "name": [ "nan" ] }, "geometry": { "type": "Point", "coordinates": [ 72.851814621758649, 19.312045112324427 ] } },
{ "type": "Feature", "properties": { "elevation": 4.8512873649597168, "depth": 1.242164134979248, "osmid": 11786980561, "name": [ "Chikoowadi Road" ] }, "geometry": { "type": "Point", "coordinates": [ 72.83790958452596, 19.22118534883186 ] } },
{ "type": "Feature", "properties": { "elevation": 3.9636955261230469, "depth": 3.7547430992126465, "osmid": 11919768592, "name": [ "Miragaon Road" ] }, "geometry": { "type": "Point", "coordinates": [ 72.878657950027062, 19.270429982874262 ] } },
{ "type": "Feature", "properties": { "elevation": 3.8795363903045654, "depth": 1.6021664142608643, "osmid": 11930495015, "name": [ "nan" ] }, "geometry": { "type": "Point", "coordinates": [ 72.894390190478163, 19.329111624240024 ] } },
{ "type": "Feature", "properties": { "elevation": 5.7897806167602539, "depth": 1.2267270088195801, "osmid": 11930575171, "name": [ "Mumbai Delhi Highway" ] }, "geometry": { "type": "Point", "coordinates": [ 72.894293634908323, 19.337040912415123 ] } },
{ "type": "Feature", "properties": { "elevation": 4.5613985061645508, "depth": 1.2523107528686523, "osmid": 12339104720, "name": [ "nan" ] }, "geometry": { "type": "Point", "coordinates": [ 72.811499296472249, 19.430825748978741 ] } },
{ "type": "Feature", "properties": { "elevation": 5.7490172386169434, "depth": 1.5883474349975586, "osmid": 12354106781, "name": [ "Mira Road" ] }, "geometry": { "type": "Point", "coordinates": [ 72.86619428643678, 19.284216779221229 ] } },
{ "type": "Feature", "properties": { "elevation": 5.87481689453125, "depth": 3.2987079620361328, "osmid": 12357862112, "name": [ "Ghodbunder Service Road" ] }, "geometry": { "type": "Point", "coordinates": [ 72.940120584080347, 19.285730715549462 ] } },
{ "type": "Feature", "properties": { "elevation": 5.0235352516174316, "depth": 1.6985855102539062, "osmid": 12357989751, "name": [ "Ghodbunder Service Road" ] }, "geometry": { "type": "Point", "coordinates": [ 72.95591793265659, 19.280198928865069 ] } },
{ "type": "Feature", "properties": { "elevation": 3.7987551689147949, "depth": 2.6162533760070801, "osmid": 12378421930, "name": [ "nan" ] }, "geometry": { "type": "Point", "coordinates": [ 72.815119246372262, 19.36928280068345 ] } },
{ "type": "Feature", "properties": { "elevation": 4.7698216438293457, "depth": 1.8064408302307129, "osmid": 12390057507, "name": [ "nan" ] }, "geometry": { "type": "Point", "coordinates": [ 72.817942465171171, 19.43685632094865 ] } },
{ "type": "Feature", "properties": { "elevation": 5.3845162391662598, "depth": 1.4537324905395508, "osmid": 12390187726, "name": [ "Syama Prasad Mukherjee Road - Evershine City Road" ] }, "geometry": { "type": "Point", "coordinates": [ 72.836413360255762, 19.404776346691307 ] } },
{ "type": "Feature", "properties": { "elevation": 5.6207337379455566, "depth": 2.1490969657897949, "osmid": 12553660967, "name": [ "nan" ] }, "geometry": { "type": "Point", "coordinates": [ 72.875600851576891, 19.281097377098455 ] } },
{ "type": "Feature", "properties": { "elevation": 4.641852855682373, "depth": 1.388892650604248, "osmid": 12553660967, "name": [ "nan" ] }, "geometry": { "type": "Point", "coordinates": [ 72.877081398363799, 19.280036571110077 ] } },
{ "type": "Feature", "properties": { "elevation": 5.3330564498901367, "depth": 2.1258292198181152, "osmid": 12553660977, "name": [ "Mira Bhayandar Road" ] }, "geometry": { "type": "Point", "coordinates": [ 72.872819211442348, 19.282991192053192 ] } },
{ "type": "Feature", "properties": { "elevation": 5.114995002746582, "depth": 1.5928587913513184, "osmid": 12553660977, "name": [ "Mira Bhayandar Road" ] }, "geometry": { "type": "Point", "coordinates": [ 72.871800243349867, 19.283733134039494 ] } },
{ "type": "Feature", "properties": { "elevation": 5.3406744003295898, "depth": 1.5204930305480957, "osmid": 12649792743, "name": [ "Railway station Rd" ] }, "geometry": { "type": "Point", "coordinates": [ 72.860805445972233, 19.272524776832373 ] } },
{ "type": "Feature", "properties": { "elevation": 5.0831584930419922, "depth": 1.5579929351806641, "osmid": 12717661201, "name": [ "nan" ] }, "geometry": { "type": "Point", "coordinates": [ 72.820915169092672, 19.383167886121068 ] } },
{ "type": "Feature", "properties": { "elevation": 4.0207996368408203, "depth": 1.9600238800048828, "osmid": 12717742691, "name": [ "nan" ] }, "geometry": { "type": "Point", "coordinates": [ 72.866488975264886, 19.357751211798643 ] } },
{ "type": "Feature", "properties": { "elevation": 3.6326522827148438, "depth": 1.7213568687438965, "osmid": 12717742691, "name": [ "nan" ] }, "geometry": { "type": "Point", "coordinates": [ 72.866486909740431, 19.357378336589164 ] } },
{ "type": "Feature", "properties": { "elevation": 4.7791552543640137, "depth": 3.0246071815490723, "osmid": 12797384559, "name": [ "Thane Ghodbunder Road" ] }, "geometry": { "type": "Point", "coordinates": [ 72.908462701114885, 19.281500844816918 ] } },
{ "type": "Feature", "properties": { "elevation": 2.9898009300231934, "depth": 2.2310705184936523, "osmid": 12797384559, "name": [ "Thane Ghodbunder Road" ] }, "geometry": { "type": "Point", "coordinates": [ 72.914776729017106, 19.274028319896132 ] } },
{ "type": "Feature", "properties": { "elevation": 5.7503252029418945, "depth": 1.4227471351623535, "osmid": 12797384559, "name": [ "Thane Ghodbunder Road" ] }, "geometry": { "type": "Point", "coordinates": [ 72.91595644383051, 19.275385166973731 ] } },
{ "type": "Feature", "properties": { "elevation": 5.1506519317626953, "depth": 1.8356781005859375, "osmid": 12803867698, "name": [ "Sai Mandir Marg" ] }, "geometry": { "type": "Point", "coordinates": [ 72.86502435553183, 19.275840198117958 ] } },
{ "type": "Feature", "properties": { "elevation": 4.5126705169677734, "depth": 1.7538633346557617, "osmid": 12901334175, "name": [ "Sector-1 Internal Road" ] }, "geometry": { "type": "Point", "coordinates": [ 72.859367256277665, 19.280073035736883 ] } },
{ "type": "Feature", "properties": { "elevation": 4.5126705169677734, "depth": 1.7538633346557617, "osmid": 12901334183, "name": [ "Sector-1 Internal Road" ] }, "geometry": { "type": "Point", "coordinates": [ 72.859366447671704, 19.280076329647976 ] } },
{ "type": "Feature", "properties": { "elevation": 4.6972675323486328, "depth": 2.4966917037963867, "osmid": 12919484747, "name": [ "Sector-5 internal Rd" ] }, "geometry": { "type": "Point", "coordinates": [ 72.862617315776049, 19.28171617433069 ] } },
{ "type": "Feature", "properties": { "elevation": 2.3824031352996826, "depth": 7.0579347610473633, "osmid": 13037031255, "name": [ "nan" ] }, "geometry": { "type": "Point", "coordinates": [ 72.840145290082916, 19.194826213960809 ] } },
{ "type": "Feature", "properties": { "elevation": 2.3824031352996826, "depth": 7.0579347610473633, "osmid": 13037031267, "name": [ "nan" ] }, "geometry": { "type": "Point", "coordinates": [ 72.840242897090803, 19.195044359797624 ] } },
{ "type": "Feature", "properties": { "elevation": 2.3824031352996826, "depth": 7.0579347610473633, "osmid": 13037031267, "name": [ "nan" ] }, "geometry": { "type": "Point", "coordinates": [ 72.840172150592622, 19.194843471754499 ] } },
{ "type": "Feature", "properties": { "elevation": 4.7421793937683105, "depth": 1.2800378799438477, "osmid": 13420509725, "name": [ "Virar Garden Road" ] }, "geometry": { "type": "Point", "coordinates": [ 72.800775845603084, 19.444516597524181 ] } },
{ "type": "Feature", "properties": { "elevation": 3.9927718639373779, "depth": 2.1301047801971436, "osmid": 13420718477, "name": [ "nan" ] }, "geometry": { "type": "Point", "coordinates": [ 72.866444444861756, 19.286811790643362 ] } },
{ "type": "Feature", "properties": { "elevation": 3.1757380962371826, "depth": 1.2518484592437744, "osmid": 13479985737, "name": [ "nan" ] }, "geometry": { "type": "Point", "coordinates": [ 72.93994976341034, 19.287568923235373 ] } },
{ "type": "Feature", "properties": { "elevation": 5.0979008674621582, "depth": 2.5691781044006348, "osmid": 13526518111, "name": [ "nan" ] }, "geometry": { "type": "Point", "coordinates": [ 72.785135166135305, 19.37158522785727 ] } },
{ "type": "Feature", "properties": { "elevation": 4.5419168472290039, "depth": 1.2099771499633789, "osmid": 13526518115, "name": [ "nan" ] }, "geometry": { "type": "Point", "coordinates": [ 72.783639062544509, 19.373760999276175 ] } },
{ "type": "Feature", "properties": { "elevation": 4.5419168472290039, "depth": 1.2099771499633789, "osmid": 13526518120, "name": [ "nan" ] }, "geometry": { "type": "Point", "coordinates": [ 72.783636868891264, 19.373764750419731 ] } },
{ "type": "Feature", "properties": { "elevation": 3.0418703556060791, "depth": 1.5832145214080811, "osmid": 13584203893, "name": [ "Bapu Bagve Road" ] }, "geometry": { "type": "Point", "coordinates": [ 72.8560056606226, 19.255777857271298 ] } },
{ "type": "Feature", "properties": { "elevation": 1.0, "depth": 1.9567711353302002, "osmid": 13586189165, "name": [ "nan" ] }, "geometry": { "type": "Point", "coordinates": [ 72.890448536969998, 19.348212753565331 ] } },
{ "type": "Feature", "properties": { "elevation": 1.0, "depth": 1.9567711353302002, "osmid": 13586192211, "name": [ "nan" ] }, "geometry": { "type": "Point", "coordinates": [ 72.890455043674407, 19.348210054495222 ] } },
{ "type": "Feature", "properties": { "elevation": 4.0798130035400391, "depth": 2.1641025543212891, "osmid": 13593361283, "name": [ "Deepak Hospital Road" ] }, "geometry": { "type": "Point", "coordinates": [ 72.868234062364209, 19.300571327339082 ] } },
{ "type": "Feature", "properties": { "elevation": 5.9994144439697266, "depth": 2.2570915222167969, "osmid": 13594835491, "name": [ "nan" ] }, "geometry": { "type": "Point", "coordinates": [ 72.855894853094242, 19.310649778422491 ] } },
{ "type": "Feature", "properties": { "elevation": 5.9994144439697266, "depth": 2.2570915222167969, "osmid": 13594835494, "name": [ "nan" ] }, "geometry": { "type": "Point", "coordinates": [ 72.855894946839044, 19.310650021585033 ] } },
{ "type": "Feature", "properties": { "elevation": 3.6216106414794922, "depth": 1.4343013763427734, "osmid": 13595147042, "name": [ "nan" ] }, "geometry": { "type": "Point", "coordinates": [ 72.856030837284962, 19.313410416533191 ] } },
{ "type": "Feature", "properties": { "elevation": 4.0180249214172363, "depth": 3.9934935569763184, "osmid": 13597535917, "name": [ "Kanungo Road" ] }, "geometry": { "type": "Point", "coordinates": [ 72.858895261652492, 19.292027530402844 ] } },
{ "type": "Feature", "properties": { "elevation": 5.7752032279968262, "depth": 2.230837345123291, "osmid": 13601941449, "name": [ "Ghodbunder Service Road" ] }, "geometry": { "type": "Point", "coordinates": [ 72.956766821001096, 19.278884449111899 ] } },
{ "type": "Feature", "properties": { "elevation": 3.9556601047515869, "depth": 2.1792576313018799, "osmid": 13609142492, "name": [ "nan" ] }, "geometry": { "type": "Point", "coordinates": [ 72.852323101959271, 19.297182328836367 ] } },
{ "type": "Feature", "properties": { "elevation": 4.341033935546875, "depth": 1.4034867286682129, "osmid": 13613845571, "name": [ "nan" ] }, "geometry": { "type": "Point", "coordinates": [ 72.846779101942346, 19.303789432341926 ] } },
{ "type": "Feature", "properties": { "elevation": 4.7244448661804199, "depth": 3.7216639518737793, "osmid": 13651615237, "name": [ "Boraspada Road" ] }, "geometry": { "type": "Point", "coordinates": [ 72.847119114416927, 19.212253331648714 ] } },
{ "type": "Feature", "properties": { "elevation": 4.8065652847290039, "depth": 3.6575918197631836, "osmid": 13654019771, "name": [ "nan" ] }, "geometry": { "type": "Point", "coordinates": [ 72.836791544624887, 19.191509415789742 ] } },
{ "type": "Feature", "properties": { "elevation": 4.4834461212158203, "depth": 1.9735074043273926, "osmid": 13757946303, "name": [ "nan" ] }, "geometry": { "type": "Point", "coordinates": [ 72.845464453329967, 19.362647356900698 ] } },
{ "type": "Feature", "properties": { "elevation": 5.1058139801025391, "depth": 2.4455060958862305, "osmid": 13819263252, "name": [ "nan" ] }, "geometry": { "type": "Point", "coordinates": [ 72.821674210526837, 19.199768339527704 ] } },
{ "type": "Feature", "properties": { "elevation": 3.6740274429321289, "depth": 1.5235042572021484, "osmid": 13840173346, "name": [ "Srishti Road" ] }, "geometry": { "type": "Point", "coordinates": [ 72.869783633906096, 19.274437257402525 ] } },
{ "type": "Feature", "properties": { "elevation": 5.9297990798950195, "depth": 1.2532815933227539, "osmid": 13840831907, "name": [ "nan" ] }, "geometry": { "type": "Point", "coordinates": [ 72.889405898332569, 19.272433202505866 ] } },
{ "type": "Feature", "properties": { "elevation": 5.8859519958496094, "depth": 1.6342473030090332, "osmid": 13859586518, "name": [ "Thane Ghodbunder Road" ] }, "geometry": { "type": "Point", "coordinates": [ 72.937463984247472, 19.286162972823867 ] } },
{ "type": "Feature", "properties": { "elevation": 4.6584782600402832, "depth": 1.2049846649169922, "osmid": 13859586518, "name": [ "Thane Ghodbunder Road" ] }, "geometry": { "type": "Point", "coordinates": [ 72.938013926109093, 19.286749336049443 ] } },
{ "type": "Feature", "properties": { "elevation": 3.107266902923584, "depth": 1.7296919822692871, "osmid": 13896594157, "name": [ "nan" ] }, "geometry": { "type": "Point", "coordinates": [ 72.96660289885169, 19.16861837244123 ] } },
{ "type": "Feature", "properties": { "elevation": 5.0961313247680664, "depth": 1.9159879684448242, "osmid": 13904203209, "name": [ "nan" ] }, "geometry": { "type": "Point", "coordinates": [ 72.84317970791831, 19.239291975730701 ] } },
{ "type": "Feature", "properties": { "elevation": 0.75076627731323242, "depth": 1.6664144992828369, "osmid": 13909066662, "name": [ "Virar - Nailasopara Link Road" ] }, "geometry": { "type": "Point", "coordinates": [ 72.807323419170572, 19.439764975949927 ] } },
{ "type": "Feature", "properties": { "elevation": 4.0147418975830078, "depth": 1.2178483009338379, "osmid": 13911624188, "name": [ "nan" ] }, "geometry": { "type": "Point", "coordinates": [ 72.810281081738381, 19.430961757833906 ] } },
{ "type": "Feature", "properties": { "elevation": 3.6921062469482422, "depth": 3.9192037582397461, "osmid": 13911750727, "name": [ "nan" ] }, "geometry": { "type": "Point", "coordinates": [ 72.802992291959569, 19.417369350306998 ] } },
{ "type": "Feature", "properties": { "elevation": 4.8817505836486816, "depth": 1.2694039344787598, "osmid": 13911824419, "name": [ "nan" ] }, "geometry": { "type": "Point", "coordinates": [ 72.801461978633412, 19.411927468406773 ] } },
{ "type": "Feature", "properties": { "elevation": 5.1330294609069824, "depth": 1.8200521469116211, "osmid": 13942076728, "name": [ "Christian Ali Road" ] }, "geometry": { "type": "Point", "coordinates": [ 72.796657184042829, 19.440051984447244 ] } }
]
}
